Workbook
Name AlertAt: '⚙️ Setup'!$C$23
Name CountOrdered: '⚙️ Setup'!$C$26
Name Currency: '⚙️ Setup'!$C$21
Name DueSoonDays: '⚙️ Setup'!$C$24
Name EventDate: '⚙️ Setup'!$C$7
Name EventName: '⚙️ Setup'!$C$6
Name GiftCategories: OFFSET('⚙️ Setup'!$D$30,0,0,MAX(1,COUNTA('⚙️ Setup'!$D$30:$D$49)),1)
Name HidingSpots: OFFSET('⚙️ Setup'!$G$30,0,0,MAX(1,COUNTA('⚙️ Setup'!$G$30:$G$49)),1)
Name Occasions: OFFSET('_Data'!$A$2,0,0,COUNTA('_Data'!$A$2:$A$19),1)
Name OrderStatuses: '⚙️ Setup'!$C$54:$C$59
Name Priorities: '⚙️ Setup'!$D$54:$D$56
Name Recipients: OFFSET('⚙️ Setup'!$B$30,0,0,MAX(1,COUNTA('⚙️ Setup'!$B$30:$B$49)),1)
Name Relationships: OFFSET('⚙️ Setup'!$C$30,0,0,MAX(1,COUNTA('⚙️ Setup'!$C$30:$C$49)),1)
Name SecretMode: '⚙️ Setup'!$C$25
Name ShopCategories: OFFSET('⚙️ Setup'!$F$30,0,0,MAX(1,COUNTA('⚙️ Setup'!$F$30:$F$49)),1)
Name Statuses: '⚙️ Setup'!$B$54:$B$59
Name StockingItems: OFFSET('⚙️ Setup'!$J$30,0,0,MAX(1,COUNTA('⚙️ Setup'!$J$30:$J$49)),1)
Name StockingOwners: OFFSET('⚙️ Setup'!$I$30,0,0,MAX(1,COUNTA('⚙️ Setup'!$I$30:$I$49)),1)
Name Stores: OFFSET('⚙️ Setup'!$E$30,0,0,MAX(1,COUNTA('⚙️ Setup'!$E$30:$E$49)),1)
Name Tick: '⚙️ Setup'!$E$54:$E$55
Name TodoCategories: OFFSET('⚙️ Setup'!$H$30,0,0,MAX(1,COUNTA('⚙️ Setup'!$H$30:$H$49)),1)
Name TotalBudget: '⚙️ Setup'!$C$22

Sheet 🎄 Dashboard
B2: ="🎄 "&EventName&" "&TEXT(EventDate,"yyyy")&" • Gift Command Center" -> 🎄 Christmas 2026 • Gift Command Center
B3: =IF('_Data'!$AF$2>1,"⏳ "&'_Data'!$AF$2&" Days Until "&EventName&" 🎁",IF('_Data'!$AF$2=1,"⏳ Tomorrow is "&EventName&"! 🎁",IF('_Data'!$AF$2=0,"🎉 It's "&EventName&" today! 🎄","🎄 "&EventName&" "&TEXT(EventDate,"yyyy")&" has been and gone — set a new date in ⚙️ Setup"))) -> ⏳ 104 Days Until Christmas 🎁
B4: =TEXT(TODAY(),"dddd d mmmm yyyy")&" • "&EventName&" falls on "&TEXT(EventDate,"dddd d mmmm yyyy")&" • "&'_Data'!$AF$5&" of "&'_Data'!$AF$4&" gifts bought • "&'_Data'!$AF$6&" wrapped • "&'_Data'!$AF$7&" handed over" -> Saturday 12 September 2026 • Christmas falls on Friday 25 December 2026 • 18 of 25 gifts bought • 13 wrapped • 6 handed over
B6: 💰 BUDGET AT A GLANCE
B7: TOTAL CHRISTMAS BUDGET | E7: SPENT SO FAR | H7: STILL TO SPEND | K7: BUDGET USED
B8: =Currency&TEXT('_Data'!$AF$17,"#,##0") -> $1,500 | E8: =Currency&TEXT('_Data'!$AF$18,"#,##0") -> $1,318 | H8: =Currency&TEXT('_Data'!$AF$19,"#,##0") -> $182 | K8: ='_Data'!$AF$20 -> 0.87888
B9: Budget progress | D9: =IFERROR(REPT("█",ROUND(MIN(1,IFERROR(('_Data'!$AF$18)/('_Data'!$AF$17),0))*40,0))&REPT("░",40-ROUND(MIN(1,IFERROR(('_Data'!$AF$18)/('_Data'!$AF$17),0))*40,0)),"░░░░░░░░░░░░░░░░░░░░░░░░░░░░░░░░░░░░░░░░") -> ███████████████████████████████████░░░░░ | L9: =TEXT('_Data'!$AF$20,"0%")&" used" -> 88% used
B11: 🎁 GIFT PROGRESS
B12: 🎁 GIFTS PLANNED | E12: ✅ PURCHASED | H12: 🎀 WRAPPED | K12: 📦 DELIVERED / GIVEN
B13: ='_Data'!$AF$4 -> 25 | E13: ='_Data'!$AF$5&" / "&'_Data'!$AF$4 -> 18 / 25 | H13: ='_Data'!$AF$6 -> 13 | K13: ='_Data'!$AF$7 -> 6
B14: 🛒 STILL TO BUY | E14: 🛍️ ON ORDER | H14: 📈 COMPLETION | K14: 👥 AVG SPEND PER PERSON
B15: ='_Data'!$AF$8 -> 4 | E15: ='_Data'!$AF$9 -> 3 | H15: ='_Data'!$AF$12 -> 0.72 | K15: =Currency&TEXT('_Data'!$AF$14,"#,##0") -> $77
B16: Gift progress | D16: =IFERROR(REPT("█",ROUND(MIN(1,IFERROR(('_Data'!$AF$5)/('_Data'!$AF$4),0))*40,0))&REPT("░",40-ROUND(MIN(1,IFERROR(('_Data'!$AF$5)/('_Data'!$AF$4),0))*40,0)),"░░░░░░░░░░░░░░░░░░░░░░░░░░░░░░░░░░░░░░░░") -> █████████████████████████████░░░░░░░░░░░ | L16: ='_Data'!$AF$5&" / "&'_Data'!$AF$4&" gifts" -> 18 / 25 gifts
B18: 📊 WHERE THE MONEY GOES
B49: 🎯 WHAT'S LEFT TO DO | H49: ⏰ UPCOMING DEADLINES
B50: =IF('_Data'!$AF$8=0,"✅ Every gift is bought — nice work!","🛒 "&'_Data'!$AF$8&" gift(s) still to buy"&IF('_Data'!$AF$9>0," ("&'_Data'!$AF$9&" already on order)","")) -> 🛒 4 gift(s) still to buy (3 already on order) | H50: =IFERROR(SMALL('_Data'!$AA$2:$AA$141,1),"") -> 46346 | I50: =IF($H50="","— nothing scheduled —",IFERROR(INDEX('_Data'!$AB$2:$AB$141,MATCH(SMALL('_Data'!$AA$2:$AA$141,1),'_Data'!$AA$2:$AA$141,0)),"")) -> ✅ Address & write all cards | L50: =IF($H50="","",$H50-TODAY()) -> 69
B51: =IF('_Data'!$AF$10=0,"✅ Everything is wrapped","🎀 "&'_Data'!$AF$10&" present(s) still to wrap") -> 🎀 5 present(s) still to wrap | H51: =IFERROR(SMALL('_Data'!$AA$2:$AA$141,2),"") -> 46356 | I51: =IF($H51="","— nothing scheduled —",IFERROR(INDEX('_Data'!$AB$2:$AB$141,MATCH(SMALL('_Data'!$AA$2:$AA$141,2),'_Data'!$AA$2:$AA$141,0)),"")) -> ✅ Post the cards | L51: =IF($H51="","",$H51-TODAY()) -> 79
B52: =IF('_Data'!$AF$11=0,"✅ All wrapped gifts handed over","📦 "&'_Data'!$AF$11&" wrapped gift(s) not given yet") -> 📦 7 wrapped gift(s) not given yet | H52: =IFERROR(SMALL('_Data'!$AA$2:$AA$141,3),"") -> 46360 | I52: =IF($H52="","— nothing scheduled —",IFERROR(INDEX('_Data'!$AB$2:$AB$141,MATCH(SMALL('_Data'!$AA$2:$AA$141,3),'_Data'!$AA$2:$AA$141,0)),"")) -> ✅ Book travel / check the car | L52: =IF($H52="","",$H52-TODAY()) -> 83
B53: =IF('_Data'!$AF$17=0,"📝 Set your category budgets on the 💰 Budget tab",IF('_Data'!$AF$19<0,"🔴 Over budget by "&Currency&TEXT(-'_Data'!$AF$19,"#,##0"),IF('_Data'!$AF$20>=AlertAt,"⚠️ "&TEXT('_Data'!$AF$20,"0%")&" of the budget used — "&Currency&TEXT('_Data'!$AF$19,"#,##0")&" left to play with","💰 "&Currency&TEXT('_Data'!$AF$19,"#,##0")&" left to spend ("&TEXT('_Data'!$AF$20,"0%")&" used)"))) -> ⚠️ 88% of the budget used — $182 left to play with | H53: =IFERROR(SMALL('_Data'!$AA$2:$AA$141,4),"") -> 46363 | I53: =IF($H53="","— nothing scheduled —",IFERROR(INDEX('_Data'!$AB$2:$AB$141,MATCH(SMALL('_Data'!$AA$2:$AA$141,4),'_Data'!$AA$2:$AA$141,0)),"")) -> ✅ Prepare the stockings | L53: =IF($H53="","",$H53-TODAY()) -> 86
B54: =IF('_Data'!$AF$21=0,"🛍️ Your shopping list is empty",IF('_Data'!$AF$21='_Data'!$AF$22,"✅ Shopping list complete ("&'_Data'!$AF$21&" items)","🛍️ "&('_Data'!$AF$21-'_Data'!$AF$22)&" of "&'_Data'!$AF$21&" shopping items still to buy")) -> 🛍️ 11 of 24 shopping items still to buy | H54: =IFERROR(SMALL('_Data'!$AA$2:$AA$141,5),"") -> 46367 | I54: =IF($H54="","— nothing scheduled —",IFERROR(INDEX('_Data'!$AB$2:$AB$141,MATCH(SMALL('_Data'!$AA$2:$AA$141,5),'_Data'!$AA$2:$AA$141,0)),"")) -> ✅ Plan the Christmas dinner menu | L54: =IF($H54="","",$H54-TODAY()) -> 90
B55: =IF('_Data'!$AF$31=0,"📦 No online orders yet — log them on the 📦 Order Tracker",IF('_Data'!$AF$33>0,"🔴 "&'_Data'!$AF$33&" parcel(s) are late — chase them up","🚚 "&'_Data'!$AF$32&" parcel(s) still on the way")) -> 🚚 4 parcel(s) still on the way | H55: 🗓️ KEY DATES (calculated from your event date)
B56: =IF('_Data'!$AF$24=0,"💌 Add your card list to the 💌 Card Tracker",IF('_Data'!$AF$24='_Data'!$AF$26,"✅ All "&'_Data'!$AF$24&" cards are posted","💌 "&('_Data'!$AF$24-'_Data'!$AF$26)&" of "&'_Data'!$AF$24&" cards still to post")) -> 💌 7 of 14 cards still to post | H56: =EventDate-10 -> 46371 | I56: 📮 Last online order date | L56: =IF($H56-TODAY()<0,"✓ passed",$H56-TODAY()) -> 94
B57: =IF('_Data'!$AF$29=0,"🧦 Stockings not started — add fillers on the 🧦 Stockings tab",IF('_Data'!$AF$29='_Data'!$AF$30,"✅ All "&'_Data'!$AF$29&" stocking fillers bought","🧦 "&('_Data'!$AF$29-'_Data'!$AF$30)&" of "&'_Data'!$AF$29&" stocking fillers still to buy")) -> 🧦 3 of 16 stocking fillers still to buy | H57: =EventDate-14 -> 46367 | I57: 💌 Cards in the post by | L57: =IF($H57-TODAY()<0,"✓ passed",$H57-TODAY()) -> 90
B58: =IF('_Data'!$AF$35=0,"✅ No tasks on the checklist",IF('_Data'!$AF$37>0,"🔴 "&'_Data'!$AF$37&" overdue task(s) on the ✅ To-Do list","✅ "&'_Data'!$AF$36&" of "&'_Data'!$AF$35&" checklist tasks done")) -> ✅ 7 of 20 checklist tasks done | H58: =EventDate-2 -> 46379 | I58: 🎀 Wrapping day | L58: =IF($H58-TODAY()<0,"✓ passed",$H58-TODAY()) -> 102
B59: =IF('_Data'!$AF$38=0,"💡 Save gift ideas on the 💡 Wish List all year round","💡 "&'_Data'!$AF$38&" idea(s) saved — "&'_Data'!$AF$39&" of them must-haves") -> 💡 12 idea(s) saved — 5 of them must-haves | H59: =EventDate -> 46381 | I59: 🎄 The big day | L59: =IF($H59-TODAY()<0,"✓ passed",$H59-TODAY()) -> 104
B61: 🎅 PER-RECIPIENT SUMMARY (automatic)
B62: Recipient | D62: Budget | E62: Spent | F62: Remaining | G62: Gifts | H62: Bought | I62: Wrapped | J62: Given | K62: To buy | L62: Done % | M62: Progress
B63: ='_Data'!$H$2 -> Mum | D63: =IF($B63="","",'_Data'!$I$2) -> 105 | E63: =IF($B63="","",'_Data'!$J$2) -> 97.99 | F63: =IF(OR($B63="",'_Data'!$H$2=""),"",$D63-$E63) -> 7.01 | G63: =IF($B63="","",'_Data'!$K$2) -> 2 | H63: =IF($B63="","",'_Data'!$L$2) -> 2 | I63: =IF($B63="","",'_Data'!$M$2) -> 2 | J63: =IF($B63="","",'_Data'!$N$2) -> 0 | K63: =IF($B63="","",'_Data'!$O$2) -> 0 | L63: =IF($B63="","",'_Data'!$P$2) -> 1 | M63: =IF($B63="","",REPT("█",ROUND(IFERROR($L63,0)*10,0))&REPT("░",10-ROUND(IFERROR($L63,0)*10,0))) -> ██████████
B64: ='_Data'!$H$3 -> Dad | D64: =IF($B64="","",'_Data'!$I$3) -> 95 | E64: =IF($B64="","",'_Data'!$J$3) -> 93.5 | F64: =IF(OR($B64="",'_Data'!$H$3=""),"",$D64-$E64) -> 1.5 | G64: =IF($B64="","",'_Data'!$K$3) -> 2 | H64: =IF($B64="","",'_Data'!$L$3) -> 2 | I64: =IF($B64="","",'_Data'!$M$3) -> 2 | J64: =IF($B64="","",'_Data'!$N$3) -> 1 | K64: =IF($B64="","",'_Data'!$O$3) -> 0 | L64: =IF($B64="","",'_Data'!$P$3) -> 1 | M64: =IF($B64="","",REPT("█",ROUND(IFERROR($L64,0)*10,0))&REPT("░",10-ROUND(IFERROR($L64,0)*10,0))) -> ██████████
B65: ='_Data'!$H$4 -> Grandma Rose | D65: =IF($B65="","",'_Data'!$I$4) -> 135 | E65: =IF($B65="","",'_Data'!$J$4) -> 129.99 | F65: =IF(OR($B65="",'_Data'!$H$4=""),"",$D65-$E65) -> 5.01 | G65: =IF($B65="","",'_Data'!$K$4) -> 2 | H65: =IF($B65="","",'_Data'!$L$4) -> 1 | I65: =IF($B65="","",'_Data'!$M$4) -> 1 | J65: =IF($B65="","",'_Data'!$N$4) -> 0 | K65: =IF($B65="","",'_Data'!$O$4) -> 1 | L65: =IF($B65="","",'_Data'!$P$4) -> 0.5 | M65: =IF($B65="","",REPT("█",ROUND(IFERROR($L65,0)*10,0))&REPT("░",10-ROUND(IFERROR($L65,0)*10,0))) -> █████░░░░░
B66: ='_Data'!$H$5 -> Grandpa Joe | D66: =IF($B66="","",'_Data'!$I$5) -> 55 | E66: =IF($B66="","",'_Data'!$J$5) -> 49.5 | F66: =IF(OR($B66="",'_Data'!$H$5=""),"",$D66-$E66) -> 5.5 | G66: =IF($B66="","",'_Data'!$K$5) -> 2 | H66: =IF($B66="","",'_Data'!$L$5) -> 2 | I66: =IF($B66="","",'_Data'!$M$5) -> 2 | J66: =IF($B66="","",'_Data'!$N$5) -> 2 | K66: =IF($B66="","",'_Data'!$O$5) -> 0 | L66: =IF($B66="","",'_Data'!$P$5) -> 1 | M66: =IF($B66="","",REPT("█",ROUND(IFERROR($L66,0)*10,0))&REPT("░",10-ROUND(IFERROR($L66,0)*10,0))) -> ██████████
B67: ='_Data'!$H$6 -> Sister Emily | D67: =IF($B67="","",'_Data'!$I$6) -> 75 | E67: =IF($B67="","",'_Data'!$J$6) -> 48 | F67: =IF(OR($B67="",'_Data'!$H$6=""),"",$D67-$E67) -> 27 | G67: =IF($B67="","",'_Data'!$K$6) -> 2 | H67: =IF($B67="","",'_Data'!$L$6) -> 1 | I67: =IF($B67="","",'_Data'!$M$6) -> 1 | J67: =IF($B67="","",'_Data'!$N$6) -> 0 | K67: =IF($B67="","",'_Data'!$O$6) -> 1 | L67: =IF($B67="","",'_Data'!$P$6) -> 0.5 | M67: =IF($B67="","",REPT("█",ROUND(IFERROR($L67,0)*10,0))&REPT("░",10-ROUND(IFERROR($L67,0)*10,0))) -> █████░░░░░
B68: ='_Data'!$H$7 -> Brother Jack | D68: =IF($B68="","",'_Data'!$I$7) -> 115 | E68: =IF($B68="","",'_Data'!$J$7) -> 107.99 | F68: =IF(OR($B68="",'_Data'!$H$7=""),"",$D68-$E68) -> 7.01 | G68: =IF($B68="","",'_Data'!$K$7) -> 2 | H68: =IF($B68="","",'_Data'!$L$7) -> 1 | I68: =IF($B68="","",'_Data'!$M$7) -> 0 | J68: =IF($B68="","",'_Data'!$N$7) -> 0 | K68: =IF($B68="","",'_Data'!$O$7) -> 1 | L68: =IF($B68="","",'_Data'!$P$7) -> 0.5 | M68: =IF($B68="","",REPT("█",ROUND(IFERROR($L68,0)*10,0))&REPT("░",10-ROUND(IFERROR($L68,0)*10,0))) -> █████░░░░░
B69: ='_Data'!$H$8 -> Niece Sophie | D69: =IF($B69="","",'_Data'!$I$8) -> 67 | E69: =IF($B69="","",'_Data'!$J$8) -> 59.99 | F69: =IF(OR($B69="",'_Data'!$H$8=""),"",$D69-$E69) -> 7.01 | G69: =IF($B69="","",'_Data'!$K$8) -> 2 | H69: =IF($B69="","",'_Data'!$L$8) -> 2 | I69: =IF($B69="","",'_Data'!$M$8) -> 2 | J69: =IF($B69="","",'_Data'!$N$8) -> 1 | K69: =IF($B69="","",'_Data'!$O$8) -> 0 | L69: =IF($B69="","",'_Data'!$P$8) -> 1 | M69: =IF($B69="","",REPT("█",ROUND(IFERROR($L69,0)*10,0))&REPT("░",10-ROUND(IFERROR($L69,0)*10,0))) -> ██████████
B70: ='_Data'!$H$9 -> Nephew Leo | D70: =IF($B70="","",'_Data'!$I$9) -> 65 | E70: =IF($B70="","",'_Data'!$J$9) -> 36 | F70: =IF(OR($B70="",'_Data'!$H$9=""),"",$D70-$E70) -> 29 | G70: =IF($B70="","",'_Data'!$K$9) -> 2 | H70: =IF($B70="","",'_Data'!$L$9) -> 1 | I70: =IF($B70="","",'_Data'!$M$9) -> 0 | J70: =IF($B70="","",'_Data'!$N$9) -> 0 | K70: =IF($B70="","",'_Data'!$O$9) -> 1 | L70: =IF($B70="","",'_Data'!$P$9) -> 0.5 | M70: =IF($B70="","",REPT("█",ROUND(IFERROR($L70,0)*10,0))&REPT("░",10-ROUND(IFERROR($L70,0)*10,0))) -> █████░░░░░
B71: ='_Data'!$H$10 -> Alex (partner) | D71: =IF($B71="","",'_Data'!$I$10) -> 275 | E71: =IF($B71="","",'_Data'!$J$10) -> 254 | F71: =IF(OR($B71="",'_Data'!$H$10=""),"",$D71-$E71) -> 21 | G71: =IF($B71="","",'_Data'!$K$10) -> 2 | H71: =IF($B71="","",'_Data'!$L$10) -> 1 | I71: =IF($B71="","",'_Data'!$M$10) -> 0 | J71: =IF($B71="","",'_Data'!$N$10) -> 0 | K71: =IF($B71="","",'_Data'!$O$10) -> 1 | L71: =IF($B71="","",'_Data'!$P$10) -> 0.5 | M71: =IF($B71="","",REPT("█",ROUND(IFERROR($L71,0)*10,0))&REPT("░",10-ROUND(IFERROR($L71,0)*10,0))) -> █████░░░░░
B72: ='_Data'!$H$11 -> Maya (best friend) | D72: =IF($B72="","",'_Data'!$I$11) -> 52 | E72: =IF($B72="","",'_Data'!$J$11) -> 28.5 | F72: =IF(OR($B72="",'_Data'!$H$11=""),"",$D72-$E72) -> 23.5 | G72: =IF($B72="","",'_Data'!$K$11) -> 2 | H72: =IF($B72="","",'_Data'!$L$11) -> 1 | I72: =IF($B72="","",'_Data'!$M$11) -> 1 | J72: =IF($B72="","",'_Data'!$N$11) -> 1 | K72: =IF($B72="","",'_Data'!$O$11) -> 1 | L72: =IF($B72="","",'_Data'!$P$11) -> 0.5 | M72: =IF($B72="","",REPT("█",ROUND(IFERROR($L72,0)*10,0))&REPT("░",10-ROUND(IFERROR($L72,0)*10,0))) -> █████░░░░░
B73: ='_Data'!$H$12 -> Cousin Dan | D73: =IF($B73="","",'_Data'!$I$12) -> 65 | E73: =IF($B73="","",'_Data'!$J$12) -> 32 | F73: =IF(OR($B73="",'_Data'!$H$12=""),"",$D73-$E73) -> 33 | G73: =IF($B73="","",'_Data'!$K$12) -> 2 | H73: =IF($B73="","",'_Data'!$L$12) -> 1 | I73: =IF($B73="","",'_Data'!$M$12) -> 0 | J73: =IF($B73="","",'_Data'!$N$12) -> 0 | K73: =IF($B73="","",'_Data'!$O$12) -> 1 | L73: =IF($B73="","",'_Data'!$P$12) -> 0.5 | M73: =IF($B73="","",REPT("█",ROUND(IFERROR($L73,0)*10,0))&REPT("░",10-ROUND(IFERROR($L73,0)*10,0))) -> █████░░░░░
B74: ='_Data'!$H$13 -> Aunt Carol | D74: =IF($B74="","",'_Data'!$I$13) -> 58 | E74: =IF($B74="","",'_Data'!$J$13) -> 53.5 | F74: =IF(OR($B74="",'_Data'!$H$13=""),"",$D74-$E74) -> 4.5 | G74: =IF($B74="","",'_Data'!$K$13) -> 2 | H74: =IF($B74="","",'_Data'!$L$13) -> 2 | I74: =IF($B74="","",'_Data'!$M$13) -> 2 | J74: =IF($B74="","",'_Data'!$N$13) -> 1 | K74: =IF($B74="","",'_Data'!$O$13) -> 0 | L74: =IF($B74="","",'_Data'!$P$13) -> 1 | M74: =IF($B74="","",REPT("█",ROUND(IFERROR($L74,0)*10,0))&REPT("░",10-ROUND(IFERROR($L74,0)*10,0))) -> ██████████
B75: ='_Data'!$H$14 -> Uncle Bill | D75: =IF($B75="","",'_Data'!$I$14) -> 0 | E75: =IF($B75="","",'_Data'!$J$14) -> 0 | F75: =IF(OR($B75="",'_Data'!$H$14=""),"",$D75-$E75) -> 0 | G75: =IF($B75="","",'_Data'!$K$14) -> 0 | H75: =IF($B75="","",'_Data'!$L$14) -> 0 | I75: =IF($B75="","",'_Data'!$M$14) -> 0 | J75: =IF($B75="","",'_Data'!$N$14) -> 0 | K75: =IF($B75="","",'_Data'!$O$14) -> 0 | L75: =IF($B75="","",'_Data'!$P$14) | M75: =IF($B75="","",REPT("█",ROUND(IFERROR($L75,0)*10,0))&REPT("░",10-ROUND(IFERROR($L75,0)*10,0))) -> ░░░░░░░░░░
B76: ='_Data'!$H$15 -> Secret Santa | D76: =IF($B76="","",'_Data'!$I$15) -> 15 | E76: =IF($B76="","",'_Data'!$J$15) -> 12.99 | F76: =IF(OR($B76="",'_Data'!$H$15=""),"",$D76-$E76) -> 2.01 | G76: =IF($B76="","",'_Data'!$K$15) -> 1 | H76: =IF($B76="","",'_Data'!$L$15) -> 1 | I76: =IF($B76="","",'_Data'!$M$15) -> 0 | J76: =IF($B76="","",'_Data'!$N$15) -> 0 | K76: =IF($B76="","",'_Data'!$O$15) -> 0 | L76: =IF($B76="","",'_Data'!$P$15) -> 1 | M76: =IF($B76="","",REPT("█",ROUND(IFERROR($L76,0)*10,0))&REPT("░",10-ROUND(IFERROR($L76,0)*10,0))) -> ██████████
B77: ='_Data'!$H$16 | D77: =IF($B77="","",'_Data'!$I$16) | E77: =IF($B77="","",'_Data'!$J$16) | F77: =IF(OR($B77="",'_Data'!$H$16=""),"",$D77-$E77) | G77: =IF($B77="","",'_Data'!$K$16) | H77: =IF($B77="","",'_Data'!$L$16) | I77: =IF($B77="","",'_Data'!$M$16) | J77: =IF($B77="","",'_Data'!$N$16) | K77: =IF($B77="","",'_Data'!$O$16) | L77: =IF($B77="","",'_Data'!$P$16) | M77: =IF($B77="","",REPT("█",ROUND(IFERROR($L77,0)*10,0))&REPT("░",10-ROUND(IFERROR($L77,0)*10,0)))
B78: ='_Data'!$H$17 | D78: =IF($B78="","",'_Data'!$I$17) | E78: =IF($B78="","",'_Data'!$J$17) | F78: =IF(OR($B78="",'_Data'!$H$17=""),"",$D78-$E78) | G78: =IF($B78="","",'_Data'!$K$17) | H78: =IF($B78="","",'_Data'!$L$17) | I78: =IF($B78="","",'_Data'!$M$17) | J78: =IF($B78="","",'_Data'!$N$17) | K78: =IF($B78="","",'_Data'!$O$17) | L78: =IF($B78="","",'_Data'!$P$17) | M78: =IF($B78="","",REPT("█",ROUND(IFERROR($L78,0)*10,0))&REPT("░",10-ROUND(IFERROR($L78,0)*10,0)))
B79: EVERYBODY | D79: =SUM(D63:D78) -> 1177 | E79: =SUM(E63:E78) -> 1003.95 | F79: =SUM(F63:F78) -> 173.05 | G79: =SUM(G63:G78) -> 25 | H79: =SUM(H63:H78) -> 18 | I79: =SUM(I63:I78) -> 13 | J79: =SUM(J63:J78) -> 6 | K79: =SUM(K63:K78) -> 4 | L79: =IFERROR('_Data'!$AF$5/'_Data'!$AF$4,0) -> 0.72 | M79: =SUM(M63:M78) -> ███████░░░
B81: 🧭 JUMP STRAIGHT TO
B82: ▶ 🏠 Home | D82: 🎁 Gifts | F82: 💰 Budget | H82: 💡 Ideas | J82: 🛍️ Shop | L82: 📦 Orders
B83: 🎀 Wrap | D83: 💌 Cards | F83: 🧦 Stockings | H83: ✅ To-Do | J83: ⚙️ Setup | L83: 📖 Help
B85: Ultimate Christmas Gift Tracker v1.0 • Christmas • Birthdays • Holidays • Every Special Occasion • Excel 2016+ and Google Sheets • no macros • change the event date in ⚙️ Setup and the whole workbook follows

Sheet 🎁 Gift Tracker
B2: 🎁 Gift Tracker
B3: Every present in one place — type in the white cells, the tinted cells do the maths. | R3: 🏠 Back to Dashboard
B5: ="🎁 Planned: "&'_Data'!$AF$4 -> 🎁 Planned: 25 | E5: ="✅ Purchased: "&'_Data'!$AF$5 -> ✅ Purchased: 18 | H5: ="🎀 Wrapped: "&'_Data'!$AF$6 -> 🎀 Wrapped: 13 | K5: ="📦 Given: "&'_Data'!$AF$7 -> 📦 Given: 6 | N5: ="🛒 Still to buy: "&'_Data'!$AF$8 -> 🛒 Still to buy: 4 | Q5: ="💰 Spent on gifts: "&Currency&TEXT('_Data'!$AF$16,"#,##0") -> 💰 Spent on gifts: $1,004
B7: # | C7: Recipient | D7: Relationship | E7: Gift idea | F7: Category | G7: Store / where from | H7: Link | I7: 🔗 | J7: Budget | K7: Actual cost | L7: Under / over | M7: % of budget | N7: Status | O7: 🎀 Wrapped | P7: 📦 Given | Q7: Buy-by date | R7: Days left | S7: Deadline alert | T7: Notes
B8: =IF($C8="","",ROW()-7) -> 1 | C8: Mum | D8: Mum | E8: Cashmere scarf | F8: Clothing | G8: John Lewis | H8: https://www.johnlewis.com | I8: =IF($H8="","",HYPERLINK($H8,"🔗")) -> 🔗 | J8: 60 | K8: 55 | L8: =IF($K8="","",IF($J8="",0,$J8)-$K8) -> 5 | M8: =IF(OR($K8="",$J8="",$J8=0),"",$K8/$J8) -> 0.91666667 | N8: ✅ Purchased | O8: ✓ | Q8: 46371 | R8: =IF($Q8="","",$Q8-TODAY()) -> 94 | S8: =IF($C8="","",IF(OR($N8="📦 Delivered",$P8="✓"),"✅ Done",IF($Q8="","",IF($Q8<TODAY(),"🔴 Overdue",IF($Q8-TODAY()<=DueSoonDays,"🟠 Due soon","🟢 On track"))))) -> 🟢 On track | T8: Wanted burgundy or cream
B9: =IF($C9="","",ROW()-7) -> 2 | C9: Mum | D9: Mum | E9: Spa gift set | F9: Beauty | G9: Sephora | H9: https://www.sephora.com | I9: =IF($H9="","",HYPERLINK($H9,"🔗")) -> 🔗 | J9: 45 | K9: 42.99 | L9: =IF($K9="","",IF($J9="",0,$J9)-$K9) -> 2.01 | M9: =IF(OR($K9="",$J9="",$J9=0),"",$K9/$J9) -> 0.95533333 | N9: 🎀 Wrapped | O9: ✓ | Q9: 46371 | R9: =IF($Q9="","",$Q9-TODAY()) -> 94 | S9: =IF($C9="","",IF(OR($N9="📦 Delivered",$P9="✓"),"✅ Done",IF($Q9="","",IF($Q9<TODAY(),"🔴 Overdue",IF($Q9-TODAY()<=DueSoonDays,"🟠 Due soon","🟢 On track"))))) -> 🟢 On track
B10: =IF($C10="","",ROW()-7) -> 3 | C10: Dad | D10: Dad | E10: Leather wallet | F10: Clothing | G10: Amazon | H10: https://www.amazon.com | I10: =IF($H10="","",HYPERLINK($H10,"🔗")) -> 🔗 | J10: 40 | K10: 38.5 | L10: =IF($K10="","",IF($J10="",0,$J10)-$K10) -> 1.5 | M10: =IF(OR($K10="",$J10="",$J10=0),"",$K10/$J10) -> 0.9625 | N10: 📦 Delivered | O10: ✓ | P10: ✓ | Q10: 46367 | R10: =IF($Q10="","",$Q10-TODAY()) -> 90 | S10: =IF($C10="","",IF(OR($N10="📦 Delivered",$P10="✓"),"✅ Done",IF($Q10="","",IF($Q10<TODAY(),"🔴 Overdue",IF($Q10-TODAY()<=DueSoonDays,"🟠 Due soon","🟢 On track"))))) -> ✅ Done | T10: Engraved initials
B11: =IF($C11="","",ROW()-7) -> 4 | C11: Dad | D11: Dad | E11: Whisky tasting set | F11: Food & Drink | G11: Not On The High Street | H11: https://www.notonthehighstreet.com | I11: =IF($H11="","",HYPERLINK($H11,"🔗")) -> 🔗 | J11: 55 | K11: 55 | L11: =IF($K11="","",IF($J11="",0,$J11)-$K11) -> 0 | M11: =IF(OR($K11="",$J11="",$J11=0),"",$K11/$J11) -> 1 | N11: ✅ Purchased | O11: ✓ | Q11: 46373 | R11: =IF($Q11="","",$Q11-TODAY()) -> 96 | S11: =IF($C11="","",IF(OR($N11="📦 Delivered",$P11="✓"),"✅ Done",IF($Q11="","",IF($Q11<TODAY(),"🔴 Overdue",IF($Q11-TODAY()<=DueSoonDays,"🟠 Due soon","🟢 On track"))))) -> 🟢 On track
B12: =IF($C12="","",ROW()-7) -> 5 | C12: Grandma Rose | D12: Grandma | E12: Digital photo frame | F12: Electronics | G12: Amazon | H12: https://www.amazon.com | I12: =IF($H12="","",HYPERLINK($H12,"🔗")) -> 🔗 | J12: 90 | K12: 84.99 | L12: =IF($K12="","",IF($J12="",0,$J12)-$K12) -> 5.01 | M12: =IF(OR($K12="",$J12="",$J12=0),"",$K12/$J12) -> 0.94433333 | N12: 🛍️ Ordered | Q12: 46376 | R12: =IF($Q12="","",$Q12-TODAY()) -> 99 | S12: =IF($C12="","",IF(OR($N12="📦 Delivered",$P12="✓"),"✅ Done",IF($Q12="","",IF($Q12<TODAY(),"🔴 Overdue",IF($Q12-TODAY()<=DueSoonDays,"🟠 Due soon","🟢 On track"))))) -> 🟢 On track | T12: Pre-load family photos
B13: =IF($C13="","",ROW()-7) -> 6 | C13: Grandma Rose | D13: Grandma | E13: Chunky knitted blanket | F13: Handmade | G13: Etsy | H13: https://www.etsy.com | I13: =IF($H13="","",HYPERLINK($H13,"🔗")) -> 🔗 | J13: 45 | K13: 45 | L13: =IF($K13="","",IF($J13="",0,$J13)-$K13) -> 0 | M13: =IF(OR($K13="",$J13="",$J13=0),"",$K13/$J13) -> 1 | N13: 🎀 Wrapped | O13: ✓ | Q13: 46369 | R13: =IF($Q13="","",$Q13-TODAY()) -> 92 | S13: =IF($C13="","",IF(OR($N13="📦 Delivered",$P13="✓"),"✅ Done",IF($Q13="","",IF($Q13<TODAY(),"🔴 Overdue",IF($Q13-TODAY()<=DueSoonDays,"🟠 Due soon","🟢 On track"))))) -> 🟢 On track
B14: =IF($C14="","",ROW()-7) -> 7 | C14: Grandpa Joe | D14: Grandpa | E14: Crossword book bundle | F14: Books | G14: Local Bookshop | I14: =IF($H14="","",HYPERLINK($H14,"🔗")) | J14: 25 | K14: 22 | L14: =IF($K14="","",IF($J14="",0,$J14)-$K14) -> 3 | M14: =IF(OR($K14="",$J14="",$J14=0),"",$K14/$J14) -> 0.88 | N14: 📦 Delivered | O14: ✓ | P14: ✓ | Q14: 46365 | R14: =IF($Q14="","",$Q14-TODAY()) -> 88 | S14: =IF($C14="","",IF(OR($N14="📦 Delivered",$P14="✓"),"✅ Done",IF($Q14="","",IF($Q14<TODAY(),"🔴 Overdue",IF($Q14-TODAY()<=DueSoonDays,"🟠 Due soon","🟢 On track"))))) -> ✅ Done
B15: =IF($C15="","",ROW()-7) -> 8 | C15: Grandpa Joe | D15: Grandpa | E15: Heated slippers | F15: Clothing | G15: Amazon | H15: https://www.amazon.com | I15: =IF($H15="","",HYPERLINK($H15,"🔗")) -> 🔗 | J15: 30 | K15: 27.5 | L15: =IF($K15="","",IF($J15="",0,$J15)-$K15) -> 2.5 | M15: =IF(OR($K15="",$J15="",$J15=0),"",$K15/$J15) -> 0.91666667 | N15: 📦 Delivered | O15: ✓ | P15: ✓ | Q15: 46365 | R15: =IF($Q15="","",$Q15-TODAY()) -> 88 | S15: =IF($C15="","",IF(OR($N15="📦 Delivered",$P15="✓"),"✅ Done",IF($Q15="","",IF($Q15<TODAY(),"🔴 Overdue",IF($Q15-TODAY()<=DueSoonDays,"🟠 Due soon","🟢 On track"))))) -> ✅ Done
B16: =IF($C16="","",ROW()-7) -> 9 | C16: Sister Emily | D16: Sister | E16: Gold hoop earrings | F16: Jewellery | G16: Etsy | H16: https://www.etsy.com | I16: =IF($H16="","",HYPERLINK($H16,"🔗")) -> 🔗 | J16: 50 | K16: 48 | L16: =IF($K16="","",IF($J16="",0,$J16)-$K16) -> 2 | M16: =IF(OR($K16="",$J16="",$J16=0),"",$K16/$J16) -> 0.96 | N16: 🎀 Wrapped | O16: ✓ | Q16: 46375 | R16: =IF($Q16="","",$Q16-TODAY()) -> 98 | S16: =IF($C16="","",IF(OR($N16="📦 Delivered",$P16="✓"),"✅ Done",IF($Q16="","",IF($Q16<TODAY(),"🔴 Overdue",IF($Q16-TODAY()<=DueSoonDays,"🟠 Due soon","🟢 On track"))))) -> 🟢 On track
B17: =IF($C17="","",ROW()-7) -> 10 | C17: Sister Emily | D17: Sister | E17: Bath bomb gift box | F17: Beauty | G17: Sephora | H17: https://www.sephora.com | I17: =IF($H17="","",HYPERLINK($H17,"🔗")) -> 🔗 | J17: 25 | L17: =IF($K17="","",IF($J17="",0,$J17)-$K17) | M17: =IF(OR($K17="",$J17="",$J17=0),"",$K17/$J17) | N17: 🛒 Need to Buy | Q17: 46375 | R17: =IF($Q17="","",$Q17-TODAY()) -> 98 | S17: =IF($C17="","",IF(OR($N17="📦 Delivered",$P17="✓"),"✅ Done",IF($Q17="","",IF($Q17<TODAY(),"🔴 Overdue",IF($Q17-TODAY()<=DueSoonDays,"🟠 Due soon","🟢 On track"))))) -> 🟢 On track | T17: Check the winter collection
B18: =IF($C18="","",ROW()-7) -> 11 | C18: Brother Jack | D18: Brother | E18: Wireless earbuds | F18: Electronics | G18: Best Buy | H18: https://www.bestbuy.com | I18: =IF($H18="","",HYPERLINK($H18,"🔗")) -> 🔗 | J18: 80 | K18: 74.99 | L18: =IF($K18="","",IF($J18="",0,$J18)-$K18) -> 5.01 | M18: =IF(OR($K18="",$J18="",$J18=0),"",$K18/$J18) -> 0.937375 | N18: 🛍️ Ordered | Q18: 46377 | R18: =IF($Q18="","",$Q18-TODAY()) -> 100 | S18: =IF($C18="","",IF(OR($N18="📦 Delivered",$P18="✓"),"✅ Done",IF($Q18="","",IF($Q18<TODAY(),"🔴 Overdue",IF($Q18-TODAY()<=DueSoonDays,"🟠 Due soon","🟢 On track"))))) -> 🟢 On track | T18: Express delivery paid
B19: =IF($C19="","",ROW()-7) -> 12 | C19: Brother Jack | D19: Brother | E19: Craft beer hamper | F19: Food & Drink | G19: Tesco | I19: =IF($H19="","",HYPERLINK($H19,"🔗")) | J19: 35 | K19: 33 | L19: =IF($K19="","",IF($J19="",0,$J19)-$K19) -> 2 | M19: =IF(OR($K19="",$J19="",$J19=0),"",$K19/$J19) -> 0.94285714 | N19: ✅ Purchased | Q19: 46372 | R19: =IF($Q19="","",$Q19-TODAY()) -> 95 | S19: =IF($C19="","",IF(OR($N19="📦 Delivered",$P19="✓"),"✅ Done",IF($Q19="","",IF($Q19<TODAY(),"🔴 Overdue",IF($Q19-TODAY()<=DueSoonDays,"🟠 Due soon","🟢 On track"))))) -> 🟢 On track
B20: =IF($C20="","",ROW()-7) -> 13 | C20: Niece Sophie | D20: Niece | E20: LEGO Friends set | F20: Toys | G20: Amazon | H20: https://www.amazon.com | I20: =IF($H20="","",HYPERLINK($H20,"🔗")) -> 🔗 | J20: 45 | K20: 39.99 | L20: =IF($K20="","",IF($J20="",0,$J20)-$K20) -> 5.01 | M20: =IF(OR($K20="",$J20="",$J20=0),"",$K20/$J20) -> 0.88866667 | N20: 📦 Delivered | O20: ✓ | P20: ✓ | Q20: 46363 | R20: =IF($Q20="","",$Q20-TODAY()) -> 86 | S20: =IF($C20="","",IF(OR($N20="📦 Delivered",$P20="✓"),"✅ Done",IF($Q20="","",IF($Q20<TODAY(),"🔴 Overdue",IF($Q20-TODAY()<=DueSoonDays,"🟠 Due soon","🟢 On track"))))) -> ✅ Done | T20: Age 8 - checked the age guide
B21: =IF($C21="","",ROW()-7) -> 14 | C21: Niece Sophie | D21: Niece | E21: Art supplies case | F21: Kids | G21: Etsy | H21: https://www.etsy.com | I21: =IF($H21="","",HYPERLINK($H21,"🔗")) -> 🔗 | J21: 22 | K21: 20 | L21: =IF($K21="","",IF($J21="",0,$J21)-$K21) -> 2 | M21: =IF(OR($K21="",$J21="",$J21=0),"",$K21/$J21) -> 0.90909091 | N21: 🎀 Wrapped | O21: ✓ | Q21: 46374 | R21: =IF($Q21="","",$Q21-TODAY()) -> 97 | S21: =IF($C21="","",IF(OR($N21="📦 Delivered",$P21="✓"),"✅ Done",IF($Q21="","",IF($Q21<TODAY(),"🔴 Overdue",IF($Q21-TODAY()<=DueSoonDays,"🟠 Due soon","🟢 On track"))))) -> 🟢 On track
B22: =IF($C22="","",ROW()-7) -> 15 | C22: Nephew Leo | D22: Nephew | E22: Dinosaur museum tickets | F22: Experience | G22: Other | I22: =IF($H22="","",HYPERLINK($H22,"🔗")) | J22: 40 | K22: 36 | L22: =IF($K22="","",IF($J22="",0,$J22)-$K22) -> 4 | M22: =IF(OR($K22="",$J22="",$J22=0),"",$K22/$J22) -> 0.9 | N22: ✅ Purchased | Q22: 46378 | R22: =IF($Q22="","",$Q22-TODAY()) -> 101 | S22: =IF($C22="","",IF(OR($N22="📦 Delivered",$P22="✓"),"✅ Done",IF($Q22="","",IF($Q22<TODAY(),"🔴 Overdue",IF($Q22-TODAY()<=DueSoonDays,"🟠 Due soon","🟢 On track"))))) -> 🟢 On track | T22: Print the voucher
B23: =IF($C23="","",ROW()-7) -> 16 | C23: Nephew Leo | D23: Nephew | E23: Graphic novel bundle | F23: Books | G23: Local Bookshop | I23: =IF($H23="","",HYPERLINK($H23,"🔗")) | J23: 25 | L23: =IF($K23="","",IF($J23="",0,$J23)-$K23) | M23: =IF(OR($K23="",$J23="",$J23=0),"",$K23/$J23) | N23: 💡 Idea | Q23: 46378 | R23: =IF($Q23="","",$Q23-TODAY()) -> 101 | S23: =IF($C23="","",IF(OR($N23="📦 Delivered",$P23="✓"),"✅ Done",IF($Q23="","",IF($Q23<TODAY(),"🔴 Overdue",IF($Q23-TODAY()<=DueSoonDays,"🟠 Due soon","🟢 On track"))))) -> 🟢 On track | T23: Ask Emily what he is reading
B24: =IF($C24="","",ROW()-7) -> 17 | C24: Alex (partner) | D24: Partner | E24: Weekend getaway | F24: Experience | G24: Other | I24: =IF($H24="","",HYPERLINK($H24,"🔗")) | J24: 180 | K24: 165 | L24: =IF($K24="","",IF($J24="",0,$J24)-$K24) -> 15 | M24: =IF(OR($K24="",$J24="",$J24=0),"",$K24/$J24) -> 0.91666667 | N24: ✅ Purchased | Q24: 46379 | R24: =IF($Q24="","",$Q24-TODAY()) -> 102 | S24: =IF($C24="","",IF(OR($N24="📦 Delivered",$P24="✓"),"✅ Done",IF($Q24="","",IF($Q24<TODAY(),"🔴 Overdue",IF($Q24-TODAY()<=DueSoonDays,"🟠 Due soon","🟢 On track"))))) -> 🟢 On track | T24: Booked, no wrapping!
B25: =IF($C25="","",ROW()-7) -> 18 | C25: Alex (partner) | D25: Partner | E25: Engraved watch | F25: Jewellery | G25: Etsy | H25: https://www.etsy.com | I25: =IF($H25="","",HYPERLINK($H25,"🔗")) -> 🔗 | J25: 95 | K25: 89 | L25: =IF($K25="","",IF($J25="",0,$J25)-$K25) -> 6 | M25: =IF(OR($K25="",$J25="",$J25=0),"",$K25/$J25) -> 0.93684211 | N25: 🛍️ Ordered | Q25: 46376 | R25: =IF($Q25="","",$Q25-TODAY()) -> 99 | S25: =IF($C25="","",IF(OR($N25="📦 Delivered",$P25="✓"),"✅ Done",IF($Q25="","",IF($Q25<TODAY(),"🔴 Overdue",IF($Q25-TODAY()<=DueSoonDays,"🟠 Due soon","🟢 On track"))))) -> 🟢 On track
B26: =IF($C26="","",ROW()-7) -> 19 | C26: Maya (best friend) | D26: Friend | E26: Scented candle trio | F26: Home | G26: Not On The High Street | H26: https://www.notonthehighstreet.com | I26: =IF($H26="","",HYPERLINK($H26,"🔗")) -> 🔗 | J26: 30 | K26: 28.5 | L26: =IF($K26="","",IF($J26="",0,$J26)-$K26) -> 1.5 | M26: =IF(OR($K26="",$J26="",$J26=0),"",$K26/$J26) -> 0.95 | N26: 📦 Delivered | O26: ✓ | P26: ✓ | Q26: 46361 | R26: =IF($Q26="","",$Q26-TODAY()) -> 84 | S26: =IF($C26="","",IF(OR($N26="📦 Delivered",$P26="✓"),"✅ Done",IF($Q26="","",IF($Q26<TODAY(),"🔴 Overdue",IF($Q26-TODAY()<=DueSoonDays,"🟠 Due soon","🟢 On track"))))) -> ✅ Done
B27: =IF($C27="","",ROW()-7) -> 20 | C27: Maya (best friend) | D27: Friend | E27: Baking cookbook | F27: Books | G27: Amazon | H27: https://www.amazon.com | I27: =IF($H27="","",HYPERLINK($H27,"🔗")) -> 🔗 | J27: 22 | L27: =IF($K27="","",IF($J27="",0,$J27)-$K27) | M27: =IF(OR($K27="",$J27="",$J27=0),"",$K27/$J27) | N27: 🛒 Need to Buy | Q27: 46375 | R27: =IF($Q27="","",$Q27-TODAY()) -> 98 | S27: =IF($C27="","",IF(OR($N27="📦 Delivered",$P27="✓"),"✅ Done",IF($Q27="","",IF($Q27<TODAY(),"🔴 Overdue",IF($Q27-TODAY()<=DueSoonDays,"🟠 Due soon","🟢 On track"))))) -> 🟢 On track
B28: =IF($C28="","",ROW()-7) -> 21 | C28: Cousin Dan | D28: Cousin | E28: Strategy board game | F28: Games | G28: Target | H28: https://www.target.com | I28: =IF($H28="","",HYPERLINK($H28,"🔗")) -> 🔗 | J28: 35 | K28: 32 | L28: =IF($K28="","",IF($J28="",0,$J28)-$K28) -> 3 | M28: =IF(OR($K28="",$J28="",$J28=0),"",$K28/$J28) -> 0.91428571 | N28: ✅ Purchased | Q28: 46373 | R28: =IF($Q28="","",$Q28-TODAY()) -> 96 | S28: =IF($C28="","",IF(OR($N28="📦 Delivered",$P28="✓"),"✅ Done",IF($Q28="","",IF($Q28<TODAY(),"🔴 Overdue",IF($Q28-TODAY()<=DueSoonDays,"🟠 Due soon","🟢 On track"))))) -> 🟢 On track
B29: =IF($C29="","",ROW()-7) -> 22 | C29: Cousin Dan | D29: Cousin | E29: Coffee bean subscription | F29: Food & Drink | G29: Etsy | H29: https://www.etsy.com | I29: =IF($H29="","",HYPERLINK($H29,"🔗")) -> 🔗 | J29: 30 | L29: =IF($K29="","",IF($J29="",0,$J29)-$K29) | M29: =IF(OR($K29="",$J29="",$J29=0),"",$K29/$J29) | N29: 🛒 Need to Buy | Q29: 46373 | R29: =IF($Q29="","",$Q29-TODAY()) -> 96 | S29: =IF($C29="","",IF(OR($N29="📦 Delivered",$P29="✓"),"✅ Done",IF($Q29="","",IF($Q29<TODAY(),"🔴 Overdue",IF($Q29-TODAY()<=DueSoonDays,"🟠 Due soon","🟢 On track"))))) -> 🟢 On track | T29: 3-month subscription
B30: =IF($C30="","",ROW()-7) -> 23 | C30: Aunt Carol | D30: Aunt | E30: Silk scarf | F30: Clothing | G30: M&S | H30: https://www.marksandspencer.com | I30: =IF($H30="","",HYPERLINK($H30,"🔗")) -> 🔗 | J30: 40 | K30: 37.5 | L30: =IF($K30="","",IF($J30="",0,$J30)-$K30) -> 2.5 | M30: =IF(OR($K30="",$J30="",$J30=0),"",$K30/$J30) -> 0.9375 | N30: 📦 Delivered | O30: ✓ | P30: ✓ | Q30: 46360 | R30: =IF($Q30="","",$Q30-TODAY()) -> 83 | S30: =IF($C30="","",IF(OR($N30="📦 Delivered",$P30="✓"),"✅ Done",IF($Q30="","",IF($Q30<TODAY(),"🔴 Overdue",IF($Q30-TODAY()<=DueSoonDays,"🟠 Due soon","🟢 On track"))))) -> ✅ Done
B31: =IF($C31="","",ROW()-7) -> 24 | C31: Aunt Carol | D31: Aunt | E31: Garden gloves & tool set | F31: Home | G31: Amazon | H31: https://www.amazon.com | I31: =IF($H31="","",HYPERLINK($H31,"🔗")) -> 🔗 | J31: 18 | K31: 16 | L31: =IF($K31="","",IF($J31="",0,$J31)-$K31) -> 2 | M31: =IF(OR($K31="",$J31="",$J31=0),"",$K31/$J31) -> 0.88888889 | N31: 🎀 Wrapped | O31: ✓ | Q31: 46374 | R31: =IF($Q31="","",$Q31-TODAY()) -> 97 | S31: =IF($C31="","",IF(OR($N31="📦 Delivered",$P31="✓"),"✅ Done",IF($Q31="","",IF($Q31<TODAY(),"🔴 Overdue",IF($Q31-TODAY()<=DueSoonDays,"🟠 Due soon","🟢 On track"))))) -> 🟢 On track
B32: =IF($C32="","",ROW()-7) -> 25 | C32: Secret Santa | D32: Secret Santa | E32: Novelty reindeer mug | F32: Other | G32: Target | H32: https://www.target.com | I32: =IF($H32="","",HYPERLINK($H32,"🔗")) -> 🔗 | J32: 15 | K32: 12.99 | L32: =IF($K32="","",IF($J32="",0,$J32)-$K32) -> 2.01 | M32: =IF(OR($K32="",$J32="",$J32=0),"",$K32/$J32) -> 0.866 | N32: ✅ Purchased | Q32: 46377 | R32: =IF($Q32="","",$Q32-TODAY()) -> 100 | S32: =IF($C32="","",IF(OR($N32="📦 Delivered",$P32="✓"),"✅ Done",IF($Q32="","",IF($Q32<TODAY(),"🔴 Overdue",IF($Q32-TODAY()<=DueSoonDays,"🟠 Due soon","🟢 On track"))))) -> 🟢 On track | T32: Office Secret Santa - $15 limit
B33: =IF($C33="","",ROW()-7) | I33: =IF($H33="","",HYPERLINK($H33,"🔗")) | L33: =IF($K33="","",IF($J33="",0,$J33)-$K33) | M33: =IF(OR($K33="",$J33="",$J33=0),"",$K33/$J33) | R33: =IF($Q33="","",$Q33-TODAY()) | S33: =IF($C33="","",IF(OR($N33="📦 Delivered",$P33="✓"),"✅ Done",IF($Q33="","",IF($Q33<TODAY(),"🔴 Overdue",IF($Q33-TODAY()<=DueSoonDays,"🟠 Due soon","🟢 On track")))))
B34: =IF($C34="","",ROW()-7) | I34: =IF($H34="","",HYPERLINK($H34,"🔗")) | L34: =IF($K34="","",IF($J34="",0,$J34)-$K34) | M34: =IF(OR($K34="",$J34="",$J34=0),"",$K34/$J34) | R34: =IF($Q34="","",$Q34-TODAY()) | S34: =IF($C34="","",IF(OR($N34="📦 Delivered",$P34="✓"),"✅ Done",IF($Q34="","",IF($Q34<TODAY(),"🔴 Overdue",IF($Q34-TODAY()<=DueSoonDays,"🟠 Due soon","🟢 On track")))))
B35: =IF($C35="","",ROW()-7) | I35: =IF($H35="","",HYPERLINK($H35,"🔗")) | L35: =IF($K35="","",IF($J35="",0,$J35)-$K35) | M35: =IF(OR($K35="",$J35="",$J35=0),"",$K35/$J35) | R35: =IF($Q35="","",$Q35-TODAY()) | S35: =IF($C35="","",IF(OR($N35="📦 Delivered",$P35="✓"),"✅ Done",IF($Q35="","",IF($Q35<TODAY(),"🔴 Overdue",IF($Q35-TODAY()<=DueSoonDays,"🟠 Due soon","🟢 On track")))))
B36: =IF($C36="","",ROW()-7) | I36: =IF($H36="","",HYPERLINK($H36,"🔗")) | L36: =IF($K36="","",IF($J36="",0,$J36)-$K36) | M36: =IF(OR($K36="",$J36="",$J36=0),"",$K36/$J36) | R36: =IF($Q36="","",$Q36-TODAY()) | S36: =IF($C36="","",IF(OR($N36="📦 Delivered",$P36="✓"),"✅ Done",IF($Q36="","",IF($Q36<TODAY(),"🔴 Overdue",IF($Q36-TODAY()<=DueSoonDays,"🟠 Due soon","🟢 On track")))))
B37: =IF($C37="","",ROW()-7) | I37: =IF($H37="","",HYPERLINK($H37,"🔗")) | L37: =IF($K37="","",IF($J37="",0,$J37)-$K37) | M37: =IF(OR($K37="",$J37="",$J37=0),"",$K37/$J37) | R37: =IF($Q37="","",$Q37-TODAY()) | S37: =IF($C37="","",IF(OR($N37="📦 Delivered",$P37="✓"),"✅ Done",IF($Q37="","",IF($Q37<TODAY(),"🔴 Overdue",IF($Q37-TODAY()<=DueSoonDays,"🟠 Due soon","🟢 On track")))))
B38: =IF($C38="","",ROW()-7) | I38: =IF($H38="","",HYPERLINK($H38,"🔗")) | L38: =IF($K38="","",IF($J38="",0,$J38)-$K38) | M38: =IF(OR($K38="",$J38="",$J38=0),"",$K38/$J38) | R38: =IF($Q38="","",$Q38-TODAY()) | S38: =IF($C38="","",IF(OR($N38="📦 Delivered",$P38="✓"),"✅ Done",IF($Q38="","",IF($Q38<TODAY(),"🔴 Overdue",IF($Q38-TODAY()<=DueSoonDays,"🟠 Due soon","🟢 On track")))))
B39: =IF($C39="","",ROW()-7) | I39: =IF($H39="","",HYPERLINK($H39,"🔗")) | L39: =IF($K39="","",IF($J39="",0,$J39)-$K39) | M39: =IF(OR($K39="",$J39="",$J39=0),"",$K39/$J39) | R39: =IF($Q39="","",$Q39-TODAY()) | S39: =IF($C39="","",IF(OR($N39="📦 Delivered",$P39="✓"),"✅ Done",IF($Q39="","",IF($Q39<TODAY(),"🔴 Overdue",IF($Q39-TODAY()<=DueSoonDays,"🟠 Due soon","🟢 On track")))))
B40: =IF($C40="","",ROW()-7) | I40: =IF($H40="","",HYPERLINK($H40,"🔗")) | L40: =IF($K40="","",IF($J40="",0,$J40)-$K40) | M40: =IF(OR($K40="",$J40="",$J40=0),"",$K40/$J40) | R40: =IF($Q40="","",$Q40-TODAY()) | S40: =IF($C40="","",IF(OR($N40="📦 Delivered",$P40="✓"),"✅ Done",IF($Q40="","",IF($Q40<TODAY(),"🔴 Overdue",IF($Q40-TODAY()<=DueSoonDays,"🟠 Due soon","🟢 On track")))))
B41: =IF($C41="","",ROW()-7) | I41: =IF($H41="","",HYPERLINK($H41,"🔗")) | L41: =IF($K41="","",IF($J41="",0,$J41)-$K41) | M41: =IF(OR($K41="",$J41="",$J41=0),"",$K41/$J41) | R41: =IF($Q41="","",$Q41-TODAY()) | S41: =IF($C41="","",IF(OR($N41="📦 Delivered",$P41="✓"),"✅ Done",IF($Q41="","",IF($Q41<TODAY(),"🔴 Overdue",IF($Q41-TODAY()<=DueSoonDays,"🟠 Due soon","🟢 On track")))))
B42: =IF($C42="","",ROW()-7) | I42: =IF($H42="","",HYPERLINK($H42,"🔗")) | L42: =IF($K42="","",IF($J42="",0,$J42)-$K42) | M42: =IF(OR($K42="",$J42="",$J42=0),"",$K42/$J42) | R42: =IF($Q42="","",$Q42-TODAY()) | S42: =IF($C42="","",IF(OR($N42="📦 Delivered",$P42="✓"),"✅ Done",IF($Q42="","",IF($Q42<TODAY(),"🔴 Overdue",IF($Q42-TODAY()<=DueSoonDays,"🟠 Due soon","🟢 On track")))))
B43: =IF($C43="","",ROW()-7) | I43: =IF($H43="","",HYPERLINK($H43,"🔗")) | L43: =IF($K43="","",IF($J43="",0,$J43)-$K43) | M43: =IF(OR($K43="",$J43="",$J43=0),"",$K43/$J43) | R43: =IF($Q43="","",$Q43-TODAY()) | S43: =IF($C43="","",IF(OR($N43="📦 Delivered",$P43="✓"),"✅ Done",IF($Q43="","",IF($Q43<TODAY(),"🔴 Overdue",IF($Q43-TODAY()<=DueSoonDays,"🟠 Due soon","🟢 On track")))))
B44: =IF($C44="","",ROW()-7) | I44: =IF($H44="","",HYPERLINK($H44,"🔗")) | L44: =IF($K44="","",IF($J44="",0,$J44)-$K44) | M44: =IF(OR($K44="",$J44="",$J44=0),"",$K44/$J44) | R44: =IF($Q44="","",$Q44-TODAY()) | S44: =IF($C44="","",IF(OR($N44="📦 Delivered",$P44="✓"),"✅ Done",IF($Q44="","",IF($Q44<TODAY(),"🔴 Overdue",IF($Q44-TODAY()<=DueSoonDays,"🟠 Due soon","🟢 On track")))))
... B67: =IF($C67="","",ROW()-7) | I67: =IF($H67="","",HYPERLINK($H67,"🔗")) | L67: =IF($K67="","",IF($J67="",0,$J67)-$K67) | M67: =IF(OR($K67="",$J67="",$J67=0),"",$K67/$J67) | R67: =IF($Q67="","",$Q67-TODAY()) | S67: =IF($C67="","",IF(OR($N67="📦 Delivered",$P67="✓"),"✅ Done",IF($Q67="","",IF($Q67<TODAY(),"🔴 Overdue",IF($Q67-TODAY()<=DueSoonDays,"🟠 Due soon","🟢 On track")))))
B69: TOTALS — gift list | J69: =SUM($J$8:$J$67) -> 1177 | K69: =SUM($K$8:$K$67) -> 1003.95 | L69: =SUM($L$8:$L$67) -> 173.05 | M69: =IFERROR(SUM($K$8:$K$67)/SUM($J$8:$J$67),"") -> 0.85297366 | N69: ="✅ "&'_Data'!$AF$5&" of "&'_Data'!$AF$4&" gifts bought • 🎀 "&'_Data'!$AF$6&" wrapped • 📦 "&'_Data'!$AF$7&" handed over" -> ✅ 18 of 25 gifts bought • 🎀 13 wrapped • 📦 6 handed over
B71: 💡 How this tab works
B72: • One row = one present. Need more than 60? Click row 67, drag down, and the formulas, dropdowns and colours come with it. • Status is the pipeline (💡 → 📦). The 🎀 Wrapped and 📦 Given tick boxes are quick shortcuts — ticking one, or moving the status on, both count. • Paste a product link in the Link column and the 🔗 column turns into a clickable button. • Everything on the 🎄 Dashboard, the 💰 Budget tab and the 🎀 Wrapping tab reads from this sheet — you never re-type a gift twice.
B74: 🏠 Home | D74: ▶ 🎁 Gifts | F74: 💰 Budget | H74: 💡 Ideas | J74: 🛍️ Shop | L74: 📦 Orders | N74: 🎀 Wrap | P74: 💌 Cards | R74: 🧦 Stockings
B75: ✅ To-Do | D75: ⚙️ Setup | F75: 📖 Help
B77: Ultimate Christmas Gift Tracker v1.0 • Christmas • Birthdays • Holidays • Every Special Occasion

Sheet 💰 Budget
B2: 💰 Christmas Budget
B3: Plan it, watch it, and get told the moment you are about to overspend. | I3: 🏠 Back to Dashboard
B7: 💰 MONEY OVERVIEW
B8: TOTAL PLANNED BUDGET | D8: SPENT SO FAR | F8: STILL TO SPEND | H8: BUDGET USED | J8: ⚠️ BUDGET ALERT
B9: =Currency&TEXT(SUM($C$15:$C$24),"#,##0") -> $1,500 | D9: =Currency&TEXT(SUM($F$15:$F$24),"#,##0") -> $1,318 | F9: =Currency&TEXT(SUM($C$15:$C$24)-SUM($F$15:$F$24),"#,##0") -> $182 | H9: =IFERROR(SUM($F$15:$F$24)/SUM($C$15:$C$24),0) -> 0.87888 | J9: =IF(SUM($C$15:$C$24)<=0,"📝 Add your planned budgets below to switch on the alerts.",IF(SUM($F$15:$F$24)>SUM($C$15:$C$24),"🔴 Over budget by "&Currency&TEXT(SUM($F$15:$F$24)-SUM($C$15:$C$24),"#,##0.00")&" — pause the non-essentials.",IF(SUM($F$15:$F$24)/SUM($C$15:$C$24)>=AlertAt,"⚠️ You've spent "&TEXT(SUM($F$15:$F$24)/SUM($C$15:$C$24),"0%")&" of your "&EventName&" budget — "&Currency&TEXT(SUM($C$15:$C$24)-SUM($F$15:$F$24),"#,##0.00")&" left to play with.","🟢 On track — "&TEXT(SUM($F$15:$F$24)/SUM($C$15:$C$24),"0%")&" used, "&Currency&TEXT(SUM($C$15:$C$24)-SUM($F$15:$F$24),"#,##0.00")&" still to spend."))) -> ⚠️ You've spent 88% of your Christmas budget — $181.68 left.
B10: Budget progress | D10: =IFERROR(REPT("█",ROUND(MIN(1,SUM($F$15:$F$24)/SUM($C$15:$C$24))*34,0))&REPT("░",34-ROUND(MIN(1,SUM($F$15:$F$24)/SUM($C$15:$C$24))*34,0))&" "&TEXT(SUM($F$15:$F$24)/SUM($C$15:$C$24),"0%"),"░░░") -> ████████████████░░ 88%
B11: ="🎁 Gifts are "&TEXT(IFERROR($F15/SUM($F$15:$F$24),0),"0%")&" of everything" -> 🎁 Gifts are 76% of everything | D11: ="📈 Biggest spend: "&IFERROR(INDEX($B$15:$B$24,MATCH(MAX($F$15:$F$24),$F$15:$F$24,0)),"—") -> 📈 Biggest spend: 🎁 Gifts | G11: =COUNTIF($G$15:$G$24,"<0")&" over budget" -> 3 over budget | I11: ="🎯 Target "&Currency&TEXT(TotalBudget,"#,##0")&" • planned "&Currency&TEXT(SUM($C$15:$C$24),"#,##0") -> 🎯 Target $1,500 • planned $1,500
B13: 📋 BUDGET BY CATEGORY (white = you type, tinted = automatic)
B14: Category | C14: Planned budget | D14: Extra spend (type here) | E14: Pulled in automatically | F14: Total spent | G14: Remaining | H14: % used | I14: Status | J14: Progress | K14: Notes
B15: 🎁 Gifts | C15: 850 | E15: =SUM('🎁 Gift Tracker'!$K$8:$K$67)+SUMIFS('🛍️ Shopping List'!$K$8:$K$52,'🛍️ Shopping List'!$D$8:$D$52,"Gifts") -> 1003.95 | F15: =$D15+$E15 -> 1003.95 | G15: =$C15-$F15 -> 46.05 | H15: =IF($C15=0,"",$F15/$C15) -> 0.95614286 | I15: =IF($C15=0,"⚪ Set a plan",IF($F15>$C15,"🔴 Over budget",IF($F15/$C15>=AlertAt,"🟠 Nearly there",IF($F15=0,"⚪ Not started","🟢 On track")))) -> 🟠 Nearly there | J15: =IF($C15=0,"—",REPT("█",ROUND(MIN(1,IFERROR($F15/$C15,0))*12,0))&REPT("░",12-ROUND(MIN(1,IFERROR($F15/$C15,0))*12,0))&" "&TEXT(IFERROR($F15/$C15,0),"0%")) -> ███████████░ 96%
B16: 🧦 Stocking stuffers | C16: 140 | E16: =SUM('🧦 Stockings'!$J$8:$J$52)+SUMIFS('🛍️ Shopping List'!$K$8:$K$52,'🛍️ Shopping List'!$D$8:$D$52,"Stockings") -> 124.3 | F16: =$D16+$E16 -> 124.3 | G16: =$C16-$F16 -> -4.3 | H16: =IF($C16=0,"",$F16/$C16) -> 1.0358333 | I16: =IF($C16=0,"⚪ Set a plan",IF($F16>$C16,"🔴 Over budget",IF($F16/$C16>=AlertAt,"🟠 Nearly there",IF($F16=0,"⚪ Not started","🟢 On track")))) -> 🔴 Over budget | J16: =IF($C16=0,"—",REPT("█",ROUND(MIN(1,IFERROR($F16/$C16,0))*12,0))&REPT("░",12-ROUND(MIN(1,IFERROR($F16/$C16,0))*12,0))&" "&TEXT(IFERROR($F16/$C16,0),"0%")) -> ████████████ 100%
B17: 🎀 Wrapping & packaging | C17: 55 | E17: =SUMIFS('🛍️ Shopping List'!$K$8:$K$52,'🛍️ Shopping List'!$D$8:$D$52,"Wrapping") -> 24.3 | F17: =$D17+$E17 -> 24.3 | G17: =$C17-$F17 -> 25.7 | H17: =IF($C17=0,"",$F17/$C17) -> 0.486 | I17: =IF($C17=0,"⚪ Set a plan",IF($F17>$C17,"🔴 Over budget",IF($F17/$C17>=AlertAt,"🟠 Nearly there",IF($F17=0,"⚪ Not started","🟢 On track")))) -> 🟢 On track | J17: =IF($C17=0,"—",REPT("█",ROUND(MIN(1,IFERROR($F17/$C17,0))*12,0))&REPT("░",12-ROUND(MIN(1,IFERROR($F17/$C17,0))*12,0))&" "&TEXT(IFERROR($F17/$C17,0),"0%")) -> ██████░░░░░░ 49%
B18: 💌 Cards & postage | C18: 40 | E18: =SUMIFS('🛍️ Shopping List'!$K$8:$K$52,'🛍️ Shopping List'!$D$8:$D$52,"Cards")+SUMIFS('🛍️ Shopping List'!$K$8:$K$52,'🛍️ Shopping List'!$D$8:$D$52,"Postage")+SUM('💌 Card Tracker'!$K$8:$K$47) -> 37.98 | F18: =$D18+$E18 -> 37.98 | G18: =$C18-$F18 -> -2.98 | H18: =IF($C18=0,"",$F18/$C18) -> 1.0851429 | I18: =IF($C18=0,"⚪ Set a plan",IF($F18>$C18,"🔴 Over budget",IF($F18/$C18>=AlertAt,"🟠 Nearly there",IF($F18=0,"⚪ Not started","🟢 On track")))) -> 🔴 Over budget | J18: =IF($C18=0,"—",REPT("█",ROUND(MIN(1,IFERROR($F18/$C18,0))*12,0))&REPT("░",12-ROUND(MIN(1,IFERROR($F18/$C18,0))*12,0))&" "&TEXT(IFERROR($F18/$C18,0),"0%")) -> ████████████ 100%
B19: 🍝 Food & drink | C19: 200 | E19: =SUMIFS('🛍️ Shopping List'!$K$8:$K$52,'🛍️ Shopping List'!$D$8:$D$52,"Food") -> 22.5 | F19: =$D19+$E19 -> 22.5 | G19: =$C19-$F19 -> 107.5 | H19: =IF($C19=0,"",$F19/$C19) -> 0.17307692 | I19: =IF($C19=0,"⚪ Set a plan",IF($F19>$C19,"🔴 Over budget",IF($F19/$C19>=AlertAt,"🟠 Nearly there",IF($F19=0,"⚪ Not started","🟢 On track")))) -> 🟢 On track | J19: =IF($C19=0,"—",REPT("█",ROUND(MIN(1,IFERROR($F19/$C19,0))*12,0))&REPT("░",12-ROUND(MIN(1,IFERROR($F19/$C19,0))*12,0))&" "&TEXT(IFERROR($F19/$C19,0),"0%")) -> ██░░░░░░░░░░ 17%
B20: 🍪 Baking & treats | C20: 35 | E20: =SUMIFS('🛍️ Shopping List'!$K$8:$K$52,'🛍️ Shopping List'!$D$8:$D$52,"Baking") -> 10.9 | F20: =$D20+$E20 -> 10.9 | G20: =$C20-$F20 -> 14.1 | H20: =IF($C20=0,"",$F20/$C20) -> 0.436 | I20: =IF($C20=0,"⚪ Set a plan",IF($F20>$C20,"🔴 Over budget",IF($F20/$C20>=AlertAt,"🟠 Nearly there",IF($F20=0,"⚪ Not started","🟢 On track")))) -> 🟢 On track | J20: =IF($C20=0,"—",REPT("█",ROUND(MIN(1,IFERROR($F20/$C20,0))*12,0))&REPT("░",12-ROUND(MIN(1,IFERROR($F20/$C20,0))*12,0))&" "&TEXT(IFERROR($F20/$C20,0),"0%")) -> █████░░░░░░░ 44%
B21: 🎄 Decorations & tree | C21: 60 | E21: =SUMIFS('🛍️ Shopping List'!$K$8:$K$52,'🛍️ Shopping List'!$D$8:$D$52,"Decorations") -> 30.99 | F21: =$D21+$E21 -> 30.99 | G21: =$C21-$F21 -> 9.01 | H21: =IF($C21=0,"",$F21/$C21) -> 0.77475 | I21: =IF($C21=0,"⚪ Set a plan",IF($F21>$C21,"🔴 Over budget",IF($F21/$C21>=AlertAt,"🟠 Nearly there",IF($F21=0,"⚪ Not started","🟢 On track")))) -> 🟢 On track | J21: =IF($C21=0,"—",REPT("█",ROUND(MIN(1,IFERROR($F21/$C21,0))*12,0))&REPT("░",12-ROUND(MIN(1,IFERROR($F21/$C21,0))*12,0))&" "&TEXT(IFERROR($F21/$C21,0),"0%")) -> █████████░░░ 77%
B22: 🎉 Party & entertaining | C22: 45 | E22: =SUMIFS('🛍️ Shopping List'!$K$8:$K$52,'🛍️ Shopping List'!$D$8:$D$52,"Party Supplies") -> 0 | F22: =$D22+$E22 -> 0 | G22: =$C22-$F22 -> 25 | H22: =IF($C22=0,"",$F22/$C22) -> 0 | I22: =IF($C22=0,"⚪ Set a plan",IF($F22>$C22,"🔴 Over budget",IF($F22/$C22>=AlertAt,"🟠 Nearly there",IF($F22=0,"⚪ Not started","🟢 On track")))) -> ⚪ Not started | J22: =IF($C22=0,"—",REPT("█",ROUND(MIN(1,IFERROR($F22/$C22,0))*12,0))&REPT("░",12-ROUND(MIN(1,IFERROR($F22/$C22,0))*12,0))&" "&TEXT(IFERROR($F22/$C22,0),"0%")) -> ░░░░░░░░░░░░ 0%
B23: 🚗 Travel | C23: 35 | D23: 38.4 | E23: =SUMIFS('🛍️ Shopping List'!$K$8:$K$52,'🛍️ Shopping List'!$D$8:$D$52,"Travel") -> 0 | F23: =$D23+$E23 -> 38.4 | G23: =$C23-$F23 -> -38.4 | H23: =IF($C23=0,"",$F23/$C23) | I23: =IF($C23=0,"⚪ Set a plan",IF($F23>$C23,"🔴 Over budget",IF($F23/$C23>=AlertAt,"🟠 Nearly there",IF($F23=0,"⚪ Not started","🟢 On track")))) -> ⚪ Set a plan | J23: =IF($C23=0,"—",REPT("█",ROUND(MIN(1,IFERROR($F23/$C23,0))*12,0))&REPT("░",12-ROUND(MIN(1,IFERROR($F23/$C23,0))*12,0))&" "&TEXT(IFERROR($F23/$C23,0),"0%")) -> —
B24: ❤ Charity & other | C24: 40 | E24: =SUMIFS('🛍️ Shopping List'!$K$8:$K$52,'🛍️ Shopping List'!$D$8:$D$52,"Charity")+SUMIFS('🛍️ Shopping List'!$K$8:$K$52,'🛍️ Shopping List'!$D$8:$D$52,"Other") -> 25 | F24: =$D24+$E24 -> 25 | G24: =$C24-$F24 -> 0 | H24: =IF($C24=0,"",$F24/$C24) -> 1 | I24: =IF($C24=0,"⚪ Set a plan",IF($F24>$C24,"🔴 Over budget",IF($F24/$C24>=AlertAt,"🟠 Nearly there",IF($F24=0,"⚪ Not started","🟢 On track")))) -> 🟠 Nearly there | J24: =IF($C24=0,"—",REPT("█",ROUND(MIN(1,IFERROR($F24/$C24,0))*12,0))&REPT("░",12-ROUND(MIN(1,IFERROR($F24/$C24,0))*12,0))&" "&TEXT(IFERROR($F24/$C24,0),"0%")) -> ████████████ 100%
B25: TOTAL | C25: =SUM($C$15:$C$24) -> 1500 | D25: =SUM($D$15:$D$24) -> 38.4 | E25: =SUM($E$15:$E$24) -> 1279.92 | F25: =SUM($F$15:$F$24) -> 1318.32 | G25: =SUM($G$15:$G$24) -> 181.68 | H25: =IFERROR(SUM($F$15:$F$24)/SUM($C$15:$C$24),"") -> 0.87888 | I25: =IF(SUM($C$15:$C$24)=0,"—","Budget "&TEXT(SUM($F$15:$F$24)/SUM($C$15:$C$24),"0%")&" used • "&Currency&TEXT(SUM($C$15:$C$24)-SUM($F$15:$F$24),"#,##0")&" left") -> Budget 88% used • $182 left
B27: 📊 BUDGET vs ACTUAL
B44: 💡 How this tab works
B45: • “Planned budget” and “Extra spend” are the only two columns you type in. • “Pulled in automatically” adds up the money from the 🎁 Gift Tracker, 🛍️ Shopping List, 🧦 Stockings and 💌 Card postage — so this total is always honest. • Set the warning level in ⚙️ Setup (“Warn me when spending reaches”). At that point the alert card, the status column and the dashboard all change colour. • Add your own category? Insert a row above the TOTAL row and everything (including the charts) picks it up.
B47: 🏠 Home | D47: 🎁 Gifts | F47: ▶ 💰 Budget | H47: 💡 Ideas | J47: 🛍️ Shop
B48: 📦 Orders | D48: 🎀 Wrap | F48: 💌 Cards | H48: 🧦 Stockings | J48: ✅ To-Do
B49: ⚙️ Setup | D49: 📖 Help
B51: Ultimate Christmas Gift Tracker v1.0 • Christmas • Birthdays • Holidays • Every Special Occasion

Sheet 💡 Wish List
B2: 💡 Wish List & Gift Ideas
B3: Hints all year round, ranked by how much they really want them. | I3: 🏠 Back to Dashboard
B5: ="💡 Ideas saved: "&'_Data'!$AF$38 -> 💡 Ideas saved: 12 | D5: ="⭐ Must-haves: "&'_Data'!$AF$39 -> ⭐ Must-haves: 5 | F5: ="💰 Value of ideas: "&Currency&TEXT('_Data'!$AF$40,"#,##0") -> 💰 Value of ideas: $590 | H5: ="✔ Already on the gift list: "&COUNTIF('💡 Wish List'!$J$8:$J$47,"✔ In gift tracker") -> ✔ Already on the gift list: 7 | J5: ="➕ Still to move across: "&COUNTIF('💡 Wish List'!$J$8:$J$47,"➕ Not yet") -> ➕ Still to move across: 5
B7: # | C7: Person | D7: Gift idea | E7: Category | F7: Link | G7: 🔗 | H7: Price seen | I7: Priority | J7: On the gift list? | K7: Notes
B8: =IF($D8="","",ROW()-7) -> 1 | C8: Alex (partner) | D8: Engraved watch | E8: Jewellery | F8: https://www.etsy.com/listing/watch | G8: =IF($F8="","",HYPERLINK($F8,"🔗")) -> 🔗 | H8: 95 | I8: ⭐⭐⭐ Must Have | J8: =IF(OR($C8="",$D8=""),"",IF(COUNTIFS('🎁 Gift Tracker'!$C$8:$C$67,$C8,'🎁 Gift Tracker'!$E$8:$E$67,$D8)>0,"✔ In gift tracker","➕ Not yet")) -> ✔ In gift tracker | K8: Mentioned it in October
B9: =IF($D9="","",ROW()-7) -> 2 | C9: Alex (partner) | D9: Cast iron skillet | E9: Home | F9: https://www.amazon.com | G9: =IF($F9="","",HYPERLINK($F9,"🔗")) -> 🔗 | H9: 45 | I9: ⭐⭐ Maybe | J9: =IF(OR($C9="",$D9=""),"",IF(COUNTIFS('🎁 Gift Tracker'!$C$8:$C$67,$C9,'🎁 Gift Tracker'!$E$8:$E$67,$D9)>0,"✔ In gift tracker","➕ Not yet")) -> ➕ Not yet | K9: For the new kitchen
B10: =IF($D10="","",ROW()-7) -> 3 | C10: Mum | D10: Cashmere scarf | E10: Clothing | F10: https://www.johnlewis.com | G10: =IF($F10="","",HYPERLINK($F10,"🔗")) -> 🔗 | H10: 60 | I10: ⭐⭐⭐ Must Have | J10: =IF(OR($C10="",$D10=""),"",IF(COUNTIFS('🎁 Gift Tracker'!$C$8:$C$67,$C10,'🎁 Gift Tracker'!$E$8:$E$67,$D10)>0,"✔ In gift tracker","➕ Not yet")) -> ✔ In gift tracker | K10: Burgundy or cream
B11: =IF($D11="","",ROW()-7) -> 4 | C11: Mum | D11: Gardening book | E11: Books | G11: =IF($F11="","",HYPERLINK($F11,"🔗")) | H11: 18 | I11: ⭐ Low Priority | J11: =IF(OR($C11="",$D11=""),"",IF(COUNTIFS('🎁 Gift Tracker'!$C$8:$C$67,$C11,'🎁 Gift Tracker'!$E$8:$E$67,$D11)>0,"✔ In gift tracker","➕ Not yet")) -> ➕ Not yet
B12: =IF($D12="","",ROW()-7) -> 5 | C12: Sister Emily | D12: Bath bomb gift box | E12: Beauty | F12: https://www.sephora.com | G12: =IF($F12="","",HYPERLINK($F12,"🔗")) -> 🔗 | H12: 25 | I12: ⭐⭐⭐ Must Have | J12: =IF(OR($C12="",$D12=""),"",IF(COUNTIFS('🎁 Gift Tracker'!$C$8:$C$67,$C12,'🎁 Gift Tracker'!$E$8:$E$67,$D12)>0,"✔ In gift tracker","➕ Not yet")) -> ✔ In gift tracker | K12: On the wish list she sent
B13: =IF($D13="","",ROW()-7) -> 6 | C13: Sister Emily | D13: Silk pillowcase | E13: Home | F13: https://www.amazon.com | G13: =IF($F13="","",HYPERLINK($F13,"🔗")) -> 🔗 | H13: 32 | I13: ⭐⭐ Maybe | J13: =IF(OR($C13="",$D13=""),"",IF(COUNTIFS('🎁 Gift Tracker'!$C$8:$C$67,$C13,'🎁 Gift Tracker'!$E$8:$E$67,$D13)>0,"✔ In gift tracker","➕ Not yet")) -> ➕ Not yet
B14: =IF($D14="","",ROW()-7) -> 7 | C14: Nephew Leo | D14: Graphic novel bundle | E14: Books | G14: =IF($F14="","",HYPERLINK($F14,"🔗")) | H14: 25 | I14: ⭐⭐ Maybe | J14: =IF(OR($C14="",$D14=""),"",IF(COUNTIFS('🎁 Gift Tracker'!$C$8:$C$67,$C14,'🎁 Gift Tracker'!$E$8:$E$67,$D14)>0,"✔ In gift tracker","➕ Not yet")) -> ✔ In gift tracker | K14: Ages 10-12
B15: =IF($D15="","",ROW()-7) -> 8 | C15: Niece Sophie | D15: Watercolour set | E15: Kids | F15: https://www.etsy.com | G15: =IF($F15="","",HYPERLINK($F15,"🔗")) -> 🔗 | H15: 20 | I15: ⭐ Low Priority | J15: =IF(OR($C15="",$D15=""),"",IF(COUNTIFS('🎁 Gift Tracker'!$C$8:$C$67,$C15,'🎁 Gift Tracker'!$E$8:$E$67,$D15)>0,"✔ In gift tracker","➕ Not yet")) -> ➕ Not yet
B16: =IF($D16="","",ROW()-7) -> 9 | C16: Grandma Rose | D16: Digital photo frame | E16: Electronics | F16: https://www.amazon.com | G16: =IF($F16="","",HYPERLINK($F16,"🔗")) -> 🔗 | H16: 90 | I16: ⭐⭐⭐ Must Have | J16: =IF(OR($C16="",$D16=""),"",IF(COUNTIFS('🎁 Gift Tracker'!$C$8:$C$67,$C16,'🎁 Gift Tracker'!$E$8:$E$67,$D16)>0,"✔ In gift tracker","➕ Not yet")) -> ✔ In gift tracker | K16: Big buttons, simple menu
B17: =IF($D17="","",ROW()-7) -> 10 | C17: Brother Jack | D17: Wireless earbuds | E17: Electronics | F17: https://www.bestbuy.com | G17: =IF($F17="","",HYPERLINK($F17,"🔗")) -> 🔗 | H17: 80 | I17: ⭐⭐⭐ Must Have | J17: =IF(OR($C17="",$D17=""),"",IF(COUNTIFS('🎁 Gift Tracker'!$C$8:$C$67,$C17,'🎁 Gift Tracker'!$E$8:$E$67,$D17)>0,"✔ In gift tracker","➕ Not yet")) -> ✔ In gift tracker
B18: =IF($D18="","",ROW()-7) -> 11 | C18: Maya (best friend) | D18: Pottery class for two | E18: Experience | G18: =IF($F18="","",HYPERLINK($F18,"🔗")) | H18: 70 | I18: ⭐⭐ Maybe | J18: =IF(OR($C18="",$D18=""),"",IF(COUNTIFS('🎁 Gift Tracker'!$C$8:$C$67,$C18,'🎁 Gift Tracker'!$E$8:$E$67,$D18)>0,"✔ In gift tracker","➕ Not yet")) -> ➕ Not yet | K18: Birthday idea for March
B19: =IF($D19="","",ROW()-7) -> 12 | C19: Cousin Dan | D19: Coffee bean subscription | E19: Food & Drink | F19: https://www.etsy.com | G19: =IF($F19="","",HYPERLINK($F19,"🔗")) -> 🔗 | H19: 30 | I19: ⭐ Low Priority | J19: =IF(OR($C19="",$D19=""),"",IF(COUNTIFS('🎁 Gift Tracker'!$C$8:$C$67,$C19,'🎁 Gift Tracker'!$E$8:$E$67,$D19)>0,"✔ In gift tracker","➕ Not yet")) -> ✔ In gift tracker
B20: =IF($D20="","",ROW()-7) | G20: =IF($F20="","",HYPERLINK($F20,"🔗")) | J20: =IF(OR($C20="",$D20=""),"",IF(COUNTIFS('🎁 Gift Tracker'!$C$8:$C$67,$C20,'🎁 Gift Tracker'!$E$8:$E$67,$D20)>0,"✔ In gift tracker","➕ Not yet"))
B21: =IF($D21="","",ROW()-7) | G21: =IF($F21="","",HYPERLINK($F21,"🔗")) | J21: =IF(OR($C21="",$D21=""),"",IF(COUNTIFS('🎁 Gift Tracker'!$C$8:$C$67,$C21,'🎁 Gift Tracker'!$E$8:$E$67,$D21)>0,"✔ In gift tracker","➕ Not yet"))
B22: =IF($D22="","",ROW()-7) | G22: =IF($F22="","",HYPERLINK($F22,"🔗")) | J22: =IF(OR($C22="",$D22=""),"",IF(COUNTIFS('🎁 Gift Tracker'!$C$8:$C$67,$C22,'🎁 Gift Tracker'!$E$8:$E$67,$D22)>0,"✔ In gift tracker","➕ Not yet"))
B23: =IF($D23="","",ROW()-7) | G23: =IF($F23="","",HYPERLINK($F23,"🔗")) | J23: =IF(OR($C23="",$D23=""),"",IF(COUNTIFS('🎁 Gift Tracker'!$C$8:$C$67,$C23,'🎁 Gift Tracker'!$E$8:$E$67,$D23)>0,"✔ In gift tracker","➕ Not yet"))
B24: =IF($D24="","",ROW()-7) | G24: =IF($F24="","",HYPERLINK($F24,"🔗")) | J24: =IF(OR($C24="",$D24=""),"",IF(COUNTIFS('🎁 Gift Tracker'!$C$8:$C$67,$C24,'🎁 Gift Tracker'!$E$8:$E$67,$D24)>0,"✔ In gift tracker","➕ Not yet"))
B25: =IF($D25="","",ROW()-7) | G25: =IF($F25="","",HYPERLINK($F25,"🔗")) | J25: =IF(OR($C25="",$D25=""),"",IF(COUNTIFS('🎁 Gift Tracker'!$C$8:$C$67,$C25,'🎁 Gift Tracker'!$E$8:$E$67,$D25)>0,"✔ In gift tracker","➕ Not yet"))
B26: =IF($D26="","",ROW()-7) | G26: =IF($F26="","",HYPERLINK($F26,"🔗")) | J26: =IF(OR($C26="",$D26=""),"",IF(COUNTIFS('🎁 Gift Tracker'!$C$8:$C$67,$C26,'🎁 Gift Tracker'!$E$8:$E$67,$D26)>0,"✔ In gift tracker","➕ Not yet"))
B27: =IF($D27="","",ROW()-7) | G27: =IF($F27="","",HYPERLINK($F27,"🔗")) | J27: =IF(OR($C27="",$D27=""),"",IF(COUNTIFS('🎁 Gift Tracker'!$C$8:$C$67,$C27,'🎁 Gift Tracker'!$E$8:$E$67,$D27)>0,"✔ In gift tracker","➕ Not yet"))
B28: =IF($D28="","",ROW()-7) | G28: =IF($F28="","",HYPERLINK($F28,"🔗")) | J28: =IF(OR($C28="",$D28=""),"",IF(COUNTIFS('🎁 Gift Tracker'!$C$8:$C$67,$C28,'🎁 Gift Tracker'!$E$8:$E$67,$D28)>0,"✔ In gift tracker","➕ Not yet"))
B29: =IF($D29="","",ROW()-7) | G29: =IF($F29="","",HYPERLINK($F29,"🔗")) | J29: =IF(OR($C29="",$D29=""),"",IF(COUNTIFS('🎁 Gift Tracker'!$C$8:$C$67,$C29,'🎁 Gift Tracker'!$E$8:$E$67,$D29)>0,"✔ In gift tracker","➕ Not yet"))
B30: =IF($D30="","",ROW()-7) | G30: =IF($F30="","",HYPERLINK($F30,"🔗")) | J30: =IF(OR($C30="",$D30=""),"",IF(COUNTIFS('🎁 Gift Tracker'!$C$8:$C$67,$C30,'🎁 Gift Tracker'!$E$8:$E$67,$D30)>0,"✔ In gift tracker","➕ Not yet"))
B31: =IF($D31="","",ROW()-7) | G31: =IF($F31="","",HYPERLINK($F31,"🔗")) | J31: =IF(OR($C31="",$D31=""),"",IF(COUNTIFS('🎁 Gift Tracker'!$C$8:$C$67,$C31,'🎁 Gift Tracker'!$E$8:$E$67,$D31)>0,"✔ In gift tracker","➕ Not yet"))
... B47: =IF($D47="","",ROW()-7) | G47: =IF($F47="","",HYPERLINK($F47,"🔗")) | J47: =IF(OR($C47="",$D47=""),"",IF(COUNTIFS('🎁 Gift Tracker'!$C$8:$C$67,$C47,'🎁 Gift Tracker'!$E$8:$E$67,$D47)>0,"✔ In gift tracker","➕ Not yet"))
B49: TOTALS | H49: =SUM($H$8:$H$47) -> 590 | J49: =COUNTIF($J$8:$J$47,"➕ Not yet")&" idea(s) still to move across" -> 5 idea(s) still to move across
B51: 💡 How this tab works
B52: • Use this tab all year: when somebody mentions something in March, write it here and forget about it until November. • “On the gift list?” checks the 🎁 Gift Tracker for the same person + same idea, so you always know what still needs moving across. • To move an idea over: copy the person and idea cells, paste them into a new row on the 🎁 Gift Tracker, then set the status to 🛒 Need to Buy. • Sort by Priority (Data → Sort, or use the filter arrows) to build the shopping list in the right order.
B54: 🏠 Home | D54: 🎁 Gifts | F54: 💰 Budget | H54: ▶ 💡 Ideas | J54: 🛍️ Shop
B55: 📦 Orders | D55: 🎀 Wrap | F55: 💌 Cards | H55: 🧦 Stockings | J55: ✅ To-Do
B56: ⚙️ Setup | D56: 📖 Help
B58: Ultimate Christmas Gift Tracker v1.0 • Christmas • Birthdays • Holidays • Every Special Occasion

Sheet 🛍️ Shopping List
B2: 🛍️ Shopping List
B3: Wrapping, cards, baking, decorations, party bits — the stuff that quietly eats the budget. | K3: 🏠 Back to Dashboard
B5: ="📝 Items: "&'_Data'!$AF$21 -> 📝 Items: 24 | E5: ="✅ Bought: "&'_Data'!$AF$22 -> ✅ Bought: 13 | G5: ="💰 Spent: "&Currency&TEXT('_Data'!$AF$23,"#,##0") -> 💰 Spent: $163 | I5: ="💵 Estimated: "&Currency&TEXT(SUM('🛍️ Shopping List'!$H$8:$H$52),"#,##0") -> 💵 Estimated: $351 | K5: ="📊 Progress: "&TEXT(IFERROR('_Data'!$AF$22/'_Data'!$AF$21,0),"0%") -> 📊 Progress: 54%
B7: # | C7: Item | D7: Category | E7: Store | F7: Qty | G7: Unit cost | H7: Total (auto) | I7: Bought | J7: Actual cost | K7: In budget (auto) | L7: Link | M7: Notes
B8: =IF($C8="","",ROW()-7) -> 1 | C8: Wrapping paper - 3 roll pack | D8: Wrapping | E8: Target | F8: 3 | G8: 4 | H8: =IF($G8="","",IF($F8="",1,$F8)*$G8) -> 12 | I8: ✓ | J8: 11.5 | K8: =IF($I8="✓",IF($J8<>"",$J8,IF($H8<>"",$H8,0)),0) -> 11.5 | M8: Gold foil design
B9: =IF($C9="","",ROW()-7) -> 2 | C9: Ribbon - red & gold | D9: Wrapping | E9: Amazon | F9: 2 | G9: 3.5 | H9: =IF($G9="","",IF($F9="",1,$F9)*$G9) -> 7 | I9: ✓ | J9: 6.8 | K9: =IF($I9="✓",IF($J9<>"",$J9,IF($H9<>"",$H9,0)),0) -> 6.8
B10: =IF($C10="","",ROW()-7) -> 3 | C10: Gift tags (pack of 50) | D10: Wrapping | E10: Etsy | F10: 1 | G10: 6 | H10: =IF($G10="","",IF($F10="",1,$F10)*$G10) -> 6 | I10: ✓ | J10: 6 | K10: =IF($I10="✓",IF($J10<>"",$J10,IF($H10<>"",$H10,0)),0) -> 6 | M10: Hand-lettered
B11: =IF($C11="","",ROW()-7) -> 4 | C11: Sticky tape & scissors | D11: Wrapping | E11: Target | F11: 1 | G11: 5 | H11: =IF($G11="","",IF($F11="",1,$F11)*$G11) -> 5 | K11: =IF($I11="✓",IF($J11<>"",$J11,IF($H11<>"",$H11,0)),0) -> 0
B12: =IF($C12="","",ROW()-7) -> 5 | C12: Tissue paper bundle | D12: Wrapping | E12: Target | F12: 1 | G12: 3 | H12: =IF($G12="","",IF($F12="",1,$F12)*$G12) -> 3 | K12: =IF($I12="✓",IF($J12<>"",$J12,IF($H12<>"",$H12,0)),0) -> 0
B13: =IF($C13="","",ROW()-7) -> 6 | C13: Christmas cards (box of 30) | D13: Cards | E13: Amazon | F13: 1 | G13: 14 | H13: =IF($G13="","",IF($F13="",1,$F13)*$G13) -> 14 | I13: ✓ | J13: 13.5 | K13: =IF($I13="✓",IF($J13<>"",$J13,IF($H13<>"",$H13,0)),0) -> 13.5
B14: =IF($C14="","",ROW()-7) -> 7 | C14: Stamps - book of 30 | D14: Postage | E14: Post office | F14: 1 | G14: 20.4 | H14: =IF($G14="","",IF($F14="",1,$F14)*$G14) -> 20.4 | I14: ✓ | J14: 20.4 | K14: =IF($I14="✓",IF($J14<>"",$J14,IF($H14<>"",$H14,0)),0) -> 20.4
B15: =IF($C15="","",ROW()-7) -> 8 | C15: Thank-you notes | D15: Cards | E15: Etsy | F15: 1 | G15: 8 | H15: =IF($G15="","",IF($F15="",1,$F15)*$G15) -> 8 | K15: =IF($I15="✓",IF($J15<>"",$J15,IF($H15<>"",$H15,0)),0) -> 0 | M15: For January
B16: =IF($C16="","",ROW()-7) -> 9 | C16: Plain flour | D16: Baking | E16: Grocery store | F16: 2 | G16: 1.8 | H16: =IF($G16="","",IF($F16="",1,$F16)*$G16) -> 3.6 | I16: ✓ | J16: 3.4 | K16: =IF($I16="✓",IF($J16<>"",$J16,IF($H16<>"",$H16,0)),0) -> 3.4
B17: =IF($C17="","",ROW()-7) -> 10 | C17: Cookie cutters set | D17: Baking | E17: Amazon | F17: 1 | G17: 8 | H17: =IF($G17="","",IF($F17="",1,$F17)*$G17) -> 8 | I17: ✓ | J17: 7.5 | K17: =IF($I17="✓",IF($J17<>"",$J17,IF($H17<>"",$H17,0)),0) -> 7.5
B18: =IF($C18="","",ROW()-7) -> 11 | C18: Cake decorating sprinkles | D18: Baking | E18: Grocery store | F18: 1 | G18: 4.5 | H18: =IF($G18="","",IF($F18="",1,$F18)*$G18) -> 4.5 | K18: =IF($I18="✓",IF($J18<>"",$J18,IF($H18<>"",$H18,0)),0) -> 0
B19: =IF($C19="","",ROW()-7) -> 12 | C19: Chocolate for stockings | D19: Stockings | E19: Grocery store | F19: 4 | G19: 3.2 | H19: =IF($G19="","",IF($F19="",1,$F19)*$G19) -> 12.8 | I19: ✓ | J19: 12 | K19: =IF($I19="✓",IF($J19<>"",$J19,IF($H19<>"",$H19,0)),0) -> 12
B20: =IF($C20="","",ROW()-7) -> 13 | C20: Candy canes | D20: Stockings | E20: Grocery store | F20: 2 | G20: 2 | H20: =IF($G20="","",IF($F20="",1,$F20)*$G20) -> 4 | I20: ✓ | J20: 3.8 | K20: =IF($I20="✓",IF($J20<>"",$J20,IF($H20<>"",$H20,0)),0) -> 3.8
B21: =IF($C21="","",ROW()-7) -> 14 | C21: Christmas crackers | D21: Party Supplies | E21: Target | F21: 2 | G21: 5.5 | H21: =IF($G21="","",IF($F21="",1,$F21)*$G21) -> 11 | K21: =IF($I21="✓",IF($J21<>"",$J21,IF($H21<>"",$H21,0)),0) -> 0
B22: =IF($C22="","",ROW()-7) -> 15 | C22: Napkins & party plates | D22: Party Supplies | E22: Target | F22: 1 | G22: 7 | H22: =IF($G22="","",IF($F22="",1,$F22)*$G22) -> 7 | K22: =IF($I22="✓",IF($J22<>"",$J22,IF($H22<>"",$H22,0)),0) -> 0
B23: =IF($C23="","",ROW()-7) -> 16 | C23: Tree baubles - gold | D23: Decorations | E23: IKEA | F23: 2 | G23: 9 | H23: =IF($G23="","",IF($F23="",1,$F23)*$G23) -> 18 | I23: ✓ | J23: 16 | K23: =IF($I23="✓",IF($J23<>"",$J23,IF($H23<>"",$H23,0)),0) -> 16
B24: =IF($C24="","",ROW()-7) -> 17 | C24: Fairy lights (warm white) | D24: Decorations | E24: Amazon | F24: 1 | G24: 15 | H24: =IF($G24="","",IF($F24="",1,$F24)*$G24) -> 15 | I24: ✓ | J24: 14.99 | K24: =IF($I24="✓",IF($J24<>"",$J24,IF($H24<>"",$H24,0)),0) -> 14.99
B25: =IF($C25="","",ROW()-7) -> 18 | C25: Wreath for the front door | D25: Decorations | E25: Local market | F25: 1 | G25: 22 | H25: =IF($G25="","",IF($F25="",1,$F25)*$G25) -> 22 | K25: =IF($I25="✓",IF($J25<>"",$J25,IF($H25<>"",$H25,0)),0) -> 0
B26: =IF($C26="","",ROW()-7) -> 19 | C26: Turkey & trimmings | D26: Food | E26: Grocery store | F26: 1 | G26: 65 | H26: =IF($G26="","",IF($F26="",1,$F26)*$G26) -> 65 | K26: =IF($I26="✓",IF($J26<>"",$J26,IF($H26<>"",$H26,0)),0) -> 0 | M26: Order by 18 Dec
B27: =IF($C27="","",ROW()-7) -> 20 | C27: Sparkling cider | D27: Food | E27: Grocery store | F27: 2 | G27: 6.5 | H27: =IF($G27="","",IF($F27="",1,$F27)*$G27) -> 13 | K27: =IF($I27="✓",IF($J27<>"",$J27,IF($H27<>"",$H27,0)),0) -> 0
B28: =IF($C28="","",ROW()-7) -> 21 | C28: Chocolate selection boxes | D28: Food | E28: Grocery store | F28: 3 | G28: 8 | H28: =IF($G28="","",IF($F28="",1,$F28)*$G28) -> 24 | I28: ✓ | J28: 22.5 | K28: =IF($I28="✓",IF($J28<>"",$J28,IF($H28<>"",$H28,0)),0) -> 22.5 | M28: For neighbours & teachers
B29: =IF($C29="","",ROW()-7) -> 22 | C29: Petrol / parking for the trip | D29: Travel | E29: Shell | F29: 1 | G29: 38.4 | H29: =IF($G29="","",IF($F29="",1,$F29)*$G29) -> 38.4 | K29: =IF($I29="✓",IF($J29<>"",$J29,IF($H29<>"",$H29,0)),0) -> 0
B30: =IF($C30="","",ROW()-7) -> 23 | C30: Food bank donation | D30: Charity | E30: Local charity | F30: 1 | G30: 25 | H30: =IF($G30="","",IF($F30="",1,$F30)*$G30) -> 25 | I30: ✓ | J30: 25 | K30: =IF($I30="✓",IF($J30<>"",$J30,IF($H30<>"",$H30,0)),0) -> 25
B31: =IF($C31="","",ROW()-7) -> 24 | C31: Gift bags (spares) | D31: Other | E31: Target | F31: 1 | G31: 4 | H31: =IF($G31="","",IF($F31="",1,$F31)*$G31) -> 4 | K31: =IF($I31="✓",IF($J31<>"",$J31,IF($H31<>"",$H31,0)),0) -> 0
B32: =IF($C32="","",ROW()-7) | H32: =IF($G32="","",IF($F32="",1,$F32)*$G32) | K32: =IF($I32="✓",IF($J32<>"",$J32,IF($H32<>"",$H32,0)),0) -> 0
B33: =IF($C33="","",ROW()-7) | H33: =IF($G33="","",IF($F33="",1,$F33)*$G33) | K33: =IF($I33="✓",IF($J33<>"",$J33,IF($H33<>"",$H33,0)),0) -> 0
B34: =IF($C34="","",ROW()-7) | H34: =IF($G34="","",IF($F34="",1,$F34)*$G34) | K34: =IF($I34="✓",IF($J34<>"",$J34,IF($H34<>"",$H34,0)),0) -> 0
B35: =IF($C35="","",ROW()-7) | H35: =IF($G35="","",IF($F35="",1,$F35)*$G35) | K35: =IF($I35="✓",IF($J35<>"",$J35,IF($H35<>"",$H35,0)),0) -> 0
B36: =IF($C36="","",ROW()-7) | H36: =IF($G36="","",IF($F36="",1,$F36)*$G36) | K36: =IF($I36="✓",IF($J36<>"",$J36,IF($H36<>"",$H36,0)),0) -> 0
B37: =IF($C37="","",ROW()-7) | H37: =IF($G37="","",IF($F37="",1,$F37)*$G37) | K37: =IF($I37="✓",IF($J37<>"",$J37,IF($H37<>"",$H37,0)),0) -> 0
B38: =IF($C38="","",ROW()-7) | H38: =IF($G38="","",IF($F38="",1,$F38)*$G38) | K38: =IF($I38="✓",IF($J38<>"",$J38,IF($H38<>"",$H38,0)),0) -> 0
B39: =IF($C39="","",ROW()-7) | H39: =IF($G39="","",IF($F39="",1,$F39)*$G39) | K39: =IF($I39="✓",IF($J39<>"",$J39,IF($H39<>"",$H39,0)),0) -> 0
B40: =IF($C40="","",ROW()-7) | H40: =IF($G40="","",IF($F40="",1,$F40)*$G40) | K40: =IF($I40="✓",IF($J40<>"",$J40,IF($H40<>"",$H40,0)),0) -> 0
B41: =IF($C41="","",ROW()-7) | H41: =IF($G41="","",IF($F41="",1,$F41)*$G41) | K41: =IF($I41="✓",IF($J41<>"",$J41,IF($H41<>"",$H41,0)),0) -> 0
B42: =IF($C42="","",ROW()-7) | H42: =IF($G42="","",IF($F42="",1,$F42)*$G42) | K42: =IF($I42="✓",IF($J42<>"",$J42,IF($H42<>"",$H42,0)),0) -> 0
B43: =IF($C43="","",ROW()-7) | H43: =IF($G43="","",IF($F43="",1,$F43)*$G43) | K43: =IF($I43="✓",IF($J43<>"",$J43,IF($H43<>"",$H43,0)),0) -> 0
... B52: =IF($C52="","",ROW()-7) | H52: =IF($G52="","",IF($F52="",1,$F52)*$G52) | K52: =IF($I52="✓",IF($J52<>"",$J52,IF($H52<>"",$H52,0)),0) -> 0
B54: TOTALS | H54: =SUM($H$8:$H$52) -> 350.7 | I54: =COUNTIF($I$8:$I$52,"✓")&" / "&COUNTA($C$8:$C$52) -> 13 / 24 | J54: =SUM($J$8:$J$52) -> 163.39 | K54: =SUM($K$8:$K$52) -> 163.39
B56: 💡 How this tab works
B57: • Tick ✓ Bought and the “In budget” column picks up the actual cost (or the estimate if you have not typed one yet). • The category decides which 💰 Budget line the money lands on — Wrapping, Cards, Postage, Food, Baking, Decorations, Party Supplies, Travel, Charity, Other. • Starter rows are pre-filled so you can see how it works — overwrite or delete them freely.
B59: 🏠 Home | D59: 🎁 Gifts | F59: 💰 Budget | H59: 💡 Ideas | J59: ▶ 🛍️ Shop | L59: 📦 Orders
B60: 🎀 Wrap | D60: 💌 Cards | F60: 🧦 Stockings | H60: ✅ To-Do | J60: ⚙️ Setup | L60: 📖 Help
B62: Ultimate Christmas Gift Tracker v1.0 • Christmas • Birthdays • Holidays • Every Special Occasion

Sheet 📦 Order Tracker
B2: 📦 Online Order Tracker
B3: Parcels, couriers and cut-off dates — nothing arrives on the 27th on your watch. | P3: 🏠 Back to Dashboard
B5: ="📦 Orders: "&'_Data'!$AF$31 -> 📦 Orders: 8 | E5: ="🚚 Still coming: "&'_Data'!$AF$32 -> 🚚 Still coming: 4 | H5: ="✅ Arrived: "&COUNTIF('📦 Order Tracker'!$L$8:$L$47,"✅ Delivered") -> ✅ Arrived: 4 | J5: ="🔴 Running late: "&'_Data'!$AF$33 -> 🔴 Running late: 0 | M5: ="💵 Value: "&Currency&TEXT('_Data'!$AF$34,"#,##0") -> 💵 Value: $417 | O5: ="🔄 Returns open: "&COUNTIF('📦 Order Tracker'!$P$8:$P$47,"✓") -> 🔄 Returns open: 0
B7: # | C7: Recipient | D7: Gift / item | E7: Store | F7: Order number | G7: Ordered on | H7: Expected | I7: Arrived | J7: Tracking link | K7: 🔗 | L7: Order status | M7: Days left | N7: Alert | O7: Return by | P7: Returned | Q7: Cost | R7: Notes
B8: =IF($D8="","",ROW()-7) -> 1 | C8: Grandma Rose | D8: Digital photo frame | E8: Amazon | F8: 112-4471902-5563810 | G8: 46361 | H8: 46378 | J8: https://www.amazon.com/gp/your-account/order-details?order=112-4471902 | K8: =IF($J8="","",HYPERLINK($J8,"🔗")) -> 🔗 | L8: 📦 Shipped | M8: =IF($H8="","",$H8-TODAY()) -> 101 | N8: =IF($D8="","",IF($L8="✅ Delivered","✅ Arrived",IF($L8="❌ Cancelled","❌ Cancelled",IF($L8="↩️ Return Requested","↩️ Returning",IF($H8="","—",IF($H8<TODAY(),"🔴 Late",IF($H8-TODAY()<=DueSoonDays,"🟡 Arriving soon","🔵 On the way"))))))) -> 🔵 On the way | O8: 46406 | Q8: 84.99 | R8: Tracking updated twice a day
B9: =IF($D9="","",ROW()-7) -> 2 | C9: Brother Jack | D9: Wireless earbuds | E9: Best Buy | F9: BB-9938-2211 | G9: 46363 | H9: 46377 | J9: https://www.bestbuy.com/orders | K9: =IF($J9="","",HYPERLINK($J9,"🔗")) -> 🔗 | L9: 🚚 Out for Delivery | M9: =IF($H9="","",$H9-TODAY()) -> 100 | N9: =IF($D9="","",IF($L9="✅ Delivered","✅ Arrived",IF($L9="❌ Cancelled","❌ Cancelled",IF($L9="↩️ Return Requested","↩️ Returning",IF($H9="","—",IF($H9<TODAY(),"🔴 Late",IF($H9-TODAY()<=DueSoonDays,"🟡 Arriving soon","🔵 On the way"))))))) -> 🔵 On the way | O9: 46405 | Q9: 74.99 | R9: Signature required
B10: =IF($D10="","",ROW()-7) -> 3 | C10: Alex (partner) | D10: Engraved watch | E10: Etsy | F10: ETSY-778201 | G10: 46356 | H10: 46375 | J10: https://www.etsy.com/your/orders | K10: =IF($J10="","",HYPERLINK($J10,"🔗")) -> 🔗 | L10: 📦 Shipped | M10: =IF($H10="","",$H10-TODAY()) -> 98 | N10: =IF($D10="","",IF($L10="✅ Delivered","✅ Arrived",IF($L10="❌ Cancelled","❌ Cancelled",IF($L10="↩️ Return Requested","↩️ Returning",IF($H10="","—",IF($H10<TODAY(),"🔴 Late",IF($H10-TODAY()<=DueSoonDays,"🟡 Arriving soon","🔵 On the way"))))))) -> 🔵 On the way | O10: 46403 | Q10: 89 | R10: Engraving takes 5 days
B11: =IF($D11="","",ROW()-7) -> 4 | C11: Dad | D11: Leather wallet | E11: Amazon | F11: 112-8830042-1120394 | G11: 46349 | H11: 46367 | I11: 46366 | J11: https://www.amazon.com/gp/your-account/order-details?order=112-8830042 | K11: =IF($J11="","",HYPERLINK($J11,"🔗")) -> 🔗 | L11: ✅ Delivered | M11: =IF($H11="","",$H11-TODAY()) -> 90 | N11: =IF($D11="","",IF($L11="✅ Delivered","✅ Arrived",IF($L11="❌ Cancelled","❌ Cancelled",IF($L11="↩️ Return Requested","↩️ Returning",IF($H11="","—",IF($H11<TODAY(),"🔴 Late",IF($H11-TODAY()<=DueSoonDays,"🟡 Arriving soon","🔵 On the way"))))))) -> ✅ Arrived | O11: 46397 | Q11: 38.5 | R11: Left with neighbour
B12: =IF($D12="","",ROW()-7) -> 5 | C12: Niece Sophie | D12: LEGO Friends set | E12: Amazon | F12: 112-2291047-9930112 | G12: 46341 | H12: 46363 | I12: 46363 | J12: https://www.amazon.com/gp/your-account/order-details?order=112-2291047 | K12: =IF($J12="","",HYPERLINK($J12,"🔗")) -> 🔗 | L12: ✅ Delivered | M12: =IF($H12="","",$H12-TODAY()) -> 86 | N12: =IF($D12="","",IF($L12="✅ Delivered","✅ Arrived",IF($L12="❌ Cancelled","❌ Cancelled",IF($L12="↩️ Return Requested","↩️ Returning",IF($H12="","—",IF($H12<TODAY(),"🔴 Late",IF($H12-TODAY()<=DueSoonDays,"🟡 Arriving soon","🔵 On the way"))))))) -> ✅ Arrived | O12: 46393 | Q12: 39.99
B13: =IF($D13="","",ROW()-7) -> 6 | C13: Maya (best friend) | D13: Scented candle trio | E13: Not On The High Street | F13: NOTHS-55231 | G13: 46336 | H13: 46361 | I13: 46362 | J13: https://www.notonthehighstreet.com/my-account | K13: =IF($J13="","",HYPERLINK($J13,"🔗")) -> 🔗 | L13: ✅ Delivered | M13: =IF($H13="","",$H13-TODAY()) -> 84 | N13: =IF($D13="","",IF($L13="✅ Delivered","✅ Arrived",IF($L13="❌ Cancelled","❌ Cancelled",IF($L13="↩️ Return Requested","↩️ Returning",IF($H13="","—",IF($H13<TODAY(),"🔴 Late",IF($H13-TODAY()<=DueSoonDays,"🟡 Arriving soon","🔵 On the way"))))))) -> ✅ Arrived | O13: 46391 | Q13: 28.5
B14: =IF($D14="","",ROW()-7) -> 7 | C14: Aunt Carol | D14: Silk scarf | E14: M&S | F14: MS-4419287 | G14: 46331 | H14: 46360 | I14: 46360 | J14: https://www.marksandspencer.com/my-account | K14: =IF($J14="","",HYPERLINK($J14,"🔗")) -> 🔗 | L14: ✅ Delivered | M14: =IF($H14="","",$H14-TODAY()) -> 83 | N14: =IF($D14="","",IF($L14="✅ Delivered","✅ Arrived",IF($L14="❌ Cancelled","❌ Cancelled",IF($L14="↩️ Return Requested","↩️ Returning",IF($H14="","—",IF($H14<TODAY(),"🔴 Late",IF($H14-TODAY()<=DueSoonDays,"🟡 Arriving soon","🔵 On the way"))))))) -> ✅ Arrived | O14: 46390 | Q14: 37.5
B15: =IF($D15="","",ROW()-7) -> 8 | C15: Sister Emily | D15: Bath bomb gift box | E15: Sephora | F15: SEPH-88213 | G15: 46375 | H15: 46380 | J15: https://www.sephora.com/account/orders | K15: =IF($J15="","",HYPERLINK($J15,"🔗")) -> 🔗 | L15: 🛒 Ordered | M15: =IF($H15="","",$H15-TODAY()) -> 103 | N15: =IF($D15="","",IF($L15="✅ Delivered","✅ Arrived",IF($L15="❌ Cancelled","❌ Cancelled",IF($L15="↩️ Return Requested","↩️ Returning",IF($H15="","—",IF($H15<TODAY(),"🔴 Late",IF($H15-TODAY()<=DueSoonDays,"🟡 Arriving soon","🔵 On the way"))))))) -> 🔵 On the way | O15: 46410 | Q15: 24 | R15: Waiting for dispatch
B16: =IF($D16="","",ROW()-7) | K16: =IF($J16="","",HYPERLINK($J16,"🔗")) | M16: =IF($H16="","",$H16-TODAY()) | N16: =IF($D16="","",IF($L16="✅ Delivered","✅ Arrived",IF($L16="❌ Cancelled","❌ Cancelled",IF($L16="↩️ Return Requested","↩️ Returning",IF($H16="","—",IF($H16<TODAY(),"🔴 Late",IF($H16-TODAY()<=DueSoonDays,"🟡 Arriving soon","🔵 On the way")))))))
B17: =IF($D17="","",ROW()-7) | K17: =IF($J17="","",HYPERLINK($J17,"🔗")) | M17: =IF($H17="","",$H17-TODAY()) | N17: =IF($D17="","",IF($L17="✅ Delivered","✅ Arrived",IF($L17="❌ Cancelled","❌ Cancelled",IF($L17="↩️ Return Requested","↩️ Returning",IF($H17="","—",IF($H17<TODAY(),"🔴 Late",IF($H17-TODAY()<=DueSoonDays,"🟡 Arriving soon","🔵 On the way")))))))
B18: =IF($D18="","",ROW()-7) | K18: =IF($J18="","",HYPERLINK($J18,"🔗")) | M18: =IF($H18="","",$H18-TODAY()) | N18: =IF($D18="","",IF($L18="✅ Delivered","✅ Arrived",IF($L18="❌ Cancelled","❌ Cancelled",IF($L18="↩️ Return Requested","↩️ Returning",IF($H18="","—",IF($H18<TODAY(),"🔴 Late",IF($H18-TODAY()<=DueSoonDays,"🟡 Arriving soon","🔵 On the way")))))))
B19: =IF($D19="","",ROW()-7) | K19: =IF($J19="","",HYPERLINK($J19,"🔗")) | M19: =IF($H19="","",$H19-TODAY()) | N19: =IF($D19="","",IF($L19="✅ Delivered","✅ Arrived",IF($L19="❌ Cancelled","❌ Cancelled",IF($L19="↩️ Return Requested","↩️ Returning",IF($H19="","—",IF($H19<TODAY(),"🔴 Late",IF($H19-TODAY()<=DueSoonDays,"🟡 Arriving soon","🔵 On the way")))))))
B20: =IF($D20="","",ROW()-7) | K20: =IF($J20="","",HYPERLINK($J20,"🔗")) | M20: =IF($H20="","",$H20-TODAY()) | N20: =IF($D20="","",IF($L20="✅ Delivered","✅ Arrived",IF($L20="❌ Cancelled","❌ Cancelled",IF($L20="↩️ Return Requested","↩️ Returning",IF($H20="","—",IF($H20<TODAY(),"🔴 Late",IF($H20-TODAY()<=DueSoonDays,"🟡 Arriving soon","🔵 On the way")))))))
B21: =IF($D21="","",ROW()-7) | K21: =IF($J21="","",HYPERLINK($J21,"🔗")) | M21: =IF($H21="","",$H21-TODAY()) | N21: =IF($D21="","",IF($L21="✅ Delivered","✅ Arrived",IF($L21="❌ Cancelled","❌ Cancelled",IF($L21="↩️ Return Requested","↩️ Returning",IF($H21="","—",IF($H21<TODAY(),"🔴 Late",IF($H21-TODAY()<=DueSoonDays,"🟡 Arriving soon","🔵 On the way")))))))
B22: =IF($D22="","",ROW()-7) | K22: =IF($J22="","",HYPERLINK($J22,"🔗")) | M22: =IF($H22="","",$H22-TODAY()) | N22: =IF($D22="","",IF($L22="✅ Delivered","✅ Arrived",IF($L22="❌ Cancelled","❌ Cancelled",IF($L22="↩️ Return Requested","↩️ Returning",IF($H22="","—",IF($H22<TODAY(),"🔴 Late",IF($H22-TODAY()<=DueSoonDays,"🟡 Arriving soon","🔵 On the way")))))))
B23: =IF($D23="","",ROW()-7) | K23: =IF($J23="","",HYPERLINK($J23,"🔗")) | M23: =IF($H23="","",$H23-TODAY()) | N23: =IF($D23="","",IF($L23="✅ Delivered","✅ Arrived",IF($L23="❌ Cancelled","❌ Cancelled",IF($L23="↩️ Return Requested","↩️ Returning",IF($H23="","—",IF($H23<TODAY(),"🔴 Late",IF($H23-TODAY()<=DueSoonDays,"🟡 Arriving soon","🔵 On the way")))))))
B24: =IF($D24="","",ROW()-7) | K24: =IF($J24="","",HYPERLINK($J24,"🔗")) | M24: =IF($H24="","",$H24-TODAY()) | N24: =IF($D24="","",IF($L24="✅ Delivered","✅ Arrived",IF($L24="❌ Cancelled","❌ Cancelled",IF($L24="↩️ Return Requested","↩️ Returning",IF($H24="","—",IF($H24<TODAY(),"🔴 Late",IF($H24-TODAY()<=DueSoonDays,"🟡 Arriving soon","🔵 On the way")))))))
B25: =IF($D25="","",ROW()-7) | K25: =IF($J25="","",HYPERLINK($J25,"🔗")) | M25: =IF($H25="","",$H25-TODAY()) | N25: =IF($D25="","",IF($L25="✅ Delivered","✅ Arrived",IF($L25="❌ Cancelled","❌ Cancelled",IF($L25="↩️ Return Requested","↩️ Returning",IF($H25="","—",IF($H25<TODAY(),"🔴 Late",IF($H25-TODAY()<=DueSoonDays,"🟡 Arriving soon","🔵 On the way")))))))
B26: =IF($D26="","",ROW()-7) | K26: =IF($J26="","",HYPERLINK($J26,"🔗")) | M26: =IF($H26="","",$H26-TODAY()) | N26: =IF($D26="","",IF($L26="✅ Delivered","✅ Arrived",IF($L26="❌ Cancelled","❌ Cancelled",IF($L26="↩️ Return Requested","↩️ Returning",IF($H26="","—",IF($H26<TODAY(),"🔴 Late",IF($H26-TODAY()<=DueSoonDays,"🟡 Arriving soon","🔵 On the way")))))))
B27: =IF($D27="","",ROW()-7) | K27: =IF($J27="","",HYPERLINK($J27,"🔗")) | M27: =IF($H27="","",$H27-TODAY()) | N27: =IF($D27="","",IF($L27="✅ Delivered","✅ Arrived",IF($L27="❌ Cancelled","❌ Cancelled",IF($L27="↩️ Return Requested","↩️ Returning",IF($H27="","—",IF($H27<TODAY(),"🔴 Late",IF($H27-TODAY()<=DueSoonDays,"🟡 Arriving soon","🔵 On the way")))))))
... B47: =IF($D47="","",ROW()-7) | K47: =IF($J47="","",HYPERLINK($J47,"🔗")) | M47: =IF($H47="","",$H47-TODAY()) | N47: =IF($D47="","",IF($L47="✅ Delivered","✅ Arrived",IF($L47="❌ Cancelled","❌ Cancelled",IF($L47="↩️ Return Requested","↩️ Returning",IF($H47="","—",IF($H47<TODAY(),"🔴 Late",IF($H47-TODAY()<=DueSoonDays,"🟡 Arriving soon","🔵 On the way")))))))
B49: TOTALS | H49: =COUNTIF($L$8:$L$47,"✅ Delivered")&" of "&COUNTA($D$8:$D$47)&" arrived" -> 4 of 8 arrived | Q49: =SUM($Q$8:$Q$47) -> 417.47
B51: 💡 How this tab works
B52: • “Days left” counts down to the expected delivery date; the alert turns 🔴 red the day after it was due. • Paste the courier link in “Tracking link” and the 🔗 button opens it in one click. • Keep an eye on the “Return by” column — January returns sneak up fast. • Order money is NOT added to the budget twice: the gift itself is counted on the 🎁 Gift Tracker. This tab is for logistics.
B54: 🏠 Home | D54: 🎁 Gifts | F54: 💰 Budget | H54: 💡 Ideas | J54: 🛍️ Shop | L54: ▶ 📦 Orders | N54: 🎀 Wrap | P54: 💌 Cards
B55: 🧦 Stockings | D55: ✅ To-Do | F55: ⚙️ Setup | H55: 📖 Help
B57: Ultimate Christmas Gift Tracker v1.0 • Christmas • Birthdays • Holidays • Every Special Occasion

Sheet 🎀 Wrapping & Hiding
B2: 🎀 Wrapping & Hiding
B3: Mirrors your gift list automatically — add the hiding spot and the gift tag here. | H3: 🏠 Back to Dashboard
B5: ="🎀 To wrap: "&'_Data'!$AF$10 -> 🎀 To wrap: 5 | D5: ="✅ Wrapped: "&'_Data'!$AF$6 -> ✅ Wrapped: 13 | F5: ="🏷️ Tags done: "&COUNTIF('🎀 Wrapping & Hiding'!$H$8:$H$67,"✓") -> 🏷️ Tags done: 10 | H5: ="🙈 Spots noted: "&COUNTA('🎀 Wrapping & Hiding'!$G$8:$G$67) -> 🙈 Spots noted: 11 | I5: ="📦 Handed over: "&'_Data'!$AF$7 -> 📦 Handed over: 6 | J5: =IF(SecretMode="Yes","🙈 Secret Mode ON — hiding spots are invisible","👀 Secret Mode off — switch it on in ⚙️ Setup") -> 👀 Secret Mode off — switch it on in ⚙️ Setup
B7: # | C7: For | D7: Gift | E7: Bought? | F7: Wrapped? | G7: 🙈 Hiding spot | H7: 🏷️ Tag on | I7: Handed over? | J7: Notes
B8: =IF('🎁 Gift Tracker'!$C$8="","",ROW()-7) -> 1 | C8: =IF('🎁 Gift Tracker'!$C$8="","",'🎁 Gift Tracker'!$C$8) -> Mum | D8: =IF('🎁 Gift Tracker'!$C$8="","",'🎁 Gift Tracker'!$E$8) -> Cashmere scarf | E8: =IF('🎁 Gift Tracker'!$C$8="","",IF(OR('🎁 Gift Tracker'!$N$8="✅ Purchased",'🎁 Gift Tracker'!$N$8="🎀 Wrapped",'🎁 Gift Tracker'!$N$8="📦 Delivered"),"✅ Bought",IF('🎁 Gift Tracker'!$N$8="🛍️ Ordered","🚚 On the way","⏳ Not yet"))) -> ✅ Bought | F8: =IF('🎁 Gift Tracker'!$C$8="","",IF(OR('🎁 Gift Tracker'!$O$8="✓",'🎁 Gift Tracker'!$N$8="🎀 Wrapped",'🎁 Gift Tracker'!$N$8="📦 Delivered"),"🎀 Wrapped","— to wrap")) -> 🎀 Wrapped | I8: =IF('🎁 Gift Tracker'!$C$8="","",IF(OR('🎁 Gift Tracker'!$P$8="✓",'🎁 Gift Tracker'!$N$8="📦 Delivered"),"📦 Given","—")) -> —
B9: =IF('🎁 Gift Tracker'!$C$9="","",ROW()-7) -> 2 | C9: =IF('🎁 Gift Tracker'!$C$9="","",'🎁 Gift Tracker'!$C$9) -> Mum | D9: =IF('🎁 Gift Tracker'!$C$9="","",'🎁 Gift Tracker'!$E$9) -> Spa gift set | E9: =IF('🎁 Gift Tracker'!$C$9="","",IF(OR('🎁 Gift Tracker'!$N$9="✅ Purchased",'🎁 Gift Tracker'!$N$9="🎀 Wrapped",'🎁 Gift Tracker'!$N$9="📦 Delivered"),"✅ Bought",IF('🎁 Gift Tracker'!$N$9="🛍️ Ordered","🚚 On the way","⏳ Not yet"))) -> ✅ Bought | F9: =IF('🎁 Gift Tracker'!$C$9="","",IF(OR('🎁 Gift Tracker'!$O$9="✓",'🎁 Gift Tracker'!$N$9="🎀 Wrapped",'🎁 Gift Tracker'!$N$9="📦 Delivered"),"🎀 Wrapped","— to wrap")) -> 🎀 Wrapped | G9: Top shelf in closet | H9: ✓ | I9: =IF('🎁 Gift Tracker'!$C$9="","",IF(OR('🎁 Gift Tracker'!$P$9="✓",'🎁 Gift Tracker'!$N$9="📦 Delivered"),"📦 Given","—")) -> —
B10: =IF('🎁 Gift Tracker'!$C$10="","",ROW()-7) -> 3 | C10: =IF('🎁 Gift Tracker'!$C$10="","",'🎁 Gift Tracker'!$C$10) -> Dad | D10: =IF('🎁 Gift Tracker'!$C$10="","",'🎁 Gift Tracker'!$E$10) -> Leather wallet | E10: =IF('🎁 Gift Tracker'!$C$10="","",IF(OR('🎁 Gift Tracker'!$N$10="✅ Purchased",'🎁 Gift Tracker'!$N$10="🎀 Wrapped",'🎁 Gift Tracker'!$N$10="📦 Delivered"),"✅ Bought",IF('🎁 Gift Tracker'!$N$10="🛍️ Ordered","🚚 On the way","⏳ Not yet"))) -> ✅ Bought | F10: =IF('🎁 Gift Tracker'!$C$10="","",IF(OR('🎁 Gift Tracker'!$O$10="✓",'🎁 Gift Tracker'!$N$10="🎀 Wrapped",'🎁 Gift Tracker'!$N$10="📦 Delivered"),"🎀 Wrapped","— to wrap")) -> 🎀 Wrapped | G10: Car boot / trunk | H10: ✓ | I10: =IF('🎁 Gift Tracker'!$C$10="","",IF(OR('🎁 Gift Tracker'!$P$10="✓",'🎁 Gift Tracker'!$N$10="📦 Delivered"),"📦 Given","—")) -> 📦 Given
B11: =IF('🎁 Gift Tracker'!$C$11="","",ROW()-7) -> 4 | C11: =IF('🎁 Gift Tracker'!$C$11="","",'🎁 Gift Tracker'!$C$11) -> Dad | D11: =IF('🎁 Gift Tracker'!$C$11="","",'🎁 Gift Tracker'!$E$11) -> Whisky tasting set | E11: =IF('🎁 Gift Tracker'!$C$11="","",IF(OR('🎁 Gift Tracker'!$N$11="✅ Purchased",'🎁 Gift Tracker'!$N$11="🎀 Wrapped",'🎁 Gift Tracker'!$N$11="📦 Delivered"),"✅ Bought",IF('🎁 Gift Tracker'!$N$11="🛍️ Ordered","🚚 On the way","⏳ Not yet"))) -> ✅ Bought | F11: =IF('🎁 Gift Tracker'!$C$11="","",IF(OR('🎁 Gift Tracker'!$O$11="✓",'🎁 Gift Tracker'!$N$11="🎀 Wrapped",'🎁 Gift Tracker'!$N$11="📦 Delivered"),"🎀 Wrapped","— to wrap")) -> 🎀 Wrapped | I11: =IF('🎁 Gift Tracker'!$C$11="","",IF(OR('🎁 Gift Tracker'!$P$11="✓",'🎁 Gift Tracker'!$N$11="📦 Delivered"),"📦 Given","—")) -> —
B12: =IF('🎁 Gift Tracker'!$C$12="","",ROW()-7) -> 5 | C12: =IF('🎁 Gift Tracker'!$C$12="","",'🎁 Gift Tracker'!$C$12) -> Grandma Rose | D12: =IF('🎁 Gift Tracker'!$C$12="","",'🎁 Gift Tracker'!$E$12) -> Digital photo frame | E12: =IF('🎁 Gift Tracker'!$C$12="","",IF(OR('🎁 Gift Tracker'!$N$12="✅ Purchased",'🎁 Gift Tracker'!$N$12="🎀 Wrapped",'🎁 Gift Tracker'!$N$12="📦 Delivered"),"✅ Bought",IF('🎁 Gift Tracker'!$N$12="🛍️ Ordered","🚚 On the way","⏳ Not yet"))) -> 🚚 On the way | F12: =IF('🎁 Gift Tracker'!$C$12="","",IF(OR('🎁 Gift Tracker'!$O$12="✓",'🎁 Gift Tracker'!$N$12="🎀 Wrapped",'🎁 Gift Tracker'!$N$12="📦 Delivered"),"🎀 Wrapped","— to wrap")) -> — to wrap | I12: =IF('🎁 Gift Tracker'!$C$12="","",IF(OR('🎁 Gift Tracker'!$P$12="✓",'🎁 Gift Tracker'!$N$12="📦 Delivered"),"📦 Given","—")) -> —
B13: =IF('🎁 Gift Tracker'!$C$13="","",ROW()-7) -> 6 | C13: =IF('🎁 Gift Tracker'!$C$13="","",'🎁 Gift Tracker'!$C$13) -> Grandma Rose | D13: =IF('🎁 Gift Tracker'!$C$13="","",'🎁 Gift Tracker'!$E$13) -> Chunky knitted blanket | E13: =IF('🎁 Gift Tracker'!$C$13="","",IF(OR('🎁 Gift Tracker'!$N$13="✅ Purchased",'🎁 Gift Tracker'!$N$13="🎀 Wrapped",'🎁 Gift Tracker'!$N$13="📦 Delivered"),"✅ Bought",IF('🎁 Gift Tracker'!$N$13="🛍️ Ordered","🚚 On the way","⏳ Not yet"))) -> ✅ Bought | F13: =IF('🎁 Gift Tracker'!$C$13="","",IF(OR('🎁 Gift Tracker'!$O$13="✓",'🎁 Gift Tracker'!$N$13="🎀 Wrapped",'🎁 Gift Tracker'!$N$13="📦 Delivered"),"🎀 Wrapped","— to wrap")) -> 🎀 Wrapped | G13: Suitcase in the attic | H13: ✓ | I13: =IF('🎁 Gift Tracker'!$C$13="","",IF(OR('🎁 Gift Tracker'!$P$13="✓",'🎁 Gift Tracker'!$N$13="📦 Delivered"),"📦 Given","—")) -> —
B14: =IF('🎁 Gift Tracker'!$C$14="","",ROW()-7) -> 7 | C14: =IF('🎁 Gift Tracker'!$C$14="","",'🎁 Gift Tracker'!$C$14) -> Grandpa Joe | D14: =IF('🎁 Gift Tracker'!$C$14="","",'🎁 Gift Tracker'!$E$14) -> Crossword book bundle | E14: =IF('🎁 Gift Tracker'!$C$14="","",IF(OR('🎁 Gift Tracker'!$N$14="✅ Purchased",'🎁 Gift Tracker'!$N$14="🎀 Wrapped",'🎁 Gift Tracker'!$N$14="📦 Delivered"),"✅ Bought",IF('🎁 Gift Tracker'!$N$14="🛍️ Ordered","🚚 On the way","⏳ Not yet"))) -> ✅ Bought | F14: =IF('🎁 Gift Tracker'!$C$14="","",IF(OR('🎁 Gift Tracker'!$O$14="✓",'🎁 Gift Tracker'!$N$14="🎀 Wrapped",'🎁 Gift Tracker'!$N$14="📦 Delivered"),"🎀 Wrapped","— to wrap")) -> 🎀 Wrapped | G14: Behind the books | H14: ✓ | I14: =IF('🎁 Gift Tracker'!$C$14="","",IF(OR('🎁 Gift Tracker'!$P$14="✓",'🎁 Gift Tracker'!$N$14="📦 Delivered"),"📦 Given","—")) -> 📦 Given
B15: =IF('🎁 Gift Tracker'!$C$15="","",ROW()-7) -> 8 | C15: =IF('🎁 Gift Tracker'!$C$15="","",'🎁 Gift Tracker'!$C$15) -> Grandpa Joe | D15: =IF('🎁 Gift Tracker'!$C$15="","",'🎁 Gift Tracker'!$E$15) -> Heated slippers | E15: =IF('🎁 Gift Tracker'!$C$15="","",IF(OR('🎁 Gift Tracker'!$N$15="✅ Purchased",'🎁 Gift Tracker'!$N$15="🎀 Wrapped",'🎁 Gift Tracker'!$N$15="📦 Delivered"),"✅ Bought",IF('🎁 Gift Tracker'!$N$15="🛍️ Ordered","🚚 On the way","⏳ Not yet"))) -> ✅ Bought | F15: =IF('🎁 Gift Tracker'!$C$15="","",IF(OR('🎁 Gift Tracker'!$O$15="✓",'🎁 Gift Tracker'!$N$15="🎀 Wrapped",'🎁 Gift Tracker'!$N$15="📦 Delivered"),"🎀 Wrapped","— to wrap")) -> 🎀 Wrapped | G15: Under the bed | H15: ✓ | I15: =IF('🎁 Gift Tracker'!$C$15="","",IF(OR('🎁 Gift Tracker'!$P$15="✓",'🎁 Gift Tracker'!$N$15="📦 Delivered"),"📦 Given","—")) -> 📦 Given
B16: =IF('🎁 Gift Tracker'!$C$16="","",ROW()-7) -> 9 | C16: =IF('🎁 Gift Tracker'!$C$16="","",'🎁 Gift Tracker'!$C$16) -> Sister Emily | D16: =IF('🎁 Gift Tracker'!$C$16="","",'🎁 Gift Tracker'!$E$16) -> Gold hoop earrings | E16: =IF('🎁 Gift Tracker'!$C$16="","",IF(OR('🎁 Gift Tracker'!$N$16="✅ Purchased",'🎁 Gift Tracker'!$N$16="🎀 Wrapped",'🎁 Gift Tracker'!$N$16="📦 Delivered"),"✅ Bought",IF('🎁 Gift Tracker'!$N$16="🛍️ Ordered","🚚 On the way","⏳ Not yet"))) -> ✅ Bought | F16: =IF('🎁 Gift Tracker'!$C$16="","",IF(OR('🎁 Gift Tracker'!$O$16="✓",'🎁 Gift Tracker'!$N$16="🎀 Wrapped",'🎁 Gift Tracker'!$N$16="📦 Delivered"),"🎀 Wrapped","— to wrap")) -> 🎀 Wrapped | G16: Linen closet | H16: ✓ | I16: =IF('🎁 Gift Tracker'!$C$16="","",IF(OR('🎁 Gift Tracker'!$P$16="✓",'🎁 Gift Tracker'!$N$16="📦 Delivered"),"📦 Given","—")) -> —
B17: =IF('🎁 Gift Tracker'!$C$17="","",ROW()-7) -> 10 | C17: =IF('🎁 Gift Tracker'!$C$17="","",'🎁 Gift Tracker'!$C$17) -> Sister Emily | D17: =IF('🎁 Gift Tracker'!$C$17="","",'🎁 Gift Tracker'!$E$17) -> Bath bomb gift box | E17: =IF('🎁 Gift Tracker'!$C$17="","",IF(OR('🎁 Gift Tracker'!$N$17="✅ Purchased",'🎁 Gift Tracker'!$N$17="🎀 Wrapped",'🎁 Gift Tracker'!$N$17="📦 Delivered"),"✅ Bought",IF('🎁 Gift Tracker'!$N$17="🛍️ Ordered","🚚 On the way","⏳ Not yet"))) -> ⏳ Not yet | F17: =IF('🎁 Gift Tracker'!$C$17="","",IF(OR('🎁 Gift Tracker'!$O$17="✓",'🎁 Gift Tracker'!$N$17="🎀 Wrapped",'🎁 Gift Tracker'!$N$17="📦 Delivered"),"🎀 Wrapped","— to wrap")) -> — to wrap | I17: =IF('🎁 Gift Tracker'!$C$17="","",IF(OR('🎁 Gift Tracker'!$P$17="✓",'🎁 Gift Tracker'!$N$17="📦 Delivered"),"📦 Given","—")) -> —
B18: =IF('🎁 Gift Tracker'!$C$18="","",ROW()-7) -> 11 | C18: =IF('🎁 Gift Tracker'!$C$18="","",'🎁 Gift Tracker'!$C$18) -> Brother Jack | D18: =IF('🎁 Gift Tracker'!$C$18="","",'🎁 Gift Tracker'!$E$18) -> Wireless earbuds | E18: =IF('🎁 Gift Tracker'!$C$18="","",IF(OR('🎁 Gift Tracker'!$N$18="✅ Purchased",'🎁 Gift Tracker'!$N$18="🎀 Wrapped",'🎁 Gift Tracker'!$N$18="📦 Delivered"),"✅ Bought",IF('🎁 Gift Tracker'!$N$18="🛍️ Ordered","🚚 On the way","⏳ Not yet"))) -> 🚚 On the way | F18: =IF('🎁 Gift Tracker'!$C$18="","",IF(OR('🎁 Gift Tracker'!$O$18="✓",'🎁 Gift Tracker'!$N$18="🎀 Wrapped",'🎁 Gift Tracker'!$N$18="📦 Delivered"),"🎀 Wrapped","— to wrap")) -> — to wrap | I18: =IF('🎁 Gift Tracker'!$C$18="","",IF(OR('🎁 Gift Tracker'!$P$18="✓",'🎁 Gift Tracker'!$N$18="📦 Delivered"),"📦 Given","—")) -> —
B19: =IF('🎁 Gift Tracker'!$C$19="","",ROW()-7) -> 12 | C19: =IF('🎁 Gift Tracker'!$C$19="","",'🎁 Gift Tracker'!$C$19) -> Brother Jack | D19: =IF('🎁 Gift Tracker'!$C$19="","",'🎁 Gift Tracker'!$E$19) -> Craft beer hamper | E19: =IF('🎁 Gift Tracker'!$C$19="","",IF(OR('🎁 Gift Tracker'!$N$19="✅ Purchased",'🎁 Gift Tracker'!$N$19="🎀 Wrapped",'🎁 Gift Tracker'!$N$19="📦 Delivered"),"✅ Bought",IF('🎁 Gift Tracker'!$N$19="🛍️ Ordered","🚚 On the way","⏳ Not yet"))) -> ✅ Bought | F19: =IF('🎁 Gift Tracker'!$C$19="","",IF(OR('🎁 Gift Tracker'!$O$19="✓",'🎁 Gift Tracker'!$N$19="🎀 Wrapped",'🎁 Gift Tracker'!$N$19="📦 Delivered"),"🎀 Wrapped","— to wrap")) -> — to wrap | I19: =IF('🎁 Gift Tracker'!$C$19="","",IF(OR('🎁 Gift Tracker'!$P$19="✓",'🎁 Gift Tracker'!$N$19="📦 Delivered"),"📦 Given","—")) -> —
B20: =IF('🎁 Gift Tracker'!$C$20="","",ROW()-7) -> 13 | C20: =IF('🎁 Gift Tracker'!$C$20="","",'🎁 Gift Tracker'!$C$20) -> Niece Sophie | D20: =IF('🎁 Gift Tracker'!$C$20="","",'🎁 Gift Tracker'!$E$20) -> LEGO Friends set | E20: =IF('🎁 Gift Tracker'!$C$20="","",IF(OR('🎁 Gift Tracker'!$N$20="✅ Purchased",'🎁 Gift Tracker'!$N$20="🎀 Wrapped",'🎁 Gift Tracker'!$N$20="📦 Delivered"),"✅ Bought",IF('🎁 Gift Tracker'!$N$20="🛍️ Ordered","🚚 On the way","⏳ Not yet"))) -> ✅ Bought | F20: =IF('🎁 Gift Tracker'!$C$20="","",IF(OR('🎁 Gift Tracker'!$O$20="✓",'🎁 Gift Tracker'!$N$20="🎀 Wrapped",'🎁 Gift Tracker'!$N$20="📦 Delivered"),"🎀 Wrapped","— to wrap")) -> 🎀 Wrapped | G20: Garage shelf | H20: ✓ | I20: =IF('🎁 Gift Tracker'!$C$20="","",IF(OR('🎁 Gift Tracker'!$P$20="✓",'🎁 Gift Tracker'!$N$20="📦 Delivered"),"📦 Given","—")) -> 📦 Given
B21: =IF('🎁 Gift Tracker'!$C$21="","",ROW()-7) -> 14 | C21: =IF('🎁 Gift Tracker'!$C$21="","",'🎁 Gift Tracker'!$C$21) -> Niece Sophie | D21: =IF('🎁 Gift Tracker'!$C$21="","",'🎁 Gift Tracker'!$E$21) -> Art supplies case | E21: =IF('🎁 Gift Tracker'!$C$21="","",IF(OR('🎁 Gift Tracker'!$N$21="✅ Purchased",'🎁 Gift Tracker'!$N$21="🎀 Wrapped",'🎁 Gift Tracker'!$N$21="📦 Delivered"),"✅ Bought",IF('🎁 Gift Tracker'!$N$21="🛍️ Ordered","🚚 On the way","⏳ Not yet"))) -> ✅ Bought | F21: =IF('🎁 Gift Tracker'!$C$21="","",IF(OR('🎁 Gift Tracker'!$O$21="✓",'🎁 Gift Tracker'!$N$21="🎀 Wrapped",'🎁 Gift Tracker'!$N$21="📦 Delivered"),"🎀 Wrapped","— to wrap")) -> 🎀 Wrapped | G21: Top shelf in closet | I21: =IF('🎁 Gift Tracker'!$C$21="","",IF(OR('🎁 Gift Tracker'!$P$21="✓",'🎁 Gift Tracker'!$N$21="📦 Delivered"),"📦 Given","—")) -> —
B22: =IF('🎁 Gift Tracker'!$C$22="","",ROW()-7) -> 15 | C22: =IF('🎁 Gift Tracker'!$C$22="","",'🎁 Gift Tracker'!$C$22) -> Nephew Leo | D22: =IF('🎁 Gift Tracker'!$C$22="","",'🎁 Gift Tracker'!$E$22) -> Dinosaur museum tickets | E22: =IF('🎁 Gift Tracker'!$C$22="","",IF(OR('🎁 Gift Tracker'!$N$22="✅ Purchased",'🎁 Gift Tracker'!$N$22="🎀 Wrapped",'🎁 Gift Tracker'!$N$22="📦 Delivered"),"✅ Bought",IF('🎁 Gift Tracker'!$N$22="🛍️ Ordered","🚚 On the way","⏳ Not yet"))) -> ✅ Bought | F22: =IF('🎁 Gift Tracker'!$C$22="","",IF(OR('🎁 Gift Tracker'!$O$22="✓",'🎁 Gift Tracker'!$N$22="🎀 Wrapped",'🎁 Gift Tracker'!$N$22="📦 Delivered"),"🎀 Wrapped","— to wrap")) -> — to wrap | I22: =IF('🎁 Gift Tracker'!$C$22="","",IF(OR('🎁 Gift Tracker'!$P$22="✓",'🎁 Gift Tracker'!$N$22="📦 Delivered"),"📦 Given","—")) -> —
B23: =IF('🎁 Gift Tracker'!$C$23="","",ROW()-7) -> 16 | C23: =IF('🎁 Gift Tracker'!$C$23="","",'🎁 Gift Tracker'!$C$23) -> Nephew Leo | D23: =IF('🎁 Gift Tracker'!$C$23="","",'🎁 Gift Tracker'!$E$23) -> Graphic novel bundle | E23: =IF('🎁 Gift Tracker'!$C$23="","",IF(OR('🎁 Gift Tracker'!$N$23="✅ Purchased",'🎁 Gift Tracker'!$N$23="🎀 Wrapped",'🎁 Gift Tracker'!$N$23="📦 Delivered"),"✅ Bought",IF('🎁 Gift Tracker'!$N$23="🛍️ Ordered","🚚 On the way","⏳ Not yet"))) -> ⏳ Not yet | F23: =IF('🎁 Gift Tracker'!$C$23="","",IF(OR('🎁 Gift Tracker'!$O$23="✓",'🎁 Gift Tracker'!$N$23="🎀 Wrapped",'🎁 Gift Tracker'!$N$23="📦 Delivered"),"🎀 Wrapped","— to wrap")) -> — to wrap | I23: =IF('🎁 Gift Tracker'!$C$23="","",IF(OR('🎁 Gift Tracker'!$P$23="✓",'🎁 Gift Tracker'!$N$23="📦 Delivered"),"📦 Given","—")) -> —
B24: =IF('🎁 Gift Tracker'!$C$24="","",ROW()-7) -> 17 | C24: =IF('🎁 Gift Tracker'!$C$24="","",'🎁 Gift Tracker'!$C$24) -> Alex (partner) | D24: =IF('🎁 Gift Tracker'!$C$24="","",'🎁 Gift Tracker'!$E$24) -> Weekend getaway | E24: =IF('🎁 Gift Tracker'!$C$24="","",IF(OR('🎁 Gift Tracker'!$N$24="✅ Purchased",'🎁 Gift Tracker'!$N$24="🎀 Wrapped",'🎁 Gift Tracker'!$N$24="📦 Delivered"),"✅ Bought",IF('🎁 Gift Tracker'!$N$24="🛍️ Ordered","🚚 On the way","⏳ Not yet"))) -> ✅ Bought | F24: =IF('🎁 Gift Tracker'!$C$24="","",IF(OR('🎁 Gift Tracker'!$O$24="✓",'🎁 Gift Tracker'!$N$24="🎀 Wrapped",'🎁 Gift Tracker'!$N$24="📦 Delivered"),"🎀 Wrapped","— to wrap")) -> — to wrap | I24: =IF('🎁 Gift Tracker'!$C$24="","",IF(OR('🎁 Gift Tracker'!$P$24="✓",'🎁 Gift Tracker'!$N$24="📦 Delivered"),"📦 Given","—")) -> —
B25: =IF('🎁 Gift Tracker'!$C$25="","",ROW()-7) -> 18 | C25: =IF('🎁 Gift Tracker'!$C$25="","",'🎁 Gift Tracker'!$C$25) -> Alex (partner) | D25: =IF('🎁 Gift Tracker'!$C$25="","",'🎁 Gift Tracker'!$E$25) -> Engraved watch | E25: =IF('🎁 Gift Tracker'!$C$25="","",IF(OR('🎁 Gift Tracker'!$N$25="✅ Purchased",'🎁 Gift Tracker'!$N$25="🎀 Wrapped",'🎁 Gift Tracker'!$N$25="📦 Delivered"),"✅ Bought",IF('🎁 Gift Tracker'!$N$25="🛍️ Ordered","🚚 On the way","⏳ Not yet"))) -> 🚚 On the way | F25: =IF('🎁 Gift Tracker'!$C$25="","",IF(OR('🎁 Gift Tracker'!$O$25="✓",'🎁 Gift Tracker'!$N$25="🎀 Wrapped",'🎁 Gift Tracker'!$N$25="📦 Delivered"),"🎀 Wrapped","— to wrap")) -> — to wrap | I25: =IF('🎁 Gift Tracker'!$C$25="","",IF(OR('🎁 Gift Tracker'!$P$25="✓",'🎁 Gift Tracker'!$N$25="📦 Delivered"),"📦 Given","—")) -> —
B26: =IF('🎁 Gift Tracker'!$C$26="","",ROW()-7) -> 19 | C26: =IF('🎁 Gift Tracker'!$C$26="","",'🎁 Gift Tracker'!$C$26) -> Maya (best friend) | D26: =IF('🎁 Gift Tracker'!$C$26="","",'🎁 Gift Tracker'!$E$26) -> Scented candle trio | E26: =IF('🎁 Gift Tracker'!$C$26="","",IF(OR('🎁 Gift Tracker'!$N$26="✅ Purchased",'🎁 Gift Tracker'!$N$26="🎀 Wrapped",'🎁 Gift Tracker'!$N$26="📦 Delivered"),"✅ Bought",IF('🎁 Gift Tracker'!$N$26="🛍️ Ordered","🚚 On the way","⏳ Not yet"))) -> ✅ Bought | F26: =IF('🎁 Gift Tracker'!$C$26="","",IF(OR('🎁 Gift Tracker'!$O$26="✓",'🎁 Gift Tracker'!$N$26="🎀 Wrapped",'🎁 Gift Tracker'!$N$26="📦 Delivered"),"🎀 Wrapped","— to wrap")) -> 🎀 Wrapped | G26: Under the stairs box | H26: ✓ | I26: =IF('🎁 Gift Tracker'!$C$26="","",IF(OR('🎁 Gift Tracker'!$P$26="✓",'🎁 Gift Tracker'!$N$26="📦 Delivered"),"📦 Given","—")) -> 📦 Given
B27: =IF('🎁 Gift Tracker'!$C$27="","",ROW()-7) -> 20 | C27: =IF('🎁 Gift Tracker'!$C$27="","",'🎁 Gift Tracker'!$C$27) -> Maya (best friend) | D27: =IF('🎁 Gift Tracker'!$C$27="","",'🎁 Gift Tracker'!$E$27) -> Baking cookbook | E27: =IF('🎁 Gift Tracker'!$C$27="","",IF(OR('🎁 Gift Tracker'!$N$27="✅ Purchased",'🎁 Gift Tracker'!$N$27="🎀 Wrapped",'🎁 Gift Tracker'!$N$27="📦 Delivered"),"✅ Bought",IF('🎁 Gift Tracker'!$N$27="🛍️ Ordered","🚚 On the way","⏳ Not yet"))) -> ⏳ Not yet | F27: =IF('🎁 Gift Tracker'!$C$27="","",IF(OR('🎁 Gift Tracker'!$O$27="✓",'🎁 Gift Tracker'!$N$27="🎀 Wrapped",'🎁 Gift Tracker'!$N$27="📦 Delivered"),"🎀 Wrapped","— to wrap")) -> — to wrap | I27: =IF('🎁 Gift Tracker'!$C$27="","",IF(OR('🎁 Gift Tracker'!$P$27="✓",'🎁 Gift Tracker'!$N$27="📦 Delivered"),"📦 Given","—")) -> —
B28: =IF('🎁 Gift Tracker'!$C$28="","",ROW()-7) -> 21 | C28: =IF('🎁 Gift Tracker'!$C$28="","",'🎁 Gift Tracker'!$C$28) -> Cousin Dan | D28: =IF('🎁 Gift Tracker'!$C$28="","",'🎁 Gift Tracker'!$E$28) -> Strategy board game | E28: =IF('🎁 Gift Tracker'!$C$28="","",IF(OR('🎁 Gift Tracker'!$N$28="✅ Purchased",'🎁 Gift Tracker'!$N$28="🎀 Wrapped",'🎁 Gift Tracker'!$N$28="📦 Delivered"),"✅ Bought",IF('🎁 Gift Tracker'!$N$28="🛍️ Ordered","🚚 On the way","⏳ Not yet"))) -> ✅ Bought | F28: =IF('🎁 Gift Tracker'!$C$28="","",IF(OR('🎁 Gift Tracker'!$O$28="✓",'🎁 Gift Tracker'!$N$28="🎀 Wrapped",'🎁 Gift Tracker'!$N$28="📦 Delivered"),"🎀 Wrapped","— to wrap")) -> — to wrap | I28: =IF('🎁 Gift Tracker'!$C$28="","",IF(OR('🎁 Gift Tracker'!$P$28="✓",'🎁 Gift Tracker'!$N$28="📦 Delivered"),"📦 Given","—")) -> —
B29: =IF('🎁 Gift Tracker'!$C$29="","",ROW()-7) -> 22 | C29: =IF('🎁 Gift Tracker'!$C$29="","",'🎁 Gift Tracker'!$C$29) -> Cousin Dan | D29: =IF('🎁 Gift Tracker'!$C$29="","",'🎁 Gift Tracker'!$E$29) -> Coffee bean subscription | E29: =IF('🎁 Gift Tracker'!$C$29="","",IF(OR('🎁 Gift Tracker'!$N$29="✅ Purchased",'🎁 Gift Tracker'!$N$29="🎀 Wrapped",'🎁 Gift Tracker'!$N$29="📦 Delivered"),"✅ Bought",IF('🎁 Gift Tracker'!$N$29="🛍️ Ordered","🚚 On the way","⏳ Not yet"))) -> ⏳ Not yet | F29: =IF('🎁 Gift Tracker'!$C$29="","",IF(OR('🎁 Gift Tracker'!$O$29="✓",'🎁 Gift Tracker'!$N$29="🎀 Wrapped",'🎁 Gift Tracker'!$N$29="📦 Delivered"),"🎀 Wrapped","— to wrap")) -> — to wrap | I29: =IF('🎁 Gift Tracker'!$C$29="","",IF(OR('🎁 Gift Tracker'!$P$29="✓",'🎁 Gift Tracker'!$N$29="📦 Delivered"),"📦 Given","—")) -> —
B30: =IF('🎁 Gift Tracker'!$C$30="","",ROW()-7) -> 23 | C30: =IF('🎁 Gift Tracker'!$C$30="","",'🎁 Gift Tracker'!$C$30) -> Aunt Carol | D30: =IF('🎁 Gift Tracker'!$C$30="","",'🎁 Gift Tracker'!$E$30) -> Silk scarf | E30: =IF('🎁 Gift Tracker'!$C$30="","",IF(OR('🎁 Gift Tracker'!$N$30="✅ Purchased",'🎁 Gift Tracker'!$N$30="🎀 Wrapped",'🎁 Gift Tracker'!$N$30="📦 Delivered"),"✅ Bought",IF('🎁 Gift Tracker'!$N$30="🛍️ Ordered","🚚 On the way","⏳ Not yet"))) -> ✅ Bought | F30: =IF('🎁 Gift Tracker'!$C$30="","",IF(OR('🎁 Gift Tracker'!$O$30="✓",'🎁 Gift Tracker'!$N$30="🎀 Wrapped",'🎁 Gift Tracker'!$N$30="📦 Delivered"),"🎀 Wrapped","— to wrap")) -> 🎀 Wrapped | G30: Shoe box in wardrobe | H30: ✓ | I30: =IF('🎁 Gift Tracker'!$C$30="","",IF(OR('🎁 Gift Tracker'!$P$30="✓",'🎁 Gift Tracker'!$N$30="📦 Delivered"),"📦 Given","—")) -> 📦 Given
B31: =IF('🎁 Gift Tracker'!$C$31="","",ROW()-7) -> 24 | C31: =IF('🎁 Gift Tracker'!$C$31="","",'🎁 Gift Tracker'!$C$31) -> Aunt Carol | D31: =IF('🎁 Gift Tracker'!$C$31="","",'🎁 Gift Tracker'!$E$31) -> Garden gloves & tool set | E31: =IF('🎁 Gift Tracker'!$C$31="","",IF(OR('🎁 Gift Tracker'!$N$31="✅ Purchased",'🎁 Gift Tracker'!$N$31="🎀 Wrapped",'🎁 Gift Tracker'!$N$31="📦 Delivered"),"✅ Bought",IF('🎁 Gift Tracker'!$N$31="🛍️ Ordered","🚚 On the way","⏳ Not yet"))) -> ✅ Bought | F31: =IF('🎁 Gift Tracker'!$C$31="","",IF(OR('🎁 Gift Tracker'!$O$31="✓",'🎁 Gift Tracker'!$N$31="🎀 Wrapped",'🎁 Gift Tracker'!$N$31="📦 Delivered"),"🎀 Wrapped","— to wrap")) -> 🎀 Wrapped | G31: Back of the pantry | H31: ✓ | I31: =IF('🎁 Gift Tracker'!$C$31="","",IF(OR('🎁 Gift Tracker'!$P$31="✓",'🎁 Gift Tracker'!$N$31="📦 Delivered"),"📦 Given","—")) -> —
B32: =IF('🎁 Gift Tracker'!$C$32="","",ROW()-7) -> 25 | C32: =IF('🎁 Gift Tracker'!$C$32="","",'🎁 Gift Tracker'!$C$32) -> Secret Santa | D32: =IF('🎁 Gift Tracker'!$C$32="","",'🎁 Gift Tracker'!$E$32) -> Novelty reindeer mug | E32: =IF('🎁 Gift Tracker'!$C$32="","",IF(OR('🎁 Gift Tracker'!$N$32="✅ Purchased",'🎁 Gift Tracker'!$N$32="🎀 Wrapped",'🎁 Gift Tracker'!$N$32="📦 Delivered"),"✅ Bought",IF('🎁 Gift Tracker'!$N$32="🛍️ Ordered","🚚 On the way","⏳ Not yet"))) -> ✅ Bought | F32: =IF('🎁 Gift Tracker'!$C$32="","",IF(OR('🎁 Gift Tracker'!$O$32="✓",'🎁 Gift Tracker'!$N$32="🎀 Wrapped",'🎁 Gift Tracker'!$N$32="📦 Delivered"),"🎀 Wrapped","— to wrap")) -> — to wrap | I32: =IF('🎁 Gift Tracker'!$C$32="","",IF(OR('🎁 Gift Tracker'!$P$32="✓",'🎁 Gift Tracker'!$N$32="📦 Delivered"),"📦 Given","—")) -> —
B33: =IF('🎁 Gift Tracker'!$C$33="","",ROW()-7) | C33: =IF('🎁 Gift Tracker'!$C$33="","",'🎁 Gift Tracker'!$C$33) | D33: =IF('🎁 Gift Tracker'!$C$33="","",'🎁 Gift Tracker'!$E$33) | E33: =IF('🎁 Gift Tracker'!$C$33="","",IF(OR('🎁 Gift Tracker'!$N$33="✅ Purchased",'🎁 Gift Tracker'!$N$33="🎀 Wrapped",'🎁 Gift Tracker'!$N$33="📦 Delivered"),"✅ Bought",IF('🎁 Gift Tracker'!$N$33="🛍️ Ordered","🚚 On the way","⏳ Not yet"))) | F33: =IF('🎁 Gift Tracker'!$C$33="","",IF(OR('🎁 Gift Tracker'!$O$33="✓",'🎁 Gift Tracker'!$N$33="🎀 Wrapped",'🎁 Gift Tracker'!$N$33="📦 Delivered"),"🎀 Wrapped","— to wrap")) | I33: =IF('🎁 Gift Tracker'!$C$33="","",IF(OR('🎁 Gift Tracker'!$P$33="✓",'🎁 Gift Tracker'!$N$33="📦 Delivered"),"📦 Given","—"))
B34: =IF('🎁 Gift Tracker'!$C$34="","",ROW()-7) | C34: =IF('🎁 Gift Tracker'!$C$34="","",'🎁 Gift Tracker'!$C$34) | D34: =IF('🎁 Gift Tracker'!$C$34="","",'🎁 Gift Tracker'!$E$34) | E34: =IF('🎁 Gift Tracker'!$C$34="","",IF(OR('🎁 Gift Tracker'!$N$34="✅ Purchased",'🎁 Gift Tracker'!$N$34="🎀 Wrapped",'🎁 Gift Tracker'!$N$34="📦 Delivered"),"✅ Bought",IF('🎁 Gift Tracker'!$N$34="🛍️ Ordered","🚚 On the way","⏳ Not yet"))) | F34: =IF('🎁 Gift Tracker'!$C$34="","",IF(OR('🎁 Gift Tracker'!$O$34="✓",'🎁 Gift Tracker'!$N$34="🎀 Wrapped",'🎁 Gift Tracker'!$N$34="📦 Delivered"),"🎀 Wrapped","— to wrap")) | I34: =IF('🎁 Gift Tracker'!$C$34="","",IF(OR('🎁 Gift Tracker'!$P$34="✓",'🎁 Gift Tracker'!$N$34="📦 Delivered"),"📦 Given","—"))
B35: =IF('🎁 Gift Tracker'!$C$35="","",ROW()-7) | C35: =IF('🎁 Gift Tracker'!$C$35="","",'🎁 Gift Tracker'!$C$35) | D35: =IF('🎁 Gift Tracker'!$C$35="","",'🎁 Gift Tracker'!$E$35) | E35: =IF('🎁 Gift Tracker'!$C$35="","",IF(OR('🎁 Gift Tracker'!$N$35="✅ Purchased",'🎁 Gift Tracker'!$N$35="🎀 Wrapped",'🎁 Gift Tracker'!$N$35="📦 Delivered"),"✅ Bought",IF('🎁 Gift Tracker'!$N$35="🛍️ Ordered","🚚 On the way","⏳ Not yet"))) | F35: =IF('🎁 Gift Tracker'!$C$35="","",IF(OR('🎁 Gift Tracker'!$O$35="✓",'🎁 Gift Tracker'!$N$35="🎀 Wrapped",'🎁 Gift Tracker'!$N$35="📦 Delivered"),"🎀 Wrapped","— to wrap")) | I35: =IF('🎁 Gift Tracker'!$C$35="","",IF(OR('🎁 Gift Tracker'!$P$35="✓",'🎁 Gift Tracker'!$N$35="📦 Delivered"),"📦 Given","—"))
B36: =IF('🎁 Gift Tracker'!$C$36="","",ROW()-7) | C36: =IF('🎁 Gift Tracker'!$C$36="","",'🎁 Gift Tracker'!$C$36) | D36: =IF('🎁 Gift Tracker'!$C$36="","",'🎁 Gift Tracker'!$E$36) | E36: =IF('🎁 Gift Tracker'!$C$36="","",IF(OR('🎁 Gift Tracker'!$N$36="✅ Purchased",'🎁 Gift Tracker'!$N$36="🎀 Wrapped",'🎁 Gift Tracker'!$N$36="📦 Delivered"),"✅ Bought",IF('🎁 Gift Tracker'!$N$36="🛍️ Ordered","🚚 On the way","⏳ Not yet"))) | F36: =IF('🎁 Gift Tracker'!$C$36="","",IF(OR('🎁 Gift Tracker'!$O$36="✓",'🎁 Gift Tracker'!$N$36="🎀 Wrapped",'🎁 Gift Tracker'!$N$36="📦 Delivered"),"🎀 Wrapped","— to wrap")) | I36: =IF('🎁 Gift Tracker'!$C$36="","",IF(OR('🎁 Gift Tracker'!$P$36="✓",'🎁 Gift Tracker'!$N$36="📦 Delivered"),"📦 Given","—"))
B37: =IF('🎁 Gift Tracker'!$C$37="","",ROW()-7) | C37: =IF('🎁 Gift Tracker'!$C$37="","",'🎁 Gift Tracker'!$C$37) | D37: =IF('🎁 Gift Tracker'!$C$37="","",'🎁 Gift Tracker'!$E$37) | E37: =IF('🎁 Gift Tracker'!$C$37="","",IF(OR('🎁 Gift Tracker'!$N$37="✅ Purchased",'🎁 Gift Tracker'!$N$37="🎀 Wrapped",'🎁 Gift Tracker'!$N$37="📦 Delivered"),"✅ Bought",IF('🎁 Gift Tracker'!$N$37="🛍️ Ordered","🚚 On the way","⏳ Not yet"))) | F37: =IF('🎁 Gift Tracker'!$C$37="","",IF(OR('🎁 Gift Tracker'!$O$37="✓",'🎁 Gift Tracker'!$N$37="🎀 Wrapped",'🎁 Gift Tracker'!$N$37="📦 Delivered"),"🎀 Wrapped","— to wrap")) | I37: =IF('🎁 Gift Tracker'!$C$37="","",IF(OR('🎁 Gift Tracker'!$P$37="✓",'🎁 Gift Tracker'!$N$37="📦 Delivered"),"📦 Given","—"))
B38: =IF('🎁 Gift Tracker'!$C$38="","",ROW()-7) | C38: =IF('🎁 Gift Tracker'!$C$38="","",'🎁 Gift Tracker'!$C$38) | D38: =IF('🎁 Gift Tracker'!$C$38="","",'🎁 Gift Tracker'!$E$38) | E38: =IF('🎁 Gift Tracker'!$C$38="","",IF(OR('🎁 Gift Tracker'!$N$38="✅ Purchased",'🎁 Gift Tracker'!$N$38="🎀 Wrapped",'🎁 Gift Tracker'!$N$38="📦 Delivered"),"✅ Bought",IF('🎁 Gift Tracker'!$N$38="🛍️ Ordered","🚚 On the way","⏳ Not yet"))) | F38: =IF('🎁 Gift Tracker'!$C$38="","",IF(OR('🎁 Gift Tracker'!$O$38="✓",'🎁 Gift Tracker'!$N$38="🎀 Wrapped",'🎁 Gift Tracker'!$N$38="📦 Delivered"),"🎀 Wrapped","— to wrap")) | I38: =IF('🎁 Gift Tracker'!$C$38="","",IF(OR('🎁 Gift Tracker'!$P$38="✓",'🎁 Gift Tracker'!$N$38="📦 Delivered"),"📦 Given","—"))
B39: =IF('🎁 Gift Tracker'!$C$39="","",ROW()-7) | C39: =IF('🎁 Gift Tracker'!$C$39="","",'🎁 Gift Tracker'!$C$39) | D39: =IF('🎁 Gift Tracker'!$C$39="","",'🎁 Gift Tracker'!$E$39) | E39: =IF('🎁 Gift Tracker'!$C$39="","",IF(OR('🎁 Gift Tracker'!$N$39="✅ Purchased",'🎁 Gift Tracker'!$N$39="🎀 Wrapped",'🎁 Gift Tracker'!$N$39="📦 Delivered"),"✅ Bought",IF('🎁 Gift Tracker'!$N$39="🛍️ Ordered","🚚 On the way","⏳ Not yet"))) | F39: =IF('🎁 Gift Tracker'!$C$39="","",IF(OR('🎁 Gift Tracker'!$O$39="✓",'🎁 Gift Tracker'!$N$39="🎀 Wrapped",'🎁 Gift Tracker'!$N$39="📦 Delivered"),"🎀 Wrapped","— to wrap")) | I39: =IF('🎁 Gift Tracker'!$C$39="","",IF(OR('🎁 Gift Tracker'!$P$39="✓",'🎁 Gift Tracker'!$N$39="📦 Delivered"),"📦 Given","—"))
B40: =IF('🎁 Gift Tracker'!$C$40="","",ROW()-7) | C40: =IF('🎁 Gift Tracker'!$C$40="","",'🎁 Gift Tracker'!$C$40) | D40: =IF('🎁 Gift Tracker'!$C$40="","",'🎁 Gift Tracker'!$E$40) | E40: =IF('🎁 Gift Tracker'!$C$40="","",IF(OR('🎁 Gift Tracker'!$N$40="✅ Purchased",'🎁 Gift Tracker'!$N$40="🎀 Wrapped",'🎁 Gift Tracker'!$N$40="📦 Delivered"),"✅ Bought",IF('🎁 Gift Tracker'!$N$40="🛍️ Ordered","🚚 On the way","⏳ Not yet"))) | F40: =IF('🎁 Gift Tracker'!$C$40="","",IF(OR('🎁 Gift Tracker'!$O$40="✓",'🎁 Gift Tracker'!$N$40="🎀 Wrapped",'🎁 Gift Tracker'!$N$40="📦 Delivered"),"🎀 Wrapped","— to wrap")) | I40: =IF('🎁 Gift Tracker'!$C$40="","",IF(OR('🎁 Gift Tracker'!$P$40="✓",'🎁 Gift Tracker'!$N$40="📦 Delivered"),"📦 Given","—"))
B41: =IF('🎁 Gift Tracker'!$C$41="","",ROW()-7) | C41: =IF('🎁 Gift Tracker'!$C$41="","",'🎁 Gift Tracker'!$C$41) | D41: =IF('🎁 Gift Tracker'!$C$41="","",'🎁 Gift Tracker'!$E$41) | E41: =IF('🎁 Gift Tracker'!$C$41="","",IF(OR('🎁 Gift Tracker'!$N$41="✅ Purchased",'🎁 Gift Tracker'!$N$41="🎀 Wrapped",'🎁 Gift Tracker'!$N$41="📦 Delivered"),"✅ Bought",IF('🎁 Gift Tracker'!$N$41="🛍️ Ordered","🚚 On the way","⏳ Not yet"))) | F41: =IF('🎁 Gift Tracker'!$C$41="","",IF(OR('🎁 Gift Tracker'!$O$41="✓",'🎁 Gift Tracker'!$N$41="🎀 Wrapped",'🎁 Gift Tracker'!$N$41="📦 Delivered"),"🎀 Wrapped","— to wrap")) | I41: =IF('🎁 Gift Tracker'!$C$41="","",IF(OR('🎁 Gift Tracker'!$P$41="✓",'🎁 Gift Tracker'!$N$41="📦 Delivered"),"📦 Given","—"))
B42: =IF('🎁 Gift Tracker'!$C$42="","",ROW()-7) | C42: =IF('🎁 Gift Tracker'!$C$42="","",'🎁 Gift Tracker'!$C$42) | D42: =IF('🎁 Gift Tracker'!$C$42="","",'🎁 Gift Tracker'!$E$42) | E42: =IF('🎁 Gift Tracker'!$C$42="","",IF(OR('🎁 Gift Tracker'!$N$42="✅ Purchased",'🎁 Gift Tracker'!$N$42="🎀 Wrapped",'🎁 Gift Tracker'!$N$42="📦 Delivered"),"✅ Bought",IF('🎁 Gift Tracker'!$N$42="🛍️ Ordered","🚚 On the way","⏳ Not yet"))) | F42: =IF('🎁 Gift Tracker'!$C$42="","",IF(OR('🎁 Gift Tracker'!$O$42="✓",'🎁 Gift Tracker'!$N$42="🎀 Wrapped",'🎁 Gift Tracker'!$N$42="📦 Delivered"),"🎀 Wrapped","— to wrap")) | I42: =IF('🎁 Gift Tracker'!$C$42="","",IF(OR('🎁 Gift Tracker'!$P$42="✓",'🎁 Gift Tracker'!$N$42="📦 Delivered"),"📦 Given","—"))
B43: =IF('🎁 Gift Tracker'!$C$43="","",ROW()-7) | C43: =IF('🎁 Gift Tracker'!$C$43="","",'🎁 Gift Tracker'!$C$43) | D43: =IF('🎁 Gift Tracker'!$C$43="","",'🎁 Gift Tracker'!$E$43) | E43: =IF('🎁 Gift Tracker'!$C$43="","",IF(OR('🎁 Gift Tracker'!$N$43="✅ Purchased",'🎁 Gift Tracker'!$N$43="🎀 Wrapped",'🎁 Gift Tracker'!$N$43="📦 Delivered"),"✅ Bought",IF('🎁 Gift Tracker'!$N$43="🛍️ Ordered","🚚 On the way","⏳ Not yet"))) | F43: =IF('🎁 Gift Tracker'!$C$43="","",IF(OR('🎁 Gift Tracker'!$O$43="✓",'🎁 Gift Tracker'!$N$43="🎀 Wrapped",'🎁 Gift Tracker'!$N$43="📦 Delivered"),"🎀 Wrapped","— to wrap")) | I43: =IF('🎁 Gift Tracker'!$C$43="","",IF(OR('🎁 Gift Tracker'!$P$43="✓",'🎁 Gift Tracker'!$N$43="📦 Delivered"),"📦 Given","—"))
B44: =IF('🎁 Gift Tracker'!$C$44="","",ROW()-7) | C44: =IF('🎁 Gift Tracker'!$C$44="","",'🎁 Gift Tracker'!$C$44) | D44: =IF('🎁 Gift Tracker'!$C$44="","",'🎁 Gift Tracker'!$E$44) | E44: =IF('🎁 Gift Tracker'!$C$44="","",IF(OR('🎁 Gift Tracker'!$N$44="✅ Purchased",'🎁 Gift Tracker'!$N$44="🎀 Wrapped",'🎁 Gift Tracker'!$N$44="📦 Delivered"),"✅ Bought",IF('🎁 Gift Tracker'!$N$44="🛍️ Ordered","🚚 On the way","⏳ Not yet"))) | F44: =IF('🎁 Gift Tracker'!$C$44="","",IF(OR('🎁 Gift Tracker'!$O$44="✓",'🎁 Gift Tracker'!$N$44="🎀 Wrapped",'🎁 Gift Tracker'!$N$44="📦 Delivered"),"🎀 Wrapped","— to wrap")) | I44: =IF('🎁 Gift Tracker'!$C$44="","",IF(OR('🎁 Gift Tracker'!$P$44="✓",'🎁 Gift Tracker'!$N$44="📦 Delivered"),"📦 Given","—"))
B45: =IF('🎁 Gift Tracker'!$C$45="","",ROW()-7) | C45: =IF('🎁 Gift Tracker'!$C$45="","",'🎁 Gift Tracker'!$C$45) | D45: =IF('🎁 Gift Tracker'!$C$45="","",'🎁 Gift Tracker'!$E$45) | E45: =IF('🎁 Gift Tracker'!$C$45="","",IF(OR('🎁 Gift Tracker'!$N$45="✅ Purchased",'🎁 Gift Tracker'!$N$45="🎀 Wrapped",'🎁 Gift Tracker'!$N$45="📦 Delivered"),"✅ Bought",IF('🎁 Gift Tracker'!$N$45="🛍️ Ordered","🚚 On the way","⏳ Not yet"))) | F45: =IF('🎁 Gift Tracker'!$C$45="","",IF(OR('🎁 Gift Tracker'!$O$45="✓",'🎁 Gift Tracker'!$N$45="🎀 Wrapped",'🎁 Gift Tracker'!$N$45="📦 Delivered"),"🎀 Wrapped","— to wrap")) | I45: =IF('🎁 Gift Tracker'!$C$45="","",IF(OR('🎁 Gift Tracker'!$P$45="✓",'🎁 Gift Tracker'!$N$45="📦 Delivered"),"📦 Given","—"))
B46: =IF('🎁 Gift Tracker'!$C$46="","",ROW()-7) | C46: =IF('🎁 Gift Tracker'!$C$46="","",'🎁 Gift Tracker'!$C$46) | D46: =IF('🎁 Gift Tracker'!$C$46="","",'🎁 Gift Tracker'!$E$46) | E46: =IF('🎁 Gift Tracker'!$C$46="","",IF(OR('🎁 Gift Tracker'!$N$46="✅ Purchased",'🎁 Gift Tracker'!$N$46="🎀 Wrapped",'🎁 Gift Tracker'!$N$46="📦 Delivered"),"✅ Bought",IF('🎁 Gift Tracker'!$N$46="🛍️ Ordered","🚚 On the way","⏳ Not yet"))) | F46: =IF('🎁 Gift Tracker'!$C$46="","",IF(OR('🎁 Gift Tracker'!$O$46="✓",'🎁 Gift Tracker'!$N$46="🎀 Wrapped",'🎁 Gift Tracker'!$N$46="📦 Delivered"),"🎀 Wrapped","— to wrap")) | I46: =IF('🎁 Gift Tracker'!$C$46="","",IF(OR('🎁 Gift Tracker'!$P$46="✓",'🎁 Gift Tracker'!$N$46="📦 Delivered"),"📦 Given","—"))
B47: =IF('🎁 Gift Tracker'!$C$47="","",ROW()-7) | C47: =IF('🎁 Gift Tracker'!$C$47="","",'🎁 Gift Tracker'!$C$47) | D47: =IF('🎁 Gift Tracker'!$C$47="","",'🎁 Gift Tracker'!$E$47) | E47: =IF('🎁 Gift Tracker'!$C$47="","",IF(OR('🎁 Gift Tracker'!$N$47="✅ Purchased",'🎁 Gift Tracker'!$N$47="🎀 Wrapped",'🎁 Gift Tracker'!$N$47="📦 Delivered"),"✅ Bought",IF('🎁 Gift Tracker'!$N$47="🛍️ Ordered","🚚 On the way","⏳ Not yet"))) | F47: =IF('🎁 Gift Tracker'!$C$47="","",IF(OR('🎁 Gift Tracker'!$O$47="✓",'🎁 Gift Tracker'!$N$47="🎀 Wrapped",'🎁 Gift Tracker'!$N$47="📦 Delivered"),"🎀 Wrapped","— to wrap")) | I47: =IF('🎁 Gift Tracker'!$C$47="","",IF(OR('🎁 Gift Tracker'!$P$47="✓",'🎁 Gift Tracker'!$N$47="📦 Delivered"),"📦 Given","—"))
B48: =IF('🎁 Gift Tracker'!$C$48="","",ROW()-7) | C48: =IF('🎁 Gift Tracker'!$C$48="","",'🎁 Gift Tracker'!$C$48) | D48: =IF('🎁 Gift Tracker'!$C$48="","",'🎁 Gift Tracker'!$E$48) | E48: =IF('🎁 Gift Tracker'!$C$48="","",IF(OR('🎁 Gift Tracker'!$N$48="✅ Purchased",'🎁 Gift Tracker'!$N$48="🎀 Wrapped",'🎁 Gift Tracker'!$N$48="📦 Delivered"),"✅ Bought",IF('🎁 Gift Tracker'!$N$48="🛍️ Ordered","🚚 On the way","⏳ Not yet"))) | F48: =IF('🎁 Gift Tracker'!$C$48="","",IF(OR('🎁 Gift Tracker'!$O$48="✓",'🎁 Gift Tracker'!$N$48="🎀 Wrapped",'🎁 Gift Tracker'!$N$48="📦 Delivered"),"🎀 Wrapped","— to wrap")) | I48: =IF('🎁 Gift Tracker'!$C$48="","",IF(OR('🎁 Gift Tracker'!$P$48="✓",'🎁 Gift Tracker'!$N$48="📦 Delivered"),"📦 Given","—"))
B49: =IF('🎁 Gift Tracker'!$C$49="","",ROW()-7) | C49: =IF('🎁 Gift Tracker'!$C$49="","",'🎁 Gift Tracker'!$C$49) | D49: =IF('🎁 Gift Tracker'!$C$49="","",'🎁 Gift Tracker'!$E$49) | E49: =IF('🎁 Gift Tracker'!$C$49="","",IF(OR('🎁 Gift Tracker'!$N$49="✅ Purchased",'🎁 Gift Tracker'!$N$49="🎀 Wrapped",'🎁 Gift Tracker'!$N$49="📦 Delivered"),"✅ Bought",IF('🎁 Gift Tracker'!$N$49="🛍️ Ordered","🚚 On the way","⏳ Not yet"))) | F49: =IF('🎁 Gift Tracker'!$C$49="","",IF(OR('🎁 Gift Tracker'!$O$49="✓",'🎁 Gift Tracker'!$N$49="🎀 Wrapped",'🎁 Gift Tracker'!$N$49="📦 Delivered"),"🎀 Wrapped","— to wrap")) | I49: =IF('🎁 Gift Tracker'!$C$49="","",IF(OR('🎁 Gift Tracker'!$P$49="✓",'🎁 Gift Tracker'!$N$49="📦 Delivered"),"📦 Given","—"))
B50: =IF('🎁 Gift Tracker'!$C$50="","",ROW()-7) | C50: =IF('🎁 Gift Tracker'!$C$50="","",'🎁 Gift Tracker'!$C$50) | D50: =IF('🎁 Gift Tracker'!$C$50="","",'🎁 Gift Tracker'!$E$50) | E50: =IF('🎁 Gift Tracker'!$C$50="","",IF(OR('🎁 Gift Tracker'!$N$50="✅ Purchased",'🎁 Gift Tracker'!$N$50="🎀 Wrapped",'🎁 Gift Tracker'!$N$50="📦 Delivered"),"✅ Bought",IF('🎁 Gift Tracker'!$N$50="🛍️ Ordered","🚚 On the way","⏳ Not yet"))) | F50: =IF('🎁 Gift Tracker'!$C$50="","",IF(OR('🎁 Gift Tracker'!$O$50="✓",'🎁 Gift Tracker'!$N$50="🎀 Wrapped",'🎁 Gift Tracker'!$N$50="📦 Delivered"),"🎀 Wrapped","— to wrap")) | I50: =IF('🎁 Gift Tracker'!$C$50="","",IF(OR('🎁 Gift Tracker'!$P$50="✓",'🎁 Gift Tracker'!$N$50="📦 Delivered"),"📦 Given","—"))
B51: =IF('🎁 Gift Tracker'!$C$51="","",ROW()-7) | C51: =IF('🎁 Gift Tracker'!$C$51="","",'🎁 Gift Tracker'!$C$51) | D51: =IF('🎁 Gift Tracker'!$C$51="","",'🎁 Gift Tracker'!$E$51) | E51: =IF('🎁 Gift Tracker'!$C$51="","",IF(OR('🎁 Gift Tracker'!$N$51="✅ Purchased",'🎁 Gift Tracker'!$N$51="🎀 Wrapped",'🎁 Gift Tracker'!$N$51="📦 Delivered"),"✅ Bought",IF('🎁 Gift Tracker'!$N$51="🛍️ Ordered","🚚 On the way","⏳ Not yet"))) | F51: =IF('🎁 Gift Tracker'!$C$51="","",IF(OR('🎁 Gift Tracker'!$O$51="✓",'🎁 Gift Tracker'!$N$51="🎀 Wrapped",'🎁 Gift Tracker'!$N$51="📦 Delivered"),"🎀 Wrapped","— to wrap")) | I51: =IF('🎁 Gift Tracker'!$C$51="","",IF(OR('🎁 Gift Tracker'!$P$51="✓",'🎁 Gift Tracker'!$N$51="📦 Delivered"),"📦 Given","—"))
B52: =IF('🎁 Gift Tracker'!$C$52="","",ROW()-7) | C52: =IF('🎁 Gift Tracker'!$C$52="","",'🎁 Gift Tracker'!$C$52) | D52: =IF('🎁 Gift Tracker'!$C$52="","",'🎁 Gift Tracker'!$E$52) | E52: =IF('🎁 Gift Tracker'!$C$52="","",IF(OR('🎁 Gift Tracker'!$N$52="✅ Purchased",'🎁 Gift Tracker'!$N$52="🎀 Wrapped",'🎁 Gift Tracker'!$N$52="📦 Delivered"),"✅ Bought",IF('🎁 Gift Tracker'!$N$52="🛍️ Ordered","🚚 On the way","⏳ Not yet"))) | F52: =IF('🎁 Gift Tracker'!$C$52="","",IF(OR('🎁 Gift Tracker'!$O$52="✓",'🎁 Gift Tracker'!$N$52="🎀 Wrapped",'🎁 Gift Tracker'!$N$52="📦 Delivered"),"🎀 Wrapped","— to wrap")) | I52: =IF('🎁 Gift Tracker'!$C$52="","",IF(OR('🎁 Gift Tracker'!$P$52="✓",'🎁 Gift Tracker'!$N$52="📦 Delivered"),"📦 Given","—"))
B53: =IF('🎁 Gift Tracker'!$C$53="","",ROW()-7) | C53: =IF('🎁 Gift Tracker'!$C$53="","",'🎁 Gift Tracker'!$C$53) | D53: =IF('🎁 Gift Tracker'!$C$53="","",'🎁 Gift Tracker'!$E$53) | E53: =IF('🎁 Gift Tracker'!$C$53="","",IF(OR('🎁 Gift Tracker'!$N$53="✅ Purchased",'🎁 Gift Tracker'!$N$53="🎀 Wrapped",'🎁 Gift Tracker'!$N$53="📦 Delivered"),"✅ Bought",IF('🎁 Gift Tracker'!$N$53="🛍️ Ordered","🚚 On the way","⏳ Not yet"))) | F53: =IF('🎁 Gift Tracker'!$C$53="","",IF(OR('🎁 Gift Tracker'!$O$53="✓",'🎁 Gift Tracker'!$N$53="🎀 Wrapped",'🎁 Gift Tracker'!$N$53="📦 Delivered"),"🎀 Wrapped","— to wrap")) | I53: =IF('🎁 Gift Tracker'!$C$53="","",IF(OR('🎁 Gift Tracker'!$P$53="✓",'🎁 Gift Tracker'!$N$53="📦 Delivered"),"📦 Given","—"))
B54: =IF('🎁 Gift Tracker'!$C$54="","",ROW()-7) | C54: =IF('🎁 Gift Tracker'!$C$54="","",'🎁 Gift Tracker'!$C$54) | D54: =IF('🎁 Gift Tracker'!$C$54="","",'🎁 Gift Tracker'!$E$54) | E54: =IF('🎁 Gift Tracker'!$C$54="","",IF(OR('🎁 Gift Tracker'!$N$54="✅ Purchased",'🎁 Gift Tracker'!$N$54="🎀 Wrapped",'🎁 Gift Tracker'!$N$54="📦 Delivered"),"✅ Bought",IF('🎁 Gift Tracker'!$N$54="🛍️ Ordered","🚚 On the way","⏳ Not yet"))) | F54: =IF('🎁 Gift Tracker'!$C$54="","",IF(OR('🎁 Gift Tracker'!$O$54="✓",'🎁 Gift Tracker'!$N$54="🎀 Wrapped",'🎁 Gift Tracker'!$N$54="📦 Delivered"),"🎀 Wrapped","— to wrap")) | I54: =IF('🎁 Gift Tracker'!$C$54="","",IF(OR('🎁 Gift Tracker'!$P$54="✓",'🎁 Gift Tracker'!$N$54="📦 Delivered"),"📦 Given","—"))
B55: =IF('🎁 Gift Tracker'!$C$55="","",ROW()-7) | C55: =IF('🎁 Gift Tracker'!$C$55="","",'🎁 Gift Tracker'!$C$55) | D55: =IF('🎁 Gift Tracker'!$C$55="","",'🎁 Gift Tracker'!$E$55) | E55: =IF('🎁 Gift Tracker'!$C$55="","",IF(OR('🎁 Gift Tracker'!$N$55="✅ Purchased",'🎁 Gift Tracker'!$N$55="🎀 Wrapped",'🎁 Gift Tracker'!$N$55="📦 Delivered"),"✅ Bought",IF('🎁 Gift Tracker'!$N$55="🛍️ Ordered","🚚 On the way","⏳ Not yet"))) | F55: =IF('🎁 Gift Tracker'!$C$55="","",IF(OR('🎁 Gift Tracker'!$O$55="✓",'🎁 Gift Tracker'!$N$55="🎀 Wrapped",'🎁 Gift Tracker'!$N$55="📦 Delivered"),"🎀 Wrapped","— to wrap")) | I55: =IF('🎁 Gift Tracker'!$C$55="","",IF(OR('🎁 Gift Tracker'!$P$55="✓",'🎁 Gift Tracker'!$N$55="📦 Delivered"),"📦 Given","—"))
B56: =IF('🎁 Gift Tracker'!$C$56="","",ROW()-7) | C56: =IF('🎁 Gift Tracker'!$C$56="","",'🎁 Gift Tracker'!$C$56) | D56: =IF('🎁 Gift Tracker'!$C$56="","",'🎁 Gift Tracker'!$E$56) | E56: =IF('🎁 Gift Tracker'!$C$56="","",IF(OR('🎁 Gift Tracker'!$N$56="✅ Purchased",'🎁 Gift Tracker'!$N$56="🎀 Wrapped",'🎁 Gift Tracker'!$N$56="📦 Delivered"),"✅ Bought",IF('🎁 Gift Tracker'!$N$56="🛍️ Ordered","🚚 On the way","⏳ Not yet"))) | F56: =IF('🎁 Gift Tracker'!$C$56="","",IF(OR('🎁 Gift Tracker'!$O$56="✓",'🎁 Gift Tracker'!$N$56="🎀 Wrapped",'🎁 Gift Tracker'!$N$56="📦 Delivered"),"🎀 Wrapped","— to wrap")) | I56: =IF('🎁 Gift Tracker'!$C$56="","",IF(OR('🎁 Gift Tracker'!$P$56="✓",'🎁 Gift Tracker'!$N$56="📦 Delivered"),"📦 Given","—"))
B57: =IF('🎁 Gift Tracker'!$C$57="","",ROW()-7) | C57: =IF('🎁 Gift Tracker'!$C$57="","",'🎁 Gift Tracker'!$C$57) | D57: =IF('🎁 Gift Tracker'!$C$57="","",'🎁 Gift Tracker'!$E$57) | E57: =IF('🎁 Gift Tracker'!$C$57="","",IF(OR('🎁 Gift Tracker'!$N$57="✅ Purchased",'🎁 Gift Tracker'!$N$57="🎀 Wrapped",'🎁 Gift Tracker'!$N$57="📦 Delivered"),"✅ Bought",IF('🎁 Gift Tracker'!$N$57="🛍️ Ordered","🚚 On the way","⏳ Not yet"))) | F57: =IF('🎁 Gift Tracker'!$C$57="","",IF(OR('🎁 Gift Tracker'!$O$57="✓",'🎁 Gift Tracker'!$N$57="🎀 Wrapped",'🎁 Gift Tracker'!$N$57="📦 Delivered"),"🎀 Wrapped","— to wrap")) | I57: =IF('🎁 Gift Tracker'!$C$57="","",IF(OR('🎁 Gift Tracker'!$P$57="✓",'🎁 Gift Tracker'!$N$57="📦 Delivered"),"📦 Given","—"))
B58: =IF('🎁 Gift Tracker'!$C$58="","",ROW()-7) | C58: =IF('🎁 Gift Tracker'!$C$58="","",'🎁 Gift Tracker'!$C$58) | D58: =IF('🎁 Gift Tracker'!$C$58="","",'🎁 Gift Tracker'!$E$58) | E58: =IF('🎁 Gift Tracker'!$C$58="","",IF(OR('🎁 Gift Tracker'!$N$58="✅ Purchased",'🎁 Gift Tracker'!$N$58="🎀 Wrapped",'🎁 Gift Tracker'!$N$58="📦 Delivered"),"✅ Bought",IF('🎁 Gift Tracker'!$N$58="🛍️ Ordered","🚚 On the way","⏳ Not yet"))) | F58: =IF('🎁 Gift Tracker'!$C$58="","",IF(OR('🎁 Gift Tracker'!$O$58="✓",'🎁 Gift Tracker'!$N$58="🎀 Wrapped",'🎁 Gift Tracker'!$N$58="📦 Delivered"),"🎀 Wrapped","— to wrap")) | I58: =IF('🎁 Gift Tracker'!$C$58="","",IF(OR('🎁 Gift Tracker'!$P$58="✓",'🎁 Gift Tracker'!$N$58="📦 Delivered"),"📦 Given","—"))
B59: =IF('🎁 Gift Tracker'!$C$59="","",ROW()-7) | C59: =IF('🎁 Gift Tracker'!$C$59="","",'🎁 Gift Tracker'!$C$59) | D59: =IF('🎁 Gift Tracker'!$C$59="","",'🎁 Gift Tracker'!$E$59) | E59: =IF('🎁 Gift Tracker'!$C$59="","",IF(OR('🎁 Gift Tracker'!$N$59="✅ Purchased",'🎁 Gift Tracker'!$N$59="🎀 Wrapped",'🎁 Gift Tracker'!$N$59="📦 Delivered"),"✅ Bought",IF('🎁 Gift Tracker'!$N$59="🛍️ Ordered","🚚 On the way","⏳ Not yet"))) | F59: =IF('🎁 Gift Tracker'!$C$59="","",IF(OR('🎁 Gift Tracker'!$O$59="✓",'🎁 Gift Tracker'!$N$59="🎀 Wrapped",'🎁 Gift Tracker'!$N$59="📦 Delivered"),"🎀 Wrapped","— to wrap")) | I59: =IF('🎁 Gift Tracker'!$C$59="","",IF(OR('🎁 Gift Tracker'!$P$59="✓",'🎁 Gift Tracker'!$N$59="📦 Delivered"),"📦 Given","—"))
B60: =IF('🎁 Gift Tracker'!$C$60="","",ROW()-7) | C60: =IF('🎁 Gift Tracker'!$C$60="","",'🎁 Gift Tracker'!$C$60) | D60: =IF('🎁 Gift Tracker'!$C$60="","",'🎁 Gift Tracker'!$E$60) | E60: =IF('🎁 Gift Tracker'!$C$60="","",IF(OR('🎁 Gift Tracker'!$N$60="✅ Purchased",'🎁 Gift Tracker'!$N$60="🎀 Wrapped",'🎁 Gift Tracker'!$N$60="📦 Delivered"),"✅ Bought",IF('🎁 Gift Tracker'!$N$60="🛍️ Ordered","🚚 On the way","⏳ Not yet"))) | F60: =IF('🎁 Gift Tracker'!$C$60="","",IF(OR('🎁 Gift Tracker'!$O$60="✓",'🎁 Gift Tracker'!$N$60="🎀 Wrapped",'🎁 Gift Tracker'!$N$60="📦 Delivered"),"🎀 Wrapped","— to wrap")) | I60: =IF('🎁 Gift Tracker'!$C$60="","",IF(OR('🎁 Gift Tracker'!$P$60="✓",'🎁 Gift Tracker'!$N$60="📦 Delivered"),"📦 Given","—"))
B61: =IF('🎁 Gift Tracker'!$C$61="","",ROW()-7) | C61: =IF('🎁 Gift Tracker'!$C$61="","",'🎁 Gift Tracker'!$C$61) | D61: =IF('🎁 Gift Tracker'!$C$61="","",'🎁 Gift Tracker'!$E$61) | E61: =IF('🎁 Gift Tracker'!$C$61="","",IF(OR('🎁 Gift Tracker'!$N$61="✅ Purchased",'🎁 Gift Tracker'!$N$61="🎀 Wrapped",'🎁 Gift Tracker'!$N$61="📦 Delivered"),"✅ Bought",IF('🎁 Gift Tracker'!$N$61="🛍️ Ordered","🚚 On the way","⏳ Not yet"))) | F61: =IF('🎁 Gift Tracker'!$C$61="","",IF(OR('🎁 Gift Tracker'!$O$61="✓",'🎁 Gift Tracker'!$N$61="🎀 Wrapped",'🎁 Gift Tracker'!$N$61="📦 Delivered"),"🎀 Wrapped","— to wrap")) | I61: =IF('🎁 Gift Tracker'!$C$61="","",IF(OR('🎁 Gift Tracker'!$P$61="✓",'🎁 Gift Tracker'!$N$61="📦 Delivered"),"📦 Given","—"))
B62: =IF('🎁 Gift Tracker'!$C$62="","",ROW()-7) | C62: =IF('🎁 Gift Tracker'!$C$62="","",'🎁 Gift Tracker'!$C$62) | D62: =IF('🎁 Gift Tracker'!$C$62="","",'🎁 Gift Tracker'!$E$62) | E62: =IF('🎁 Gift Tracker'!$C$62="","",IF(OR('🎁 Gift Tracker'!$N$62="✅ Purchased",'🎁 Gift Tracker'!$N$62="🎀 Wrapped",'🎁 Gift Tracker'!$N$62="📦 Delivered"),"✅ Bought",IF('🎁 Gift Tracker'!$N$62="🛍️ Ordered","🚚 On the way","⏳ Not yet"))) | F62: =IF('🎁 Gift Tracker'!$C$62="","",IF(OR('🎁 Gift Tracker'!$O$62="✓",'🎁 Gift Tracker'!$N$62="🎀 Wrapped",'🎁 Gift Tracker'!$N$62="📦 Delivered"),"🎀 Wrapped","— to wrap")) | I62: =IF('🎁 Gift Tracker'!$C$62="","",IF(OR('🎁 Gift Tracker'!$P$62="✓",'🎁 Gift Tracker'!$N$62="📦 Delivered"),"📦 Given","—"))
B63: =IF('🎁 Gift Tracker'!$C$63="","",ROW()-7) | C63: =IF('🎁 Gift Tracker'!$C$63="","",'🎁 Gift Tracker'!$C$63) | D63: =IF('🎁 Gift Tracker'!$C$63="","",'🎁 Gift Tracker'!$E$63) | E63: =IF('🎁 Gift Tracker'!$C$63="","",IF(OR('🎁 Gift Tracker'!$N$63="✅ Purchased",'🎁 Gift Tracker'!$N$63="🎀 Wrapped",'🎁 Gift Tracker'!$N$63="📦 Delivered"),"✅ Bought",IF('🎁 Gift Tracker'!$N$63="🛍️ Ordered","🚚 On the way","⏳ Not yet"))) | F63: =IF('🎁 Gift Tracker'!$C$63="","",IF(OR('🎁 Gift Tracker'!$O$63="✓",'🎁 Gift Tracker'!$N$63="🎀 Wrapped",'🎁 Gift Tracker'!$N$63="📦 Delivered"),"🎀 Wrapped","— to wrap")) | I63: =IF('🎁 Gift Tracker'!$C$63="","",IF(OR('🎁 Gift Tracker'!$P$63="✓",'🎁 Gift Tracker'!$N$63="📦 Delivered"),"📦 Given","—"))
B64: =IF('🎁 Gift Tracker'!$C$64="","",ROW()-7) | C64: =IF('🎁 Gift Tracker'!$C$64="","",'🎁 Gift Tracker'!$C$64) | D64: =IF('🎁 Gift Tracker'!$C$64="","",'🎁 Gift Tracker'!$E$64) | E64: =IF('🎁 Gift Tracker'!$C$64="","",IF(OR('🎁 Gift Tracker'!$N$64="✅ Purchased",'🎁 Gift Tracker'!$N$64="🎀 Wrapped",'🎁 Gift Tracker'!$N$64="📦 Delivered"),"✅ Bought",IF('🎁 Gift Tracker'!$N$64="🛍️ Ordered","🚚 On the way","⏳ Not yet"))) | F64: =IF('🎁 Gift Tracker'!$C$64="","",IF(OR('🎁 Gift Tracker'!$O$64="✓",'🎁 Gift Tracker'!$N$64="🎀 Wrapped",'🎁 Gift Tracker'!$N$64="📦 Delivered"),"🎀 Wrapped","— to wrap")) | I64: =IF('🎁 Gift Tracker'!$C$64="","",IF(OR('🎁 Gift Tracker'!$P$64="✓",'🎁 Gift Tracker'!$N$64="📦 Delivered"),"📦 Given","—"))
B65: =IF('🎁 Gift Tracker'!$C$65="","",ROW()-7) | C65: =IF('🎁 Gift Tracker'!$C$65="","",'🎁 Gift Tracker'!$C$65) | D65: =IF('🎁 Gift Tracker'!$C$65="","",'🎁 Gift Tracker'!$E$65) | E65: =IF('🎁 Gift Tracker'!$C$65="","",IF(OR('🎁 Gift Tracker'!$N$65="✅ Purchased",'🎁 Gift Tracker'!$N$65="🎀 Wrapped",'🎁 Gift Tracker'!$N$65="📦 Delivered"),"✅ Bought",IF('🎁 Gift Tracker'!$N$65="🛍️ Ordered","🚚 On the way","⏳ Not yet"))) | F65: =IF('🎁 Gift Tracker'!$C$65="","",IF(OR('🎁 Gift Tracker'!$O$65="✓",'🎁 Gift Tracker'!$N$65="🎀 Wrapped",'🎁 Gift Tracker'!$N$65="📦 Delivered"),"🎀 Wrapped","— to wrap")) | I65: =IF('🎁 Gift Tracker'!$C$65="","",IF(OR('🎁 Gift Tracker'!$P$65="✓",'🎁 Gift Tracker'!$N$65="📦 Delivered"),"📦 Given","—"))
B66: =IF('🎁 Gift Tracker'!$C$66="","",ROW()-7) | C66: =IF('🎁 Gift Tracker'!$C$66="","",'🎁 Gift Tracker'!$C$66) | D66: =IF('🎁 Gift Tracker'!$C$66="","",'🎁 Gift Tracker'!$E$66) | E66: =IF('🎁 Gift Tracker'!$C$66="","",IF(OR('🎁 Gift Tracker'!$N$66="✅ Purchased",'🎁 Gift Tracker'!$N$66="🎀 Wrapped",'🎁 Gift Tracker'!$N$66="📦 Delivered"),"✅ Bought",IF('🎁 Gift Tracker'!$N$66="🛍️ Ordered","🚚 On the way","⏳ Not yet"))) | F66: =IF('🎁 Gift Tracker'!$C$66="","",IF(OR('🎁 Gift Tracker'!$O$66="✓",'🎁 Gift Tracker'!$N$66="🎀 Wrapped",'🎁 Gift Tracker'!$N$66="📦 Delivered"),"🎀 Wrapped","— to wrap")) | I66: =IF('🎁 Gift Tracker'!$C$66="","",IF(OR('🎁 Gift Tracker'!$P$66="✓",'🎁 Gift Tracker'!$N$66="📦 Delivered"),"📦 Given","—"))
B67: =IF('🎁 Gift Tracker'!$C$67="","",ROW()-7) | C67: =IF('🎁 Gift Tracker'!$C$67="","",'🎁 Gift Tracker'!$C$67) | D67: =IF('🎁 Gift Tracker'!$C$67="","",'🎁 Gift Tracker'!$E$67) | E67: =IF('🎁 Gift Tracker'!$C$67="","",IF(OR('🎁 Gift Tracker'!$N$67="✅ Purchased",'🎁 Gift Tracker'!$N$67="🎀 Wrapped",'🎁 Gift Tracker'!$N$67="📦 Delivered"),"✅ Bought",IF('🎁 Gift Tracker'!$N$67="🛍️ Ordered","🚚 On the way","⏳ Not yet"))) | F67: =IF('🎁 Gift Tracker'!$C$67="","",IF(OR('🎁 Gift Tracker'!$O$67="✓",'🎁 Gift Tracker'!$N$67="🎀 Wrapped",'🎁 Gift Tracker'!$N$67="📦 Delivered"),"🎀 Wrapped","— to wrap")) | I67: =IF('🎁 Gift Tracker'!$C$67="","",IF(OR('🎁 Gift Tracker'!$P$67="✓",'🎁 Gift Tracker'!$N$67="📦 Delivered"),"📦 Given","—"))
B69: WRAPPING ROOM | G69: =COUNTA('🎀 Wrapping & Hiding'!$G$8:$G$67) -> 11 | H69: =COUNTIF('🎀 Wrapping & Hiding'!$H$8:$H$67,"✓") -> 10 | I69: ="🎀 "&'_Data'!$AF$6&" wrapped • ⏳ "&'_Data'!$AF$10&" still to wrap" -> 🎀 13 wrapped • ⏳ 5 still to wrap
B71: 💡 How this tab works
B72: • The left-hand columns are live mirrors of the 🎁 Gift Tracker — tick 🎀 Wrapped or move the status on over there and this tab updates itself. • Type the hiding spot here (🙈). Parents: this is the column that stops you wrapping the same present twice or losing it in the loft. • Someone about to glance at your screen? ⚙️ Setup → Secret Mode = Yes and every hiding spot turns white-on-white instantly. For total privacy, right-click column G → Hide. • 🏷️ Tag on = the name label is attached, so nothing ends up under the wrong tree.
B74: 🏠 Home | D74: 🎁 Gifts | F74: 💰 Budget | H74: 💡 Ideas
B75: 🛍️ Shop | D75: 📦 Orders | F75: ▶ 🎀 Wrap | H75: 💌 Cards
B76: 🧦 Stockings | D76: ✅ To-Do | F76: ⚙️ Setup | H76: 📖 Help
B78: Ultimate Christmas Gift Tracker v1.0 • Christmas • Birthdays • Holidays • Every Special Occasion

Sheet 💌 Card Tracker
B2: 💌 Christmas Card Tracker
B3: Bought → written → posted → replied. Nobody gets forgotten, and postage lands in your budget. | K3: 🏠 Back to Dashboard
B5: ="📝 Cards: "&'_Data'!$AF$24 -> 📝 Cards: 14 | D5: ="🛒 Bought: "&COUNTIF('💌 Card Tracker'!$F$8:$F$47,"✓") -> 🛒 Bought: 11 | F5: ="✍️ Written: "&'_Data'!$AF$25 -> ✍️ Written: 9 | H5: ="📮 Sent: "&'_Data'!$AF$26 -> 📮 Sent: 7 | J5: ="📬 Replies: "&COUNTIF('💌 Card Tracker'!$J$8:$J$47,"✓") -> 📬 Replies: 3 | L5: ="💰 Postage: "&Currency&TEXT(SUM('💌 Card Tracker'!$K$8:$K$47),"#,##0.00") -> 💰 Postage: $4.08
B7: # | C7: Name / family | D7: Relationship | E7: Address | F7: Card bought | G7: Written | H7: Sent | I7: Date sent | J7: Reply back | K7: Postage | L7: Status (auto) | M7: Notes
B8: =IF($C8="","",ROW()-7) -> 1 | C8: Grandma Rose | D8: Grandma | E8: 14 Rosewood Lane, Harrogate HG1 2AB, UK | F8: ✓ | G8: ✓ | H8: ✓ | I8: 46369 | J8: ✓ | K8: 0.68 | L8: =IF($C8="","",IF($H8="✓","📮 Sent",IF($G8="✓","✍️ Written",IF($F8="✓","🛒 Bought","📝 To do")))) -> 📮 Sent | M8: Big handwriting card
B9: =IF($C9="","",ROW()-7) -> 2 | C9: Grandpa Joe | D9: Grandpa | E9: 14 Rosewood Lane, Harrogate HG1 2AB, UK | F9: ✓ | G9: ✓ | H9: ✓ | I9: 46369 | J9: ✓ | K9: 0.68 | L9: =IF($C9="","",IF($H9="✓","📮 Sent",IF($G9="✓","✍️ Written",IF($F9="✓","🛒 Bought","📝 To do")))) -> 📮 Sent | M9: Same envelope as Grandma
B10: =IF($C10="","",ROW()-7) -> 3 | C10: Aunt Carol | D10: Aunt | E10: 88 Maple Drive, Leeds LS6 4QT, UK | F10: ✓ | G10: ✓ | H10: ✓ | I10: 46371 | K10: 0.68 | L10: =IF($C10="","",IF($H10="✓","📮 Sent",IF($G10="✓","✍️ Written",IF($F10="✓","🛒 Bought","📝 To do")))) -> 📮 Sent
B11: =IF($C11="","",ROW()-7) -> 4 | C11: Uncle Bill | D11: Uncle | E11: 88 Maple Drive, Leeds LS6 4QT, UK | F11: ✓ | G11: ✓ | H11: ✓ | I11: 46371 | K11: 0.68 | L11: =IF($C11="","",IF($H11="✓","📮 Sent",IF($G11="✓","✍️ Written",IF($F11="✓","🛒 Bought","📝 To do")))) -> 📮 Sent
B12: =IF($C12="","",ROW()-7) -> 5 | C12: Cousin Dan | D12: Cousin | E12: 3 Ash Court, Manchester M1 5AN, UK | F12: ✓ | G12: ✓ | H12: ✓ | I12: 46372 | K12: 0.68 | L12: =IF($C12="","",IF($H12="✓","📮 Sent",IF($G12="✓","✍️ Written",IF($F12="✓","🛒 Bought","📝 To do")))) -> 📮 Sent
B13: =IF($C13="","",ROW()-7) -> 6 | C13: Cousin Priya | D13: Cousin | E13: 3 Ash Court, Manchester M1 5AN, UK | F13: ✓ | G13: ✓ | K13: 0 | L13: =IF($C13="","",IF($H13="✓","📮 Sent",IF($G13="✓","✍️ Written",IF($F13="✓","🛒 Bought","📝 To do")))) -> ✍️ Written | M13: Card written, needs posting
B14: =IF($C14="","",ROW()-7) -> 7 | C14: Maya (best friend) | D14: Friend | E14: 27b Kingsland Road, London E2 8AA, UK | F14: ✓ | G14: ✓ | H14: ✓ | I14: 46373 | J14: ✓ | K14: 0.68 | L14: =IF($C14="","",IF($H14="✓","📮 Sent",IF($G14="✓","✍️ Written",IF($F14="✓","🛒 Bought","📝 To do")))) -> 📮 Sent | M14: Hand delivered a gift too
B15: =IF($C15="","",ROW()-7) -> 8 | C15: Tom & Jess | D15: Friend | E15: 5 Cedar Walk, Bristol BS1 4TR, UK | F15: ✓ | G15: ✓ | K15: 0 | L15: =IF($C15="","",IF($H15="✓","📮 Sent",IF($G15="✓","✍️ Written",IF($F15="✓","🛒 Bought","📝 To do")))) -> ✍️ Written
B16: =IF($C16="","",ROW()-7) -> 9 | C16: Mrs Higgins (neighbour) | D16: Neighbour | E16: 9 Birch Hill, York YO1 7HD, UK | F16: ✓ | K16: 0 | L16: =IF($C16="","",IF($H16="✓","📮 Sent",IF($G16="✓","✍️ Written",IF($F16="✓","🛒 Bought","📝 To do")))) -> 🛒 Bought | M16: Write after the 15th
B17: =IF($C17="","",ROW()-7) -> 10 | C17: Ms Patel (teacher) | D17: Teacher | E17: St Anne's Primary, School Office | F17: ✓ | K17: 0 | L17: =IF($C17="","",IF($H17="✓","📮 Sent",IF($G17="✓","✍️ Written",IF($F17="✓","🛒 Bought","📝 To do")))) -> 🛒 Bought | M17: From Sophie
B18: =IF($C18="","",ROW()-7) -> 11 | C18: Office team | D18: Colleague | E18: Hand delivered | F18: ✓ | G18: ✓ | H18: ✓ | I18: 46376 | K18: 0 | L18: =IF($C18="","",IF($H18="✓","📮 Sent",IF($G18="✓","✍️ Written",IF($F18="✓","🛒 Bought","📝 To do")))) -> 📮 Sent | M18: Left on the team table
B19: =IF($C19="","",ROW()-7) -> 12 | C19: Nana Flo | D19: Grandma | E19: 2 Willow Cottages, Derby DE1 3RT, UK | K19: 0 | L19: =IF($C19="","",IF($H19="✓","📮 Sent",IF($G19="✓","✍️ Written",IF($F19="✓","🛒 Bought","📝 To do")))) -> 📝 To do | M19: Buy a photo card
B20: =IF($C20="","",ROW()-7) -> 13 | C20: The Robinsons | D20: Neighbour | E20: 11 Oakfield Road, Sheffield S10 2QN, UK | K20: 0 | L20: =IF($C20="","",IF($H20="✓","📮 Sent",IF($G20="✓","✍️ Written",IF($F20="✓","🛒 Bought","📝 To do")))) -> 📝 To do
B21: =IF($C21="","",ROW()-7) -> 14 | C21: Cousin Sam | D21: Cousin | E21: 44 Station Road, Newcastle NE1 5BR, UK | K21: 0 | L21: =IF($C21="","",IF($H21="✓","📮 Sent",IF($G21="✓","✍️ Written",IF($F21="✓","🛒 Bought","📝 To do")))) -> 📝 To do
B22: =IF($C22="","",ROW()-7) | L22: =IF($C22="","",IF($H22="✓","📮 Sent",IF($G22="✓","✍️ Written",IF($F22="✓","🛒 Bought","📝 To do"))))
B23: =IF($C23="","",ROW()-7) | L23: =IF($C23="","",IF($H23="✓","📮 Sent",IF($G23="✓","✍️ Written",IF($F23="✓","🛒 Bought","📝 To do"))))
B24: =IF($C24="","",ROW()-7) | L24: =IF($C24="","",IF($H24="✓","📮 Sent",IF($G24="✓","✍️ Written",IF($F24="✓","🛒 Bought","📝 To do"))))
B25: =IF($C25="","",ROW()-7) | L25: =IF($C25="","",IF($H25="✓","📮 Sent",IF($G25="✓","✍️ Written",IF($F25="✓","🛒 Bought","📝 To do"))))
B26: =IF($C26="","",ROW()-7) | L26: =IF($C26="","",IF($H26="✓","📮 Sent",IF($G26="✓","✍️ Written",IF($F26="✓","🛒 Bought","📝 To do"))))
B27: =IF($C27="","",ROW()-7) | L27: =IF($C27="","",IF($H27="✓","📮 Sent",IF($G27="✓","✍️ Written",IF($F27="✓","🛒 Bought","📝 To do"))))
B28: =IF($C28="","",ROW()-7) | L28: =IF($C28="","",IF($H28="✓","📮 Sent",IF($G28="✓","✍️ Written",IF($F28="✓","🛒 Bought","📝 To do"))))
B29: =IF($C29="","",ROW()-7) | L29: =IF($C29="","",IF($H29="✓","📮 Sent",IF($G29="✓","✍️ Written",IF($F29="✓","🛒 Bought","📝 To do"))))
B30: =IF($C30="","",ROW()-7) | L30: =IF($C30="","",IF($H30="✓","📮 Sent",IF($G30="✓","✍️ Written",IF($F30="✓","🛒 Bought","📝 To do"))))
B31: =IF($C31="","",ROW()-7) | L31: =IF($C31="","",IF($H31="✓","📮 Sent",IF($G31="✓","✍️ Written",IF($F31="✓","🛒 Bought","📝 To do"))))
B32: =IF($C32="","",ROW()-7) | L32: =IF($C32="","",IF($H32="✓","📮 Sent",IF($G32="✓","✍️ Written",IF($F32="✓","🛒 Bought","📝 To do"))))
B33: =IF($C33="","",ROW()-7) | L33: =IF($C33="","",IF($H33="✓","📮 Sent",IF($G33="✓","✍️ Written",IF($F33="✓","🛒 Bought","📝 To do"))))
... B47: =IF($C47="","",ROW()-7) | L47: =IF($C47="","",IF($H47="✓","📮 Sent",IF($G47="✓","✍️ Written",IF($F47="✓","🛒 Bought","📝 To do"))))
B49: TOTALS | J49: ="📮 Cards sent: "&'_Data'!$AF$26&" / "&'_Data'!$AF$24 -> 📮 Cards sent: 7 / 14
B51: 💡 How this tab works
B52: • Tick the boxes as you go: bought → written → sent → reply. The status column reads the ticks for you. • Postage you type here is added to the “Cards & postage” line on the 💰 Budget tab automatically. • Posting cut-off: aim for 14 days before the big day (the dashboard shows the exact date).
B54: 🏠 Home | D54: 🎁 Gifts | F54: 💰 Budget | H54: 💡 Ideas | J54: 🛍️ Shop | L54: 📦 Orders
B55: 🎀 Wrap | D55: ▶ 💌 Cards | F55: 🧦 Stockings | H55: ✅ To-Do | J55: ⚙️ Setup | L55: 📖 Help
B57: Ultimate Christmas Gift Tracker v1.0 • Christmas • Birthdays • Holidays • Every Special Occasion

Sheet 🧦 Stockings
B2: 🧦 Stocking Stuffer Tracker
B3: The little things add up fastest — budget them per stocking and stop the January regret. | J3: 🏠 Back to Dashboard
B5: ="🧦 Stockings: "&COUNTA('🧦 Stockings'!$C$8:$C$52) -> 🧦 Stockings: 4 | D5: ="🎁 Items: "&'_Data'!$AF$29 -> 🎁 Items: 16 | F5: ="✅ Bought: "&'_Data'!$AF$30 -> ✅ Bought: 13 | H5: ="💰 Budget: "&Currency&TEXT('_Data'!$AF$27,"#,##0") -> 💰 Budget: $144 | J5: ="💸 Spent: "&Currency&TEXT('_Data'!$AF$28,"#,##0") -> 💸 Spent: $108 | L5: ="🎯 Left: "&Currency&TEXT('_Data'!$AF$27-'_Data'!$AF$28,"#,##0") -> 🎯 Left: $36
B7: # | C7: Stocking | D7: Item | E7: Type | F7: Budget | G7: Cost | H7: Bought | I7: Wrapped | J7: In budget (auto) | K7: 🙈 Hiding spot | L7: Notes
B8: =IF($D8="","",ROW()-7) -> 1 | C8: Emma | D8: Lip balm trio | E8: Beauty | F8: 8 | G8: 7.5 | H8: ✓ | I8: ✓ | J8: =IF($C8="","",IF($H8="✓",IF($G8<>"",$G8,IF($F8<>"",$F8,0)),0)) -> 7.5 | K8: Top shelf in closet | L8: Peppermint - her favourite
B9: =IF($D9="","",ROW()-7) -> 2 | C9: Emma | D9: Hair clips set | E9: Hair clips | F9: 6 | G9: 5 | H9: ✓ | J9: =IF($C9="","",IF($H9="✓",IF($G9<>"",$G9,IF($F9<>"",$F9,0)),0)) -> 5 | K9: Top shelf in closet
B10: =IF($D10="","",ROW()-7) -> 3 | C10: Emma | D10: Chocolate coins | E10: Chocolate | F10: 5 | G10: 4.2 | H10: ✓ | I10: ✓ | J10: =IF($C10="","",IF($H10="✓",IF($G10<>"",$G10,IF($F10<>"",$F10,0)),0)) -> 4.2 | K10: Under the bed
B11: =IF($D11="","",ROW()-7) -> 4 | C11: Emma | D11: Mini diary & pen | E11: Stationery | F11: 9 | G11: 8 | J11: =IF($C11="","",IF($H11="✓",IF($G11<>"",$G11,IF($F11<>"",$F11,0)),0)) -> 0
B12: =IF($D12="","",ROW()-7) -> 5 | C12: Emma | D12: Fuzzy socks | E12: Socks | F12: 7 | G12: 6.5 | H12: ✓ | J12: =IF($C12="","",IF($H12="✓",IF($G12<>"",$G12,IF($F12<>"",$F12,0)),0)) -> 6.5 | K12: Linen closet
B13: =IF($D13="","",ROW()-7) -> 6 | C13: Oliver | D13: Dinosaur figures | E13: Small toy | F13: 12 | G13: 11 | H13: ✓ | I13: ✓ | J13: =IF($C13="","",IF($H13="✓",IF($G13<>"",$G13,IF($F13<>"",$F13,0)),0)) -> 11 | K13: Garage shelf
B14: =IF($D14="","",ROW()-7) -> 7 | C14: Oliver | D14: Candy cane pack | E14: Candy | F14: 4 | G14: 3.8 | H14: ✓ | I14: ✓ | J14: =IF($C14="","",IF($H14="✓",IF($G14<>"",$G14,IF($F14<>"",$F14,0)),0)) -> 3.8 | K14: Back of the pantry
B15: =IF($D15="","",ROW()-7) -> 8 | C15: Oliver | D15: Football stickers | E15: Novelty | F15: 6 | G15: 5.5 | H15: ✓ | J15: =IF($C15="","",IF($H15="✓",IF($G15<>"",$G15,IF($F15<>"",$F15,0)),0)) -> 5.5 | K15: Shoe box in wardrobe
B16: =IF($D16="","",ROW()-7) -> 9 | C16: Oliver | D16: Comic book | E16: Stationery | F16: 7 | J16: =IF($C16="","",IF($H16="✓",IF($G16<>"",$G16,IF($F16<>"",$F16,0)),0)) -> 0 | L16: Ask what he is reading
B17: =IF($D17="","",ROW()-7) -> 10 | C17: Oliver | D17: Bath bubble bombs | E17: Beauty | F17: 8 | G17: 7 | H17: ✓ | J17: =IF($C17="","",IF($H17="✓",IF($G17<>"",$G17,IF($F17<>"",$F17,0)),0)) -> 7 | K17: Linen closet
B18: =IF($D18="","",ROW()-7) -> 11 | C18: Mum | D18: Silk eye mask | E18: Beauty | F18: 15 | G18: 14 | H18: ✓ | I18: ✓ | J18: =IF($C18="","",IF($H18="✓",IF($G18<>"",$G18,IF($F18<>"",$F18,0)),0)) -> 14 | K18: Suitcase in the attic
B19: =IF($D19="","",ROW()-7) -> 12 | C19: Mum | D19: Hand cream & nails set | E19: Beauty | F19: 12 | G19: 11.5 | H19: ✓ | J19: =IF($C19="","",IF($H19="✓",IF($G19<>"",$G19,IF($F19<>"",$F19,0)),0)) -> 11.5 | K19: Under the stairs box
B20: =IF($D20="","",ROW()-7) -> 13 | C20: Mum | D20: Favourite tea blend | E20: Snacks | F20: 9 | G20: 8.5 | H20: ✓ | I20: ✓ | J20: =IF($C20="","",IF($H20="✓",IF($G20<>"",$G20,IF($F20<>"",$F20,0)),0)) -> 8.5 | K20: Back of the pantry
B21: =IF($D21="","",ROW()-7) -> 14 | C21: Dad | D21: Leather keyring | E21: Novelty | F21: 14 | G21: 13 | H21: ✓ | J21: =IF($C21="","",IF($H21="✓",IF($G21<>"",$G21,IF($F21<>"",$F21,0)),0)) -> 13 | K21: Car boot / trunk | L21: Initials J.M.
B22: =IF($D22="","",ROW()-7) -> 15 | C22: Dad | D22: Golf balls (3 pack) | E22: Other | F22: 12 | G22: 11 | H22: ✓ | I22: ✓ | J22: =IF($C22="","",IF($H22="✓",IF($G22<>"",$G22,IF($F22<>"",$F22,0)),0)) -> 11 | K22: Garage shelf
B23: =IF($D23="","",ROW()-7) -> 16 | C23: Dad | D23: Hot sauce bundle | E23: Snacks | F23: 10 | G23: 9.5 | J23: =IF($C23="","",IF($H23="✓",IF($G23<>"",$G23,IF($F23<>"",$F23,0)),0)) -> 0 | L23: Check the heat levels!
B24: =IF($D24="","",ROW()-7) | J24: =IF($C24="","",IF($H24="✓",IF($G24<>"",$G24,IF($F24<>"",$F24,0)),0))
B25: =IF($D25="","",ROW()-7) | J25: =IF($C25="","",IF($H25="✓",IF($G25<>"",$G25,IF($F25<>"",$F25,0)),0))
B26: =IF($D26="","",ROW()-7) | J26: =IF($C26="","",IF($H26="✓",IF($G26<>"",$G26,IF($F26<>"",$F26,0)),0))
B27: =IF($D27="","",ROW()-7) | J27: =IF($C27="","",IF($H27="✓",IF($G27<>"",$G27,IF($F27<>"",$F27,0)),0))
B28: =IF($D28="","",ROW()-7) | J28: =IF($C28="","",IF($H28="✓",IF($G28<>"",$G28,IF($F28<>"",$F28,0)),0))
B29: =IF($D29="","",ROW()-7) | J29: =IF($C29="","",IF($H29="✓",IF($G29<>"",$G29,IF($F29<>"",$F29,0)),0))
B30: =IF($D30="","",ROW()-7) | J30: =IF($C30="","",IF($H30="✓",IF($G30<>"",$G30,IF($F30<>"",$F30,0)),0))
B31: =IF($D31="","",ROW()-7) | J31: =IF($C31="","",IF($H31="✓",IF($G31<>"",$G31,IF($F31<>"",$F31,0)),0))
B32: =IF($D32="","",ROW()-7) | J32: =IF($C32="","",IF($H32="✓",IF($G32<>"",$G32,IF($F32<>"",$F32,0)),0))
B33: =IF($D33="","",ROW()-7) | J33: =IF($C33="","",IF($H33="✓",IF($G33<>"",$G33,IF($F33<>"",$F33,0)),0))
B34: =IF($D34="","",ROW()-7) | J34: =IF($C34="","",IF($H34="✓",IF($G34<>"",$G34,IF($F34<>"",$F34,0)),0))
B35: =IF($D35="","",ROW()-7) | J35: =IF($C35="","",IF($H35="✓",IF($G35<>"",$G35,IF($F35<>"",$F35,0)),0))
... B52: =IF($D52="","",ROW()-7) | J52: =IF($C52="","",IF($H52="✓",IF($G52<>"",$G52,IF($F52<>"",$F52,0)),0))
B54: TOTALS | F54: =SUM($F$8:$F$52) -> 144 | G54: =SUM($G$8:$G$52) -> 126 | H54: ="🧦 Stocking budget: "&Currency&TEXT('_Data'!$AF$27,"#,##0")&" • spent: "&Currency&TEXT('_Data'!$AF$28,"#,##0")&" • remaining: "&Currency&TEXT('_Data'!$AF$27-'_Data'!$AF$28,"#,##0") -> 🧦 Stocking budget: $144 • spent: $108 • remaining: $36
B56: 🧦 EACH STOCKING AT A GLANCE (automatic)
C57: Stocking | D57: Items | E57: Budget | F57: Spent | G57: Remaining | H57: Bought | I57: Wrapped | J57: Progress
C58: =IF('⚙️ Setup'!$I$30="","",'⚙️ Setup'!$I$30) -> Emma | D58: =IF($C58="",0,COUNTIF('🧦 Stockings'!$C$8:$C$52,$C58)) -> 5 | E58: =IF($C58="",0,SUMIF('🧦 Stockings'!$C$8:$C$52,$C58,'🧦 Stockings'!$F$8:$F$52)) -> 35 | F58: =IF($C58="",0,SUMIF('🧦 Stockings'!$C$8:$C$52,$C58,'🧦 Stockings'!$J$8:$J$52)) -> 23.2 | G58: =IF($C58="","",$E58-$F58) -> 11.8 | H58: =IF($C58="",0,COUNTIFS('🧦 Stockings'!$C$8:$C$52,$C58,'🧦 Stockings'!$H$8:$H$52,"✓")) -> 4 | I58: =IF($C58="",0,COUNTIFS('🧦 Stockings'!$C$8:$C$52,$C58,'🧦 Stockings'!$I$8:$I$52,"✓")) -> 2 | J58: =IF($C58="","",REPT("█",ROUND(MIN(1,IFERROR($F58/$E58,0))*16,0))&REPT("░",16-ROUND(MIN(1,IFERROR($F58/$E58,0))*16,0))&" "&TEXT(IFERROR($F58/$E58,0),"0%")&" spent") -> ███████████░░░░░ 66% spent
C59: =IF('⚙️ Setup'!$I$31="","",'⚙️ Setup'!$I$31) -> Oliver | D59: =IF($C59="",0,COUNTIF('🧦 Stockings'!$C$8:$C$52,$C59)) -> 5 | E59: =IF($C59="",0,SUMIF('🧦 Stockings'!$C$8:$C$52,$C59,'🧦 Stockings'!$F$8:$F$52)) -> 37 | F59: =IF($C59="",0,SUMIF('🧦 Stockings'!$C$8:$C$52,$C59,'🧦 Stockings'!$J$8:$J$52)) -> 27.3 | G59: =IF($C59="","",$E59-$F59) -> 9.7 | H59: =IF($C59="",0,COUNTIFS('🧦 Stockings'!$C$8:$C$52,$C59,'🧦 Stockings'!$H$8:$H$52,"✓")) -> 4 | I59: =IF($C59="",0,COUNTIFS('🧦 Stockings'!$C$8:$C$52,$C59,'🧦 Stockings'!$I$8:$I$52,"✓")) -> 2 | J59: =IF($C59="","",REPT("█",ROUND(MIN(1,IFERROR($F59/$E59,0))*16,0))&REPT("░",16-ROUND(MIN(1,IFERROR($F59/$E59,0))*16,0))&" "&TEXT(IFERROR($F59/$E59,0),"0%")&" spent") -> ████████████░░░░ 74% spent
C60: =IF('⚙️ Setup'!$I$32="","",'⚙️ Setup'!$I$32) -> Mum | D60: =IF($C60="",0,COUNTIF('🧦 Stockings'!$C$8:$C$52,$C60)) -> 3 | E60: =IF($C60="",0,SUMIF('🧦 Stockings'!$C$8:$C$52,$C60,'🧦 Stockings'!$F$8:$F$52)) -> 36 | F60: =IF($C60="",0,SUMIF('🧦 Stockings'!$C$8:$C$52,$C60,'🧦 Stockings'!$J$8:$J$52)) -> 34 | G60: =IF($C60="","",$E60-$F60) -> 2 | H60: =IF($C60="",0,COUNTIFS('🧦 Stockings'!$C$8:$C$52,$C60,'🧦 Stockings'!$H$8:$H$52,"✓")) -> 3 | I60: =IF($C60="",0,COUNTIFS('🧦 Stockings'!$C$8:$C$52,$C60,'🧦 Stockings'!$I$8:$I$52,"✓")) -> 2 | J60: =IF($C60="","",REPT("█",ROUND(MIN(1,IFERROR($F60/$E60,0))*16,0))&REPT("░",16-ROUND(MIN(1,IFERROR($F60/$E60,0))*16,0))&" "&TEXT(IFERROR($F60/$E60,0),"0%")&" spent") -> ███████████████░ 94% spent
C61: =IF('⚙️ Setup'!$I$33="","",'⚙️ Setup'!$I$33) -> Dad | D61: =IF($C61="",0,COUNTIF('🧦 Stockings'!$C$8:$C$52,$C61)) -> 3 | E61: =IF($C61="",0,SUMIF('🧦 Stockings'!$C$8:$C$52,$C61,'🧦 Stockings'!$F$8:$F$52)) -> 36 | F61: =IF($C61="",0,SUMIF('🧦 Stockings'!$C$8:$C$52,$C61,'🧦 Stockings'!$J$8:$J$52)) -> 24 | G61: =IF($C61="","",$E61-$F61) -> 12 | H61: =IF($C61="",0,COUNTIFS('🧦 Stockings'!$C$8:$C$52,$C61,'🧦 Stockings'!$H$8:$H$52,"✓")) -> 2 | I61: =IF($C61="",0,COUNTIFS('🧦 Stockings'!$C$8:$C$52,$C61,'🧦 Stockings'!$I$8:$I$52,"✓")) -> 1 | J61: =IF($C61="","",REPT("█",ROUND(MIN(1,IFERROR($F61/$E61,0))*16,0))&REPT("░",16-ROUND(MIN(1,IFERROR($F61/$E61,0))*16,0))&" "&TEXT(IFERROR($F61/$E61,0),"0%")&" spent") -> ███████████░░░░░ 67% spent
C62: =IF('⚙️ Setup'!$I$34="","",'⚙️ Setup'!$I$34) | D62: =IF($C62="",0,COUNTIF('🧦 Stockings'!$C$8:$C$52,$C62)) -> 0 | E62: =IF($C62="",0,SUMIF('🧦 Stockings'!$C$8:$C$52,$C62,'🧦 Stockings'!$F$8:$F$52)) -> 0 | F62: =IF($C62="",0,SUMIF('🧦 Stockings'!$C$8:$C$52,$C62,'🧦 Stockings'!$J$8:$J$52)) -> 0 | G62: =IF($C62="","",$E62-$F62) -> 0 | H62: =IF($C62="",0,COUNTIFS('🧦 Stockings'!$C$8:$C$52,$C62,'🧦 Stockings'!$H$8:$H$52,"✓")) -> 0 | I62: =IF($C62="",0,COUNTIFS('🧦 Stockings'!$C$8:$C$52,$C62,'🧦 Stockings'!$I$8:$I$52,"✓")) -> 0 | J62: =IF($C62="","",REPT("█",ROUND(MIN(1,IFERROR($F62/$E62,0))*16,0))&REPT("░",16-ROUND(MIN(1,IFERROR($F62/$E62,0))*16,0))&" "&TEXT(IFERROR($F62/$E62,0),"0%")&" spent")
C63: =IF('⚙️ Setup'!$I$35="","",'⚙️ Setup'!$I$35) | D63: =IF($C63="",0,COUNTIF('🧦 Stockings'!$C$8:$C$52,$C63)) -> 0 | E63: =IF($C63="",0,SUMIF('🧦 Stockings'!$C$8:$C$52,$C63,'🧦 Stockings'!$F$8:$F$52)) -> 0 | F63: =IF($C63="",0,SUMIF('🧦 Stockings'!$C$8:$C$52,$C63,'🧦 Stockings'!$J$8:$J$52)) -> 0 | G63: =IF($C63="","",$E63-$F63) -> 0 | H63: =IF($C63="",0,COUNTIFS('🧦 Stockings'!$C$8:$C$52,$C63,'🧦 Stockings'!$H$8:$H$52,"✓")) -> 0 | I63: =IF($C63="",0,COUNTIFS('🧦 Stockings'!$C$8:$C$52,$C63,'🧦 Stockings'!$I$8:$I$52,"✓")) -> 0 | J63: =IF($C63="","",REPT("█",ROUND(MIN(1,IFERROR($F63/$E63,0))*16,0))&REPT("░",16-ROUND(MIN(1,IFERROR($F63/$E63,0))*16,0))&" "&TEXT(IFERROR($F63/$E63,0),"0%")&" spent")
C64: =IF('⚙️ Setup'!$I$36="","",'⚙️ Setup'!$I$36) | D64: =IF($C64="",0,COUNTIF('🧦 Stockings'!$C$8:$C$52,$C64)) -> 0 | E64: =IF($C64="",0,SUMIF('🧦 Stockings'!$C$8:$C$52,$C64,'🧦 Stockings'!$F$8:$F$52)) -> 0 | F64: =IF($C64="",0,SUMIF('🧦 Stockings'!$C$8:$C$52,$C64,'🧦 Stockings'!$J$8:$J$52)) -> 0 | G64: =IF($C64="","",$E64-$F64) -> 0 | H64: =IF($C64="",0,COUNTIFS('🧦 Stockings'!$C$8:$C$52,$C64,'🧦 Stockings'!$H$8:$H$52,"✓")) -> 0 | I64: =IF($C64="",0,COUNTIFS('🧦 Stockings'!$C$8:$C$52,$C64,'🧦 Stockings'!$I$8:$I$52,"✓")) -> 0 | J64: =IF($C64="","",REPT("█",ROUND(MIN(1,IFERROR($F64/$E64,0))*16,0))&REPT("░",16-ROUND(MIN(1,IFERROR($F64/$E64,0))*16,0))&" "&TEXT(IFERROR($F64/$E64,0),"0%")&" spent")
C65: =IF('⚙️ Setup'!$I$37="","",'⚙️ Setup'!$I$37) | D65: =IF($C65="",0,COUNTIF('🧦 Stockings'!$C$8:$C$52,$C65)) -> 0 | E65: =IF($C65="",0,SUMIF('🧦 Stockings'!$C$8:$C$52,$C65,'🧦 Stockings'!$F$8:$F$52)) -> 0 | F65: =IF($C65="",0,SUMIF('🧦 Stockings'!$C$8:$C$52,$C65,'🧦 Stockings'!$J$8:$J$52)) -> 0 | G65: =IF($C65="","",$E65-$F65) -> 0 | H65: =IF($C65="",0,COUNTIFS('🧦 Stockings'!$C$8:$C$52,$C65,'🧦 Stockings'!$H$8:$H$52,"✓")) -> 0 | I65: =IF($C65="",0,COUNTIFS('🧦 Stockings'!$C$8:$C$52,$C65,'🧦 Stockings'!$I$8:$I$52,"✓")) -> 0 | J65: =IF($C65="","",REPT("█",ROUND(MIN(1,IFERROR($F65/$E65,0))*16,0))&REPT("░",16-ROUND(MIN(1,IFERROR($F65/$E65,0))*16,0))&" "&TEXT(IFERROR($F65/$E65,0),"0%")&" spent")
B67: 💡 How this tab works
B68: • One stocking = one name in ⚙️ Setup → Stocking owners. The summary above rebuilds itself as you add rows. • Tick ✓ Bought and the money moves into the “Stocking stuffers” line of the 💰 Budget tab. • Hiding spots respond to Secret Mode (⚙️ Setup) just like the 🎀 Wrapping tab.
B70: 🏠 Home | D70: 🎁 Gifts | F70: 💰 Budget | H70: 💡 Ideas | J70: 🛍️ Shop
B71: 📦 Orders | D71: 🎀 Wrap | F71: 💌 Cards | H71: ▶ 🧦 Stockings | J71: ✅ To-Do
B72: ⚙️ Setup | D72: 📖 Help
B74: Ultimate Christmas Gift Tracker v1.0 • Christmas • Birthdays • Holidays • Every Special Occasion

Sheet ✅ To-Do List
B2: ✅ Christmas To-Do List
B3: Pre-loaded with the classic holiday checklist — every deadline is calculated from your event date. | F3: 🏠 Back to Dashboard
B5: ="📋 Tasks: "&'_Data'!$AF$35 -> 📋 Tasks: 20 | D5: ="✅ Done: "&'_Data'!$AF$36 -> ✅ Done: 7 | E5: ="🔴 Overdue: "&'_Data'!$AF$37 -> 🔴 Overdue: 0 | F5: ="🟠 Due soon: "&SUMPRODUCT(('✅ To-Do List'!$B$8:$B$47<>"✓")*('✅ To-Do List'!$E$8:$E$47<>"")*('✅ To-Do List'!$E$8:$E$47>=TODAY())*('✅ To-Do List'!$E$8:$E$47-TODAY()<=DueSoonDays)) -> 🟠 Due soon: 0 | G5: ="📊 Progress: "&REPT("█",ROUND(MIN(1,IFERROR('_Data'!$AF$36/'_Data'!$AF$35,0))*14,0))&REPT("░",14-ROUND(MIN(1,IFERROR('_Data'!$AF$36/'_Data'!$AF$35,0))*14,0))&" "&TEXT(IFERROR('_Data'!$AF$36/'_Data'!$AF$35,0),"0%") -> 📊 Progress: █████░░░░░░░░░ 35%
B7: Done | C7: Task | D7: Category | E7: Deadline | F7: Days left | G7: Status (auto) | H7: Notes
B8: ✓ | C8: Write the gift list & set the budget | D8: Gifts | E8: =EventDate-75 -> 0 | F8: =IF(OR($E8="",$B8="✓"),"",$E8-TODAY()) | G8: =IF($C8="","",IF($B8="✓","🟢 Complete",IF($E8="","",IF($E8<TODAY(),"🔴 OVERDUE",IF($E8-TODAY()<=DueSoonDays,"🟠 Due soon","🔵 Upcoming"))))) -> 🟢 Complete
B9: ✓ | C9: Order Christmas cards | D9: Cards | E9: =EventDate-60 -> 0 | F9: =IF(OR($E9="",$B9="✓"),"",$E9-TODAY()) | G9: =IF($C9="","",IF($B9="✓","🟢 Complete",IF($E9="","",IF($E9<TODAY(),"🔴 OVERDUE",IF($E9-TODAY()<=DueSoonDays,"🟠 Due soon","🔵 Upcoming"))))) -> 🟢 Complete
B10: ✓ | C10: Buy wrapping paper, ribbon & tags | D10: Wrapping | E10: =EventDate-45 -> 0 | F10: =IF(OR($E10="",$B10="✓"),"",$E10-TODAY()) | G10: =IF($C10="","",IF($B10="✓","🟢 Complete",IF($E10="","",IF($E10<TODAY(),"🔴 OVERDUE",IF($E10-TODAY()<=DueSoonDays,"🟠 Due soon","🔵 Upcoming"))))) -> 🟢 Complete
C11: Address & write all cards | D11: Cards | E11: =EventDate-35 -> 0 | F11: =IF(OR($E11="",$B11="✓"),"",$E11-TODAY()) -> 69 | G11: =IF($C11="","",IF($B11="✓","🟢 Complete",IF($E11="","",IF($E11<TODAY(),"🔴 OVERDUE",IF($E11-TODAY()<=DueSoonDays,"🟠 Due soon","🔵 Upcoming"))))) -> 🔵 Upcoming
C12: Post the cards | D12: Cards | E12: =EventDate-25 -> 0 | F12: =IF(OR($E12="",$B12="✓"),"",$E12-TODAY()) -> 79 | G12: =IF($C12="","",IF($B12="✓","🟢 Complete",IF($E12="","",IF($E12<TODAY(),"🔴 OVERDUE",IF($E12-TODAY()<=DueSoonDays,"🟠 Due soon","🔵 Upcoming"))))) -> 🔵 Upcoming
B13: ✓ | C13: Order gifts that need delivery time | D13: Gifts | E13: =EventDate-30 -> 0 | F13: =IF(OR($E13="",$B13="✓"),"",$E13-TODAY()) | G13: =IF($C13="","",IF($B13="✓","🟢 Complete",IF($E13="","",IF($E13<TODAY(),"🔴 OVERDUE",IF($E13-TODAY()<=DueSoonDays,"🟠 Due soon","🔵 Upcoming"))))) -> 🟢 Complete
B14: ✓ | C14: Buy the main gifts | D14: Gifts | E14: =EventDate-21 -> 0 | F14: =IF(OR($E14="",$B14="✓"),"",$E14-TODAY()) | G14: =IF($C14="","",IF($B14="✓","🟢 Complete",IF($E14="","",IF($E14<TODAY(),"🔴 OVERDUE",IF($E14-TODAY()<=DueSoonDays,"🟠 Due soon","🔵 Upcoming"))))) -> 🟢 Complete
C15: Prepare the stockings | D15: Gifts | E15: =EventDate-18 -> 0 | F15: =IF(OR($E15="",$B15="✓"),"",$E15-TODAY()) -> 86 | G15: =IF($C15="","",IF($B15="✓","🟢 Complete",IF($E15="","",IF($E15<TODAY(),"🔴 OVERDUE",IF($E15-TODAY()<=DueSoonDays,"🟠 Due soon","🔵 Upcoming"))))) -> 🔵 Upcoming
B16: ✓ | C16: Buy the decorations & set up the tree | D16: Decorations | E16: =EventDate-20 -> 0 | F16: =IF(OR($E16="",$B16="✓"),"",$E16-TODAY()) | G16: =IF($C16="","",IF($B16="✓","🟢 Complete",IF($E16="","",IF($E16<TODAY(),"🔴 OVERDUE",IF($E16-TODAY()<=DueSoonDays,"🟠 Due soon","🔵 Upcoming"))))) -> 🟢 Complete
C17: Plan the Christmas dinner menu | D17: Food | E17: =EventDate-14 -> 0 | F17: =IF(OR($E17="",$B17="✓"),"",$E17-TODAY()) -> 90 | G17: =IF($C17="","",IF($B17="✓","🟢 Complete",IF($E17="","",IF($E17<TODAY(),"🔴 OVERDUE",IF($E17-TODAY()<=DueSoonDays,"🟠 Due soon","🔵 Upcoming"))))) -> 🔵 Upcoming
C18: Book travel / check the car | D18: Travel | E18: =EventDate-21 -> 0 | F18: =IF(OR($E18="",$B18="✓"),"",$E18-TODAY()) -> 83 | G18: =IF($C18="","",IF($B18="✓","🟢 Complete",IF($E18="","",IF($E18<TODAY(),"🔴 OVERDUE",IF($E18-TODAY()<=DueSoonDays,"🟠 Due soon","🔵 Upcoming"))))) -> 🔵 Upcoming
C19: Bake cookies & treats | D19: Food | E19: =EventDate-10 -> 0 | F19: =IF(OR($E19="",$B19="✓"),"",$E19-TODAY()) -> 94 | G19: =IF($C19="","",IF($B19="✓","🟢 Complete",IF($E19="","",IF($E19<TODAY(),"🔴 OVERDUE",IF($E19-TODAY()<=DueSoonDays,"🟠 Due soon","🔵 Upcoming"))))) -> 🔵 Upcoming
C20: Buy the groceries | D20: Food | E20: =EventDate-5 -> 0 | F20: =IF(OR($E20="",$B20="✓"),"",$E20-TODAY()) -> 99 | G20: =IF($C20="","",IF($B20="✓","🟢 Complete",IF($E20="","",IF($E20<TODAY(),"🔴 OVERDUE",IF($E20-TODAY()<=DueSoonDays,"🟠 Due soon","🔵 Upcoming"))))) -> 🔵 Upcoming
C21: Wrap the presents | D21: Wrapping | E21: =EventDate-7 -> 0 | F21: =IF(OR($E21="",$B21="✓"),"",$E21-TODAY()) -> 97 | G21: =IF($C21="","",IF($B21="✓","🟢 Complete",IF($E21="","",IF($E21<TODAY(),"🔴 OVERDUE",IF($E21-TODAY()<=DueSoonDays,"🟠 Due soon","🔵 Upcoming"))))) -> 🔵 Upcoming
C22: Hide the wrapped gifts | D22: Wrapping | E22: =EventDate-6 -> 0 | F22: =IF(OR($E22="",$B22="✓"),"",$E22-TODAY()) -> 98 | G22: =IF($C22="","",IF($B22="✓","🟢 Complete",IF($E22="","",IF($E22<TODAY(),"🔴 OVERDUE",IF($E22-TODAY()<=DueSoonDays,"🟠 Due soon","🔵 Upcoming"))))) -> 🔵 Upcoming
B23: ✓ | C23: Mail any packages | D23: Admin | E23: =EventDate-12 -> 0 | F23: =IF(OR($E23="",$B23="✓"),"",$E23-TODAY()) | G23: =IF($C23="","",IF($B23="✓","🟢 Complete",IF($E23="","",IF($E23<TODAY(),"🔴 OVERDUE",IF($E23-TODAY()<=DueSoonDays,"🟠 Due soon","🔵 Upcoming"))))) -> 🟢 Complete
C24: Confirm plans with family | D24: Family | E24: =EventDate-10 -> 0 | F24: =IF(OR($E24="",$B24="✓"),"",$E24-TODAY()) -> 94 | G24: =IF($C24="","",IF($B24="✓","🟢 Complete",IF($E24="","",IF($E24<TODAY(),"🔴 OVERDUE",IF($E24-TODAY()<=DueSoonDays,"🟠 Due soon","🔵 Upcoming"))))) -> 🔵 Upcoming
C25: Charge cameras / buy batteries | D25: Admin | E25: =EventDate-4 -> 0 | F25: =IF(OR($E25="",$B25="✓"),"",$E25-TODAY()) -> 100 | G25: =IF($C25="","",IF($B25="✓","🟢 Complete",IF($E25="","",IF($E25<TODAY(),"🔴 OVERDUE",IF($E25-TODAY()<=DueSoonDays,"🟠 Due soon","🔵 Upcoming"))))) -> 🔵 Upcoming
C26: Set the table & plan outfits | D26: Party | E26: =EventDate-3 -> 0 | F26: =IF(OR($E26="",$B26="✓"),"",$E26-TODAY()) -> 101 | G26: =IF($C26="","",IF($B26="✓","🟢 Complete",IF($E26="","",IF($E26<TODAY(),"🔴 OVERDUE",IF($E26-TODAY()<=DueSoonDays,"🟠 Due soon","🔵 Upcoming"))))) -> 🔵 Upcoming
C27: Write the thank-you list | D27: Admin | E27: =EventDate+5 -> 0 | F27: =IF(OR($E27="",$B27="✓"),"",$E27-TODAY()) -> 109 | G27: =IF($C27="","",IF($B27="✓","🟢 Complete",IF($E27="","",IF($E27<TODAY(),"🔴 OVERDUE",IF($E27-TODAY()<=DueSoonDays,"🟠 Due soon","🔵 Upcoming"))))) -> 🔵 Upcoming
F28: =IF(OR($E28="",$B28="✓"),"",$E28-TODAY()) | G28: =IF($C28="","",IF($B28="✓","🟢 Complete",IF($E28="","",IF($E28<TODAY(),"🔴 OVERDUE",IF($E28-TODAY()<=DueSoonDays,"🟠 Due soon","🔵 Upcoming")))))
F29: =IF(OR($E29="",$B29="✓"),"",$E29-TODAY()) | G29: =IF($C29="","",IF($B29="✓","🟢 Complete",IF($E29="","",IF($E29<TODAY(),"🔴 OVERDUE",IF($E29-TODAY()<=DueSoonDays,"🟠 Due soon","🔵 Upcoming")))))
F30: =IF(OR($E30="",$B30="✓"),"",$E30-TODAY()) | G30: =IF($C30="","",IF($B30="✓","🟢 Complete",IF($E30="","",IF($E30<TODAY(),"🔴 OVERDUE",IF($E30-TODAY()<=DueSoonDays,"🟠 Due soon","🔵 Upcoming")))))
F31: =IF(OR($E31="",$B31="✓"),"",$E31-TODAY()) | G31: =IF($C31="","",IF($B31="✓","🟢 Complete",IF($E31="","",IF($E31<TODAY(),"🔴 OVERDUE",IF($E31-TODAY()<=DueSoonDays,"🟠 Due soon","🔵 Upcoming")))))
F32: =IF(OR($E32="",$B32="✓"),"",$E32-TODAY()) | G32: =IF($C32="","",IF($B32="✓","🟢 Complete",IF($E32="","",IF($E32<TODAY(),"🔴 OVERDUE",IF($E32-TODAY()<=DueSoonDays,"🟠 Due soon","🔵 Upcoming")))))
F33: =IF(OR($E33="",$B33="✓"),"",$E33-TODAY()) | G33: =IF($C33="","",IF($B33="✓","🟢 Complete",IF($E33="","",IF($E33<TODAY(),"🔴 OVERDUE",IF($E33-TODAY()<=DueSoonDays,"🟠 Due soon","🔵 Upcoming")))))
F34: =IF(OR($E34="",$B34="✓"),"",$E34-TODAY()) | G34: =IF($C34="","",IF($B34="✓","🟢 Complete",IF($E34="","",IF($E34<TODAY(),"🔴 OVERDUE",IF($E34-TODAY()<=DueSoonDays,"🟠 Due soon","🔵 Upcoming")))))
F35: =IF(OR($E35="",$B35="✓"),"",$E35-TODAY()) | G35: =IF($C35="","",IF($B35="✓","🟢 Complete",IF($E35="","",IF($E35<TODAY(),"🔴 OVERDUE",IF($E35-TODAY()<=DueSoonDays,"🟠 Due soon","🔵 Upcoming")))))
F36: =IF(OR($E36="",$B36="✓"),"",$E36-TODAY()) | G36: =IF($C36="","",IF($B36="✓","🟢 Complete",IF($E36="","",IF($E36<TODAY(),"🔴 OVERDUE",IF($E36-TODAY()<=DueSoonDays,"🟠 Due soon","🔵 Upcoming")))))
F37: =IF(OR($E37="",$B37="✓"),"",$E37-TODAY()) | G37: =IF($C37="","",IF($B37="✓","🟢 Complete",IF($E37="","",IF($E37<TODAY(),"🔴 OVERDUE",IF($E37-TODAY()<=DueSoonDays,"🟠 Due soon","🔵 Upcoming")))))
F38: =IF(OR($E38="",$B38="✓"),"",$E38-TODAY()) | G38: =IF($C38="","",IF($B38="✓","🟢 Complete",IF($E38="","",IF($E38<TODAY(),"🔴 OVERDUE",IF($E38-TODAY()<=DueSoonDays,"🟠 Due soon","🔵 Upcoming")))))
F39: =IF(OR($E39="",$B39="✓"),"",$E39-TODAY()) | G39: =IF($C39="","",IF($B39="✓","🟢 Complete",IF($E39="","",IF($E39<TODAY(),"🔴 OVERDUE",IF($E39-TODAY()<=DueSoonDays,"🟠 Due soon","🔵 Upcoming")))))
... F47: =IF(OR($E47="",$B47="✓"),"",$E47-TODAY()) | G47: =IF($C47="","",IF($B47="✓","🟢 Complete",IF($E47="","",IF($E47<TODAY(),"🔴 OVERDUE",IF($E47-TODAY()<=DueSoonDays,"🟠 Due soon","🔵 Upcoming")))))
B49: CHECKLIST | C49: ="✅ "&'_Data'!$AF$36&" of "&'_Data'!$AF$35&" tasks done • 🔴 "&'_Data'!$AF$37&" overdue • 🟠 "&SUMPRODUCT(('✅ To-Do List'!$B$8:$B$47<>"✓")*('✅ To-Do List'!$E$8:$E$47<>"")*('✅ To-Do List'!$E$8:$E$47>=TODAY())*('✅ To-Do List'!$E$8:$E$47-TODAY()<=DueSoonDays))&" due in the next "&DueSoonDays&" days" -> ✅ 7 of 20 tasks done • 🔴 0 overdue • 🟠 0 due in the next 7 days
B51: 💡 How this tab works
B52: • Deadlines are formulas like ``=EventDate-45`` so the whole plan re-dates itself when you change the event date in ⚙️ Setup. Want a fixed date? Just type over it. • Status is automatic: 🟢 Complete, 🔴 OVERDUE, 🟠 Due soon (inside your Setup window) or 🔵 Upcoming. • Overdue and due-soon tasks also appear on the dashboard's “What's left to do” and “Upcoming deadlines” panels.
B54: 🏠 Home | D54: 🎁 Gifts | F54: 💰 Budget
B55: 💡 Ideas | D55: 🛍️ Shop | F55: 📦 Orders
B56: 🎀 Wrap | D56: 💌 Cards | F56: 🧦 Stockings
B57: ▶ ✅ To-Do | D57: ⚙️ Setup | F57: 📖 Help
B59: Ultimate Christmas Gift Tracker v1.0 • Christmas • Birthdays • Holidays • Every Special Occasion

Sheet ⚙️ Setup
B2: ⚙️ Setup — make it yours
B3: Change these settings once and every tab, countdown, alert and dropdown follows automatically. | H3: 🏠 Back to Dashboard
B5: 🎄 YOUR EVENT
B6: Event name | C6: Christmas | D6: Christmas, 40th Birthday, Baby Shower… it appears on the dashboard and in every message.
B7: Event date | C7: 46381 | D7: The countdown, the deadline alerts and the to-do dates all work from this one cell.
B8: Days to go (auto) | C8: =IF($C$7="","",$C$7-TODAY()) -> 104 | D8: Recalculates every day by itself.
B9: Event year (auto) | C9: =IF($C$7="","",YEAR($C$7)) -> 2026
B10: Weeks to go (auto) | C10: =IF($C$7="","",MAX(0,ROUNDUP(($C$7-TODAY())/7,0))) -> 15 | D10: Rough planning guide: gifts by week 4, cards by week 3, wrapping by week 1.
B11: Countdown message (auto) | C11: =IF($C$7="","👉 Enter your event date to start the countdown",IF($C$7-TODAY()>1,"⏳ "&($C$7-TODAY())&" days until "&$C$6&" • "&TEXT($C$7,"dddd d mmmm yyyy"),IF($C$7-TODAY()=1,"⏳ Tomorrow is "&$C$6&"! 🎁",IF($C$7=TODAY(),"🎉 It's "&$C$6&" today! 🎄","🎄 "&$C$6&" "&TEXT($C$7,"yyyy")&" has been and gone — change the date above to plan the next one.")))) -> ⏳ 104 Days Until Christmas 🎁
B13: ♻️ REUSE IT FOR ANY OCCASION (birthdays, Valentine's, Mother's Day, weddings, Secret Santa…)
B14: Pick an occasion | C14: Christmas | D14: Just a helper — it suggests a name and a date for you.
B15: Suggested event name (auto) | C15: =IF($C$14="","",$C$14) -> Christmas
B16: Suggested date (auto) | C16: =IF('_Data'!$E$2="","",DATE(YEAR(TODAY())+IF(DATE(YEAR(TODAY()),'_Data'!$E$2,'_Data'!$F$2)<TODAY(),1,0),'_Data'!$E$2,'_Data'!$F$2)) -> 46381 | D16: Copy the two suggestions above into Event name / Event date and the whole workbook switches occasion.
B17: 💡 The workbook is date-driven, not year-driven: nothing is hard-coded to 2026, so you can keep using it every year (and for every other gift-giving occasion) just by changing the event date.
B20: 💰 MONEY, ALERTS & PRIVACY
B21: Currency symbol | C21: $ | D21: Used by every dashboard and summary readout. To show it inside the tables too: select the money columns → Home → Number format → Currency.
B22: Total budget target | C22: 1500 | D22: Your headline number for the whole event (the 💰 Budget tab breaks it down by category).
B23: Warn me when spending reaches | C23: 0.85 | D23: e.g. 85% — the dashboard and the Budget tab start shouting at this point.
B24: “Due soon” window (days) | C24: 7 | D24: Deadlines inside this many days turn orange everywhere.
B25: 🙈 Secret Mode | C25: No | D25: Yes = hiding spots on the 🎀 Wrapping and 🧦 Stockings tabs go invisible (white on white) so nobody can spoil the surprise over your shoulder.
B26: Count “Ordered” as purchased? | C26: No | D26: Yes = gifts that are ordered but not yet delivered still count as bought on the dashboard.
B28: 📋 YOUR LISTS — edit any time, every dropdown in the workbook updates itself
B29: 👪 Recipients | C29: 👥 Relationships | D29: 🏷️ Gift categories | E29: 🏬 Stores | F29: 🛒 Shopping categories | G29: 🙈 Hiding spots | H29: 📋 To-do categories | I29: 🧦 Stocking owners | J29: 🍬 Stocking items
B30: Mum | C30: Mum | D30: Clothing | E30: Amazon | F30: Gifts | G30: Top shelf in closet | H30: Gifts | I30: Emma | J30: Candy
B31: Dad | C31: Dad | D31: Beauty | E31: Etsy | F31: Stockings | G31: Under the bed | H31: Wrapping | I31: Oliver | J31: Chocolate
B32: Grandma Rose | C32: Grandma | D32: Electronics | E32: Target | F32: Wrapping | G32: Garage shelf | H32: Cards | I32: Mum | J32: Socks
B33: Grandpa Joe | C33: Grandpa | D33: Toys | E33: Walmart | F33: Food | G33: Suitcase in the attic | H33: Food | I33: Dad | J33: Beauty
B34: Sister Emily | C34: Sister | D34: Books | E34: John Lewis | F34: Baking | G34: Back of the pantry | H34: Decorations | J34: Hair clips
B35: Brother Jack | C35: Brother | D35: Home | E35: Tesco | F35: Decorations | G35: Linen closet | H35: Travel | J35: Stationery
B36: Niece Sophie | C36: Partner | D36: Food & Drink | E36: Argos | F36: Cards | G36: Shoe box in wardrobe | H36: Party | J36: Small toy
B37: Nephew Leo | C37: Son | D37: Gift Card | E37: ASOS | F37: Postage | G37: Behind the books | H37: Family | J37: Gift card
B38: Alex (partner) | C38: Daughter | D38: Handmade | E38: Sephora | F38: Party Supplies | G38: Under the stairs box | H38: Admin | J38: Snacks
B39: Maya (best friend) | C39: Niece | D39: Jewellery | E39: Best Buy | F39: Travel | G39: Car boot / trunk | H39: Other | J39: Novelty
B40: Cousin Dan | C40: Nephew | D40: Games | E40: IKEA | F40: Charity | G40: Decoration box | J40: Other
B41: Aunt Carol | C41: Cousin | D41: Sports | E41: M&S | F41: Other | G41: At work / office
B42: Uncle Bill | C42: Aunt | D42: Music | E42: Local Bookshop | G42: Friend's house
B43: Secret Santa | C43: Uncle | D43: Kids | E43: Not On The High Street
C44: Friend | D44: Pets | E44: Handmade by me
C45: Colleague | D45: Experience | E45: Other
C46: Neighbour | D46: Other
C47: Teacher
C48: Secret Santa
C49: Other
B50: • Type over the example names with your own — add as many as you like (20 rows each). • Don't leave a blank row in the middle of a list: the dropdown stops at the first gap. • Deleting a name here does NOT delete your gifts — it only removes it from the dropdown.
B52: 🔒 FIXED LISTS — the colours, counts and dashboard maths depend on this exact wording, so please leave them alone
B53: Gift status | C53: Order status | D53: Priority | E53: Tick box | F53: Status order = your gift pipeline: idea → need to buy → ordered → purchased → wrapped → delivered.
B54: 💡 Idea | C54: 🛒 Ordered | D54: ⭐⭐⭐ Must Have | E54: ✓
B55: 🛒 Need to Buy | C55: 📦 Shipped | D55: ⭐⭐ Maybe
B56: 🛍️ Ordered | C56: 🚚 Out for Delivery | D56: ⭐ Low Priority
B57: ✅ Purchased | C57: ✅ Delivered
B58: 🎀 Wrapped | C58: ↩️ Return Requested
B59: 📦 Delivered | C59: ❌ Cancelled
B60: ✓ The tick column holds the “checkbox” used all over the workbook: pick ✓ from a dropdown to tick something off, pick the empty option to untick it. ✓ Want different wording? Change it here AND in the cells that already use it (Find & Replace does the job in two clicks).
B63: 🧭 WHERE TO GO NEXT
B64: 🏠 Home | C64: 🎁 Gifts | D64: 💰 Budget | E64: 💡 Ideas | F64: 🛍️ Shop | G64: 📦 Orders | H64: 🎀 Wrap | I64: 💌 Cards | J64: 🧦 Stockings
B65: ✅ To-Do | C65: ▶ ⚙️ Setup | D65: 📖 Help
B67: Ultimate Christmas Gift Tracker v1.0 • Christmas • Birthdays • Holidays • Every Special Occasion • works in Excel 2016+ and Google Sheets • no macros, nothing to install

Sheet 📖 Start Here
C10: 📖 START HERE
C11: your 3-minute tour of the Christmas Gift Tracker
B22: ⚡ THREE-MINUTE QUICK START
B24: 1 | C24: Set your event.
C25: ⚙️ Setup → Event name and Event date. Every countdown, deadline and key date in the workbook is calculated from that one date, so nothing is locked to a year.
B26: 2 | C26: Make the money yours.
C27: On the same tab pick your currency symbol, your total budget target, the % that triggers the budget warning, and how many days counts as “due soon”.
B28: 3 | C28: Type your people.
C29: ⚙️ Setup → Your lists: recipients, relationships, stores, categories, hiding spots. Every dropdown in every tab reads from these lists and updates instantly.
B30: 4 | C30: Add your gifts.
C31: 🎁 Gift Tracker: one row per present. Use the Status dropdown as your pipeline (💡 idea → 📦 delivered). The tinted columns (difference, % of budget, days left, alert) fill themselves in.
B32: 5 | C32: Plan the money.
C33: 💰 Budget: type a planned amount per category. The “pulled in automatically” column adds up the real money from the gift, shopping, stocking and postage columns.
B34: 6 | C34: Enjoy the dashboard.
C35: 🎄 Dashboard needs no typing at all. It recalculates the moment you change anything anywhere else.
B37: 🗂️ WHAT EVERY TAB DOES
C39: Tab | F39: What it's for | I39: You type | K39: Automatic
C40: 🎄 Dashboard | F40: The command centre: countdown, money, gift progress, bars, 4 charts, deadlines. | I40: nothing | K40: everything
C41: 🎁 Gift Tracker | F41: One row per present — the heart of the workbook. | I41: the gift | K41: difference, %, alerts
C42: 💰 Budget | F42: Planned vs actual per category with a warning level you choose. | I42: planned amounts | K42: actuals + charts
C43: 💡 Wish List | F43: Ideas parked all year, ranked by priority; detects ideas already on the gift list. | I43: ideas + priority | K43: in-tracker check
C44: 🛍️ Shopping List | F44: Everything that is not a present: wrapping, cards, baking, decorations. | I44: the items | K44: totals + budget feed
C45: 📦 Order Tracker | F45: Parcels: order numbers, expected dates, tracking links, late alerts. | I45: order details | K45: days left + alerts
C46: 🎀 Wrapping & Hiding | F46: Mirrors the gift list and adds hiding spots + gift tags (with Secret Mode). | I46: hiding spot | K46: mirror of gifts
C47: 💌 Card Tracker | F47: Bought → written → posted → replied, plus postage costs. | I47: names + ticks | K47: status + totals
C48: 🧦 Stockings | F48: Fillers per stocking with a budget and a per-stocking summary. | I48: items + costs | K48: budget vs spent
C49: ✅ To-Do List | F49: Date-aware checklist; deadlines calculated from your event date. | I49: tick when done | K49: status + overdue
C50: ⚙️ Setup | F50: Event, money settings, and every editable list in the workbook. | I50: settings + lists | K50: suggestions
... C52: _Data (hidden) | F52: The engine room: every dashboard number, chart series and deadline is computed here. | I52: never | K52: all the maths
B54: 🎨 COLOUR & SYMBOL LEGEND
C56: Looks like | E56: Means | H56: Where you'll see it
C57: 🔴 red | E57: Overdue, over budget, or running late | H57: deadline columns, budget status, order alerts, to-do status
C58: 🟠 amber | E58: Due soon (inside your Setup window) or nearly at the budget limit | H58: deadlines, % used, budget status
C59: 🟢 green | E59: On track / complete / ticked off | H59: tick boxes, statuses, to-do list, wrapped rows
C60: 🔵 blue | E60: Ordered / on the way | H60: gift status, order status
C61: 🎀 gold | E61: Wrapped, or a priority must-have | H61: gift status, wrapping tab, wish list
C62: ⚪ grey | E62: Not started yet | H62: budget rows, card status
C63: ✓ tick | E63: Pick ✓ from the dropdown to tick, pick the blank option to untick | H63: wrapped, given, bought, sent, done, returned
C64: █░ bars | E64: Text progress bars (screenshot-friendly and print-friendly) | H64: dashboard, budget, stockings
B66: 🤖 EVERYTHING THAT IS AUTOMATIC
C68: Feature | F68: What it does
C69: Countdown | F69: Days and weeks until the event, recalculated every time the file opens.
C70: Money | F70: Total budget, spent, remaining, % used, average spend per person.
C71: Budget alert | F71: A plain-English warning at the % you chose in Setup (“you've spent 87% of your Christmas budget”).
C72: Gift counts | F72: Planned, purchased, wrapped, delivered, still to buy, on order, completion %.
C73: Per person | F73: Budget, spend, gift counts and a progress bar for every recipient.
C74: Per gift | F74: Under/over budget, % of budget used, days left, deadline alert.
C75: Buttons | F75: Any pasted link becomes a clickable 🔗 button.
C76: Shopping | F76: Qty × unit = total; tick Bought and the actual (or estimated) cost flows into the budget.
C77: Budget feed | F77: Gift, shopping, stocking and postage money is pulled into the Budget tab by category.
C78: Stockings | F78: Budget, spent, remaining and a progress bar for each stocking.
C79: Cards | F79: Status from the ticks; “cards sent x / y”; postage into the budget.
... C84: Dashboard | F84: Four charts, the next five deadlines across every tab, key dates and the “what's left to do” sentences.
B86: 📥 USING IT IN GOOGLE SHEETS (AND WHICH EXCEL)
C88: • Google Sheets: sheets.new → File → Import → Upload → choose this .xlsx → Import location: Replace spreadsheet. Everything (formulas, dropdowns, colours, charts) converts.
C89: • After import, click any tab once so Sheets recalculates; then File → Save as Google Sheets to keep your copy in Drive.
C90: • Excel: 2016, 2019, 2021 and Microsoft 365 on Windows or Mac. The file contains no macros, so there are no security warnings and it opens straight away.
C91: • Phone / tablet: opens in the Excel and Google Sheets apps — fine for checking the dashboard and ticking things off; do the big data entry on a computer.
C92: • If a number ever looks stale in Excel: Formulas → Calculation Options → Automatic, or press F9.
B94: ❓ FREQUENTLY ASKED
C96: Question | F96: Answer
C97: How do I add more rows? | F97: Select the last data row and drag the little square in its bottom-right corner down (or right-click → Insert above the TOTALS row). Formulas, dropdowns and colours come with the row.
C98: Can I use it for birthdays? | F98: Yes — ⚙️ Setup → pick an occasion or type any event name and date. The dashboard re-words itself around it.
C99: How do I change currency? | F99: ⚙️ Setup → Currency symbol changes every dashboard and summary readout. To show it inside the tables too: select the money columns → Home → Number format → Currency.
C100: Why are the checkboxes dropdowns? | F100: Because ✓ dropdowns work identically in Excel and Google Sheets, whereas Excel's built-in checkbox controls don't survive conversion. Pick ✓ to tick, the blank option to untick.
C101: Can I delete tabs I don't use? | F101: Please keep _Data (hidden) — the dashboard is computed there. For the rest: leaving a tab empty is safer than deleting it, but deleting premium tabs won't break the rest as long as _Data stays.
C102: How do I hide the hiding spots? | F102: ⚙️ Setup → Secret Mode = Yes turns them white-on-white instantly. For total privacy, right-click the column → Hide.
C103: Will it print nicely? | F103: Yes — every tab is set up landscape, fitted to one page wide, with the title and column headers repeated on each page.
C104: Can we share it in the family? | F104: Save it to OneDrive, Dropbox or Drive and share it like any workbook; or import it to Google Sheets and share a link so everyone ticks together.
C105: Is it password protected? | F105: Not by default — you can edit everything. If you want it locked down: Review → Protect Sheet / Protect Workbook in Excel.
C106: I changed the event date — will deadlines move? | F106: The to-do list and the dashboard key dates move automatically. Dates you typed yourself on gift rows and orders stay where you put them.
B108: 📄 LICENCE & SUPPORT
C110: Personal licence: use it for your own household, every year, for every occasion. Please don't resell, redistribute or share the file itself — send people here instead. If something looks wrong or you'd love a feature added, message the shop: small improvements usually ship within days, free, to everyone who already bought it.
B112: 🏠 Home | D112: 🎁 Gifts | F112: 💰 Budget | H112: 💡 Ideas | J112: 🛍️ Shop
B113: 📦 Orders | D113: 🎀 Wrap | F113: 💌 Cards | H113: 🧦 Stockings | J113: ✅ To-Do
B114: ⚙️ Setup | D114: ▶ 📖 Help
B116: Ultimate Christmas Gift Tracker v1.0 • Christmas • Birthdays • Holidays • Every Special Occasion • made with love (and formulas) • Novality Store

Sheet _Data
A1: Occasion | B1: Month | C1: Day | E1: Preset month | F1: Preset day | H1: Recipient | I1: Planned | J1: Spent | K1: Gifts | L1: Bought | M1: Wrapped | N1: Delivered | O1: To buy | P1: Done % | Q1: Gift category | R1: Spent | T1: Status | U1: Gifts | AA1: Due | AB1: What | AC1: Days | AE1: Metric | AF1: Value | AH1: This sheet is hidden on purpose: it feeds the dashboard, the charts and every automatic number in the workbook. Please do not delete or rename it (unhide with: right-click any tab > Unhide).
A2: Christmas | B2: 12 | C2: 25 | E2: =IFERROR(INDEX($B$2:$B$19,MATCH('⚙️ Setup'!$C$14,$A$2:$A$19,0)),"") | F2: =IFERROR(INDEX($C$2:$C$19,MATCH('⚙️ Setup'!$C$14,$A$2:$A$19,0)),"") | H2: =IF('⚙️ Setup'!$B$30="","",'⚙️ Setup'!$B$30) -> Mum | I2: =IF($H2="",0,SUMIF('🎁 Gift Tracker'!$C$8:$C$67,$H2,'🎁 Gift Tracker'!$J$8:$J$67)) -> 105 | J2: =IF($H2="",0,SUMIF('🎁 Gift Tracker'!$C$8:$C$67,$H2,'🎁 Gift Tracker'!$K$8:$K$67)) -> 97.99 | K2: =IF($H2="",0,COUNTIF('🎁 Gift Tracker'!$C$8:$C$67,$H2)) -> 2 | L2: =IF($H2="",0+COUNTIFS('🎁 Gift Tracker'!$C$8:$C$67,$H2,'🎁 Gift Tracker'!$N$8:$N$67,"✅ Purchased")+COUNTIFS('🎁 Gift Tracker'!$C$8:$C$67,$H2,'🎁 Gift Tracker'!$N$8:$N$67,"🎀 Wrapped")+COUNTIFS('🎁 Gift Tracker'!$C$8:$C$67,$H2,'🎁 Gift Tracker'!$N$8:$N$67,"📦 Delivered")+IF(CountOrdered="Yes",COUNTIFS('🎁 Gift Tracker'!$C$8:$C$67,$H2,'🎁 Gift Tracker'!$N$8:$N$67,"🛍️ Ordered"),0)) -> 2 | M2: =IF($H2="",0,COUNTIFS('🎁 Gift Tracker'!$C$8:$C$67,$H2,'🎁 Gift Tracker'!$O$8:$O$67,"✓")+SUMPRODUCT(('🎁 Gift Tracker'!$C$8:$C$67=$H2)*('🎁 Gift Tracker'!$O$8:$O$67<>"✓")*(('🎁 Gift Tracker'!$N$8:$N$67="🎀 Wrapped")+('🎁 Gift Tracker'!$N$8:$N$67="📦 Delivered")>0))) -> 2 | N2: =IF($H2="",0,COUNTIFS('🎁 Gift Tracker'!$C$8:$C$67,$H2,'🎁 Gift Tracker'!$P$8:$P$67,"✓")+SUMPRODUCT(('🎁 Gift Tracker'!$C$8:$C$67=$H2)*('🎁 Gift Tracker'!$P$8:$P$67<>"✓")*('🎁 Gift Tracker'!$N$8:$N$67="📦 Delivered"))) -> 0 | O2: =IF($H2="",0,MAX(0,$K2-$L2)) -> 0 | P2: =IF($H2="","",IFERROR($L2/$K2,0)) -> 1 | Q2: =IF('⚙️ Setup'!$D$30="","",'⚙️ Setup'!$D$30) -> Clothing | R2: =IF($Q2="",0,SUMIF('🎁 Gift Tracker'!$F$8:$F$67,$Q2,'🎁 Gift Tracker'!$K$8:$K$67)) -> 158.5 | T2: ='⚙️ Setup'!$B$54 -> 💡 Idea | U2: =COUNTIF('🎁 Gift Tracker'!$N$8:$N$67,$T2) -> 1 | AA2: =IF(OR('🎁 Gift Tracker'!$Q$8="",'🎁 Gift Tracker'!$Q$8<TODAY(),'🎁 Gift Tracker'!$N$8="📦 Delivered"),"",'🎁 Gift Tracker'!$Q$8) -> 46371 | AB2: =IF($AA$2="","","🎁 "&'🎁 Gift Tracker'!$E$8&" — "&'🎁 Gift Tracker'!$C$8) -> 🎁 Cashmere scarf — Mum | AC2: =IF($AA$2="","",$AA$2-TODAY()) -> 94 | AE2: Days until the event | AF2: =EventDate-TODAY() -> 104
A3: Christmas Eve | B3: 12 | C3: 24 | H3: =IF('⚙️ Setup'!$B$31="","",'⚙️ Setup'!$B$31) -> Dad | I3: =IF($H3="",0,SUMIF('🎁 Gift Tracker'!$C$8:$C$67,$H3,'🎁 Gift Tracker'!$J$8:$J$67)) -> 95 | J3: =IF($H3="",0,SUMIF('🎁 Gift Tracker'!$C$8:$C$67,$H3,'🎁 Gift Tracker'!$K$8:$K$67)) -> 93.5 | K3: =IF($H3="",0,COUNTIF('🎁 Gift Tracker'!$C$8:$C$67,$H3)) -> 2 | L3: =IF($H3="",0+COUNTIFS('🎁 Gift Tracker'!$C$8:$C$67,$H3,'🎁 Gift Tracker'!$N$8:$N$67,"✅ Purchased")+COUNTIFS('🎁 Gift Tracker'!$C$8:$C$67,$H3,'🎁 Gift Tracker'!$N$8:$N$67,"🎀 Wrapped")+COUNTIFS('🎁 Gift Tracker'!$C$8:$C$67,$H3,'🎁 Gift Tracker'!$N$8:$N$67,"📦 Delivered")+IF(CountOrdered="Yes",COUNTIFS('🎁 Gift Tracker'!$C$8:$C$67,$H3,'🎁 Gift Tracker'!$N$8:$N$67,"🛍️ Ordered"),0)) -> 2 | M3: =IF($H3="",0,COUNTIFS('🎁 Gift Tracker'!$C$8:$C$67,$H3,'🎁 Gift Tracker'!$O$8:$O$67,"✓")+SUMPRODUCT(('🎁 Gift Tracker'!$C$8:$C$67=$H3)*('🎁 Gift Tracker'!$O$8:$O$67<>"✓")*(('🎁 Gift Tracker'!$N$8:$N$67="🎀 Wrapped")+('🎁 Gift Tracker'!$N$8:$N$67="📦 Delivered")>0))) -> 2 | N3: =IF($H3="",0,COUNTIFS('🎁 Gift Tracker'!$C$8:$C$67,$H3,'🎁 Gift Tracker'!$P$8:$P$67,"✓")+SUMPRODUCT(('🎁 Gift Tracker'!$C$8:$C$67=$H3)*('🎁 Gift Tracker'!$P$8:$P$67<>"✓")*('🎁 Gift Tracker'!$N$8:$N$67="📦 Delivered"))) -> 1 | O3: =IF($H3="",0,MAX(0,$K3-$L3)) -> 0 | P3: =IF($H3="","",IFERROR($L3/$K3,0)) -> 1 | Q3: =IF('⚙️ Setup'!$D$31="","",'⚙️ Setup'!$D$31) -> Beauty | R3: =IF($Q3="",0,SUMIF('🎁 Gift Tracker'!$F$8:$F$67,$Q3,'🎁 Gift Tracker'!$K$8:$K$67)) -> 42.99 | T3: ='⚙️ Setup'!$B$55 -> 🛒 Need to Buy | U3: =COUNTIF('🎁 Gift Tracker'!$N$8:$N$67,$T3) -> 3 | AA3: =IF(OR('🎁 Gift Tracker'!$Q$9="",'🎁 Gift Tracker'!$Q$9<TODAY(),'🎁 Gift Tracker'!$N$9="📦 Delivered"),"",'🎁 Gift Tracker'!$Q$9) -> 46371 | AB3: =IF($AA$3="","","🎁 "&'🎁 Gift Tracker'!$E$9&" — "&'🎁 Gift Tracker'!$C$9) -> 🎁 Spa gift set — Mum | AC3: =IF($AA$3="","",$AA$3-TODAY()) -> 94 | AE3: Event year | AF3: =YEAR(EventDate) -> 2026
A4: Secret Santa | B4: 12 | C4: 20 | H4: =IF('⚙️ Setup'!$B$32="","",'⚙️ Setup'!$B$32) -> Grandma Rose | I4: =IF($H4="",0,SUMIF('🎁 Gift Tracker'!$C$8:$C$67,$H4,'🎁 Gift Tracker'!$J$8:$J$67)) -> 135 | J4: =IF($H4="",0,SUMIF('🎁 Gift Tracker'!$C$8:$C$67,$H4,'🎁 Gift Tracker'!$K$8:$K$67)) -> 129.99 | K4: =IF($H4="",0,COUNTIF('🎁 Gift Tracker'!$C$8:$C$67,$H4)) -> 2 | L4: =IF($H4="",0+COUNTIFS('🎁 Gift Tracker'!$C$8:$C$67,$H4,'🎁 Gift Tracker'!$N$8:$N$67,"✅ Purchased")+COUNTIFS('🎁 Gift Tracker'!$C$8:$C$67,$H4,'🎁 Gift Tracker'!$N$8:$N$67,"🎀 Wrapped")+COUNTIFS('🎁 Gift Tracker'!$C$8:$C$67,$H4,'🎁 Gift Tracker'!$N$8:$N$67,"📦 Delivered")+IF(CountOrdered="Yes",COUNTIFS('🎁 Gift Tracker'!$C$8:$C$67,$H4,'🎁 Gift Tracker'!$N$8:$N$67,"🛍️ Ordered"),0)) -> 1 | M4: =IF($H4="",0,COUNTIFS('🎁 Gift Tracker'!$C$8:$C$67,$H4,'🎁 Gift Tracker'!$O$8:$O$67,"✓")+SUMPRODUCT(('🎁 Gift Tracker'!$C$8:$C$67=$H4)*('🎁 Gift Tracker'!$O$8:$O$67<>"✓")*(('🎁 Gift Tracker'!$N$8:$N$67="🎀 Wrapped")+('🎁 Gift Tracker'!$N$8:$N$67="📦 Delivered")>0))) -> 1 | N4: =IF($H4="",0,COUNTIFS('🎁 Gift Tracker'!$C$8:$C$67,$H4,'🎁 Gift Tracker'!$P$8:$P$67,"✓")+SUMPRODUCT(('🎁 Gift Tracker'!$C$8:$C$67=$H4)*('🎁 Gift Tracker'!$P$8:$P$67<>"✓")*('🎁 Gift Tracker'!$N$8:$N$67="📦 Delivered"))) -> 0 | O4: =IF($H4="",0,MAX(0,$K4-$L4)) -> 1 | P4: =IF($H4="","",IFERROR($L4/$K4,0)) -> 0.5 | Q4: =IF('⚙️ Setup'!$D$32="","",'⚙️ Setup'!$D$32) -> Electronics | R4: =IF($Q4="",0,SUMIF('🎁 Gift Tracker'!$F$8:$F$67,$Q4,'🎁 Gift Tracker'!$K$8:$K$67)) -> 159.98 | T4: ='⚙️ Setup'!$B$56 -> 🛍️ Ordered | U4: =COUNTIF('🎁 Gift Tracker'!$N$8:$N$67,$T4) -> 3 | AA4: =IF(OR('🎁 Gift Tracker'!$Q$10="",'🎁 Gift Tracker'!$Q$10<TODAY(),'🎁 Gift Tracker'!$N$10="📦 Delivered"),"",'🎁 Gift Tracker'!$Q$10) | AB4: =IF($AA$4="","","🎁 "&'🎁 Gift Tracker'!$E$10&" — "&'🎁 Gift Tracker'!$C$10) | AC4: =IF($AA$4="","",$AA$4-TODAY()) | AE4: Gifts planned | AF4: =COUNTA('🎁 Gift Tracker'!$E$8:$E$67) -> 25
A5: Hanukkah | B5: 12 | C5: 15 | H5: =IF('⚙️ Setup'!$B$33="","",'⚙️ Setup'!$B$33) -> Grandpa Joe | I5: =IF($H5="",0,SUMIF('🎁 Gift Tracker'!$C$8:$C$67,$H5,'🎁 Gift Tracker'!$J$8:$J$67)) -> 55 | J5: =IF($H5="",0,SUMIF('🎁 Gift Tracker'!$C$8:$C$67,$H5,'🎁 Gift Tracker'!$K$8:$K$67)) -> 49.5 | K5: =IF($H5="",0,COUNTIF('🎁 Gift Tracker'!$C$8:$C$67,$H5)) -> 2 | L5: =IF($H5="",0+COUNTIFS('🎁 Gift Tracker'!$C$8:$C$67,$H5,'🎁 Gift Tracker'!$N$8:$N$67,"✅ Purchased")+COUNTIFS('🎁 Gift Tracker'!$C$8:$C$67,$H5,'🎁 Gift Tracker'!$N$8:$N$67,"🎀 Wrapped")+COUNTIFS('🎁 Gift Tracker'!$C$8:$C$67,$H5,'🎁 Gift Tracker'!$N$8:$N$67,"📦 Delivered")+IF(CountOrdered="Yes",COUNTIFS('🎁 Gift Tracker'!$C$8:$C$67,$H5,'🎁 Gift Tracker'!$N$8:$N$67,"🛍️ Ordered"),0)) -> 2 | M5: =IF($H5="",0,COUNTIFS('🎁 Gift Tracker'!$C$8:$C$67,$H5,'🎁 Gift Tracker'!$O$8:$O$67,"✓")+SUMPRODUCT(('🎁 Gift Tracker'!$C$8:$C$67=$H5)*('🎁 Gift Tracker'!$O$8:$O$67<>"✓")*(('🎁 Gift Tracker'!$N$8:$N$67="🎀 Wrapped")+('🎁 Gift Tracker'!$N$8:$N$67="📦 Delivered")>0))) -> 2 | N5: =IF($H5="",0,COUNTIFS('🎁 Gift Tracker'!$C$8:$C$67,$H5,'🎁 Gift Tracker'!$P$8:$P$67,"✓")+SUMPRODUCT(('🎁 Gift Tracker'!$C$8:$C$67=$H5)*('🎁 Gift Tracker'!$P$8:$P$67<>"✓")*('🎁 Gift Tracker'!$N$8:$N$67="📦 Delivered"))) -> 2 | O5: =IF($H5="",0,MAX(0,$K5-$L5)) -> 0 | P5: =IF($H5="","",IFERROR($L5/$K5,0)) -> 1 | Q5: =IF('⚙️ Setup'!$D$33="","",'⚙️ Setup'!$D$33) -> Toys | R5: =IF($Q5="",0,SUMIF('🎁 Gift Tracker'!$F$8:$F$67,$Q5,'🎁 Gift Tracker'!$K$8:$K$67)) -> 39.99 | T5: ='⚙️ Setup'!$B$57 -> ✅ Purchased | U5: =COUNTIF('🎁 Gift Tracker'!$N$8:$N$67,$T5) -> 7 | AA5: =IF(OR('🎁 Gift Tracker'!$Q$11="",'🎁 Gift Tracker'!$Q$11<TODAY(),'🎁 Gift Tracker'!$N$11="📦 Delivered"),"",'🎁 Gift Tracker'!$Q$11) -> 46373 | AB5: =IF($AA$5="","","🎁 "&'🎁 Gift Tracker'!$E$11&" — "&'🎁 Gift Tracker'!$C$11) -> 🎁 Whisky tasting set — Dad | AC5: =IF($AA$5="","",$AA$5-TODAY()) -> 96 | AE5: Gifts purchased | AF5: =COUNTIF('🎁 Gift Tracker'!$N$8:$N$67,"✅ Purchased")+COUNTIF('🎁 Gift Tracker'!$N$8:$N$67,"🎀 Wrapped")+COUNTIF('🎁 Gift Tracker'!$N$8:$N$67,"📦 Delivered")+IF(CountOrdered="Yes",COUNTIF('🎁 Gift Tracker'!$N$8:$N$67,"🛍️ Ordered"),0) -> 18
A6: New Year's Eve | B6: 12 | C6: 31 | H6: =IF('⚙️ Setup'!$B$34="","",'⚙️ Setup'!$B$34) -> Sister Emily | I6: =IF($H6="",0,SUMIF('🎁 Gift Tracker'!$C$8:$C$67,$H6,'🎁 Gift Tracker'!$J$8:$J$67)) -> 75 | J6: =IF($H6="",0,SUMIF('🎁 Gift Tracker'!$C$8:$C$67,$H6,'🎁 Gift Tracker'!$K$8:$K$67)) -> 48 | K6: =IF($H6="",0,COUNTIF('🎁 Gift Tracker'!$C$8:$C$67,$H6)) -> 2 | L6: =IF($H6="",0+COUNTIFS('🎁 Gift Tracker'!$C$8:$C$67,$H6,'🎁 Gift Tracker'!$N$8:$N$67,"✅ Purchased")+COUNTIFS('🎁 Gift Tracker'!$C$8:$C$67,$H6,'🎁 Gift Tracker'!$N$8:$N$67,"🎀 Wrapped")+COUNTIFS('🎁 Gift Tracker'!$C$8:$C$67,$H6,'🎁 Gift Tracker'!$N$8:$N$67,"📦 Delivered")+IF(CountOrdered="Yes",COUNTIFS('🎁 Gift Tracker'!$C$8:$C$67,$H6,'🎁 Gift Tracker'!$N$8:$N$67,"🛍️ Ordered"),0)) -> 1 | M6: =IF($H6="",0,COUNTIFS('🎁 Gift Tracker'!$C$8:$C$67,$H6,'🎁 Gift Tracker'!$O$8:$O$67,"✓")+SUMPRODUCT(('🎁 Gift Tracker'!$C$8:$C$67=$H6)*('🎁 Gift Tracker'!$O$8:$O$67<>"✓")*(('🎁 Gift Tracker'!$N$8:$N$67="🎀 Wrapped")+('🎁 Gift Tracker'!$N$8:$N$67="📦 Delivered")>0))) -> 1 | N6: =IF($H6="",0,COUNTIFS('🎁 Gift Tracker'!$C$8:$C$67,$H6,'🎁 Gift Tracker'!$P$8:$P$67,"✓")+SUMPRODUCT(('🎁 Gift Tracker'!$C$8:$C$67=$H6)*('🎁 Gift Tracker'!$P$8:$P$67<>"✓")*('🎁 Gift Tracker'!$N$8:$N$67="📦 Delivered"))) -> 0 | O6: =IF($H6="",0,MAX(0,$K6-$L6)) -> 1 | P6: =IF($H6="","",IFERROR($L6/$K6,0)) -> 0.5 | Q6: =IF('⚙️ Setup'!$D$34="","",'⚙️ Setup'!$D$34) -> Books | R6: =IF($Q6="",0,SUMIF('🎁 Gift Tracker'!$F$8:$F$67,$Q6,'🎁 Gift Tracker'!$K$8:$K$67)) -> 22 | T6: ='⚙️ Setup'!$B$58 -> 🎀 Wrapped | U6: =COUNTIF('🎁 Gift Tracker'!$N$8:$N$67,$T6) -> 5 | AA6: =IF(OR('🎁 Gift Tracker'!$Q$12="",'🎁 Gift Tracker'!$Q$12<TODAY(),'🎁 Gift Tracker'!$N$12="📦 Delivered"),"",'🎁 Gift Tracker'!$Q$12) -> 46376 | AB6: =IF($AA$6="","","🎁 "&'🎁 Gift Tracker'!$E$12&" — "&'🎁 Gift Tracker'!$C$12) -> 🎁 Digital photo frame — Grandma Rose | AC6: =IF($AA$6="","",$AA$6-TODAY()) -> 99 | AE6: Gifts wrapped | AF6: =COUNTIF('🎁 Gift Tracker'!$O$8:$O$67,"✓")+SUMPRODUCT(('🎁 Gift Tracker'!$O$8:$O$67<>"✓")*(('🎁 Gift Tracker'!$N$8:$N$67="🎀 Wrapped")+('🎁 Gift Tracker'!$N$8:$N$67="📦 Delivered")>0)) -> 13
A7: Valentine's Day | B7: 2 | C7: 14 | H7: =IF('⚙️ Setup'!$B$35="","",'⚙️ Setup'!$B$35) -> Brother Jack | I7: =IF($H7="",0,SUMIF('🎁 Gift Tracker'!$C$8:$C$67,$H7,'🎁 Gift Tracker'!$J$8:$J$67)) -> 115 | J7: =IF($H7="",0,SUMIF('🎁 Gift Tracker'!$C$8:$C$67,$H7,'🎁 Gift Tracker'!$K$8:$K$67)) -> 107.99 | K7: =IF($H7="",0,COUNTIF('🎁 Gift Tracker'!$C$8:$C$67,$H7)) -> 2 | L7: =IF($H7="",0+COUNTIFS('🎁 Gift Tracker'!$C$8:$C$67,$H7,'🎁 Gift Tracker'!$N$8:$N$67,"✅ Purchased")+COUNTIFS('🎁 Gift Tracker'!$C$8:$C$67,$H7,'🎁 Gift Tracker'!$N$8:$N$67,"🎀 Wrapped")+COUNTIFS('🎁 Gift Tracker'!$C$8:$C$67,$H7,'🎁 Gift Tracker'!$N$8:$N$67,"📦 Delivered")+IF(CountOrdered="Yes",COUNTIFS('🎁 Gift Tracker'!$C$8:$C$67,$H7,'🎁 Gift Tracker'!$N$8:$N$67,"🛍️ Ordered"),0)) -> 1 | M7: =IF($H7="",0,COUNTIFS('🎁 Gift Tracker'!$C$8:$C$67,$H7,'🎁 Gift Tracker'!$O$8:$O$67,"✓")+SUMPRODUCT(('🎁 Gift Tracker'!$C$8:$C$67=$H7)*('🎁 Gift Tracker'!$O$8:$O$67<>"✓")*(('🎁 Gift Tracker'!$N$8:$N$67="🎀 Wrapped")+('🎁 Gift Tracker'!$N$8:$N$67="📦 Delivered")>0))) -> 0 | N7: =IF($H7="",0,COUNTIFS('🎁 Gift Tracker'!$C$8:$C$67,$H7,'🎁 Gift Tracker'!$P$8:$P$67,"✓")+SUMPRODUCT(('🎁 Gift Tracker'!$C$8:$C$67=$H7)*('🎁 Gift Tracker'!$P$8:$P$67<>"✓")*('🎁 Gift Tracker'!$N$8:$N$67="📦 Delivered"))) -> 0 | O7: =IF($H7="",0,MAX(0,$K7-$L7)) -> 1 | P7: =IF($H7="","",IFERROR($L7/$K7,0)) -> 0.5 | Q7: =IF('⚙️ Setup'!$D$35="","",'⚙️ Setup'!$D$35) -> Home | R7: =IF($Q7="",0,SUMIF('🎁 Gift Tracker'!$F$8:$F$67,$Q7,'🎁 Gift Tracker'!$K$8:$K$67)) -> 44.5 | T7: ='⚙️ Setup'!$B$59 -> 📦 Delivered | U7: =COUNTIF('🎁 Gift Tracker'!$N$8:$N$67,$T7) -> 6 | AA7: =IF(OR('🎁 Gift Tracker'!$Q$13="",'🎁 Gift Tracker'!$Q$13<TODAY(),'🎁 Gift Tracker'!$N$13="📦 Delivered"),"",'🎁 Gift Tracker'!$Q$13) -> 46369 | AB7: =IF($AA$7="","","🎁 "&'🎁 Gift Tracker'!$E$13&" — "&'🎁 Gift Tracker'!$C$13) -> 🎁 Chunky knitted blanket — Grandma Rose | AC7: =IF($AA$7="","",$AA$7-TODAY()) -> 92 | AE7: Gifts delivered / given | AF7: =COUNTIF('🎁 Gift Tracker'!$P$8:$P$67,"✓")+SUMPRODUCT(('🎁 Gift Tracker'!$P$8:$P$67<>"✓")*('🎁 Gift Tracker'!$N$8:$N$67="📦 Delivered")) -> 6
A8: Mother's Day | B8: 5 | C8: 10 | H8: =IF('⚙️ Setup'!$B$36="","",'⚙️ Setup'!$B$36) -> Niece Sophie | I8: =IF($H8="",0,SUMIF('🎁 Gift Tracker'!$C$8:$C$67,$H8,'🎁 Gift Tracker'!$J$8:$J$67)) -> 67 | J8: =IF($H8="",0,SUMIF('🎁 Gift Tracker'!$C$8:$C$67,$H8,'🎁 Gift Tracker'!$K$8:$K$67)) -> 59.99 | K8: =IF($H8="",0,COUNTIF('🎁 Gift Tracker'!$C$8:$C$67,$H8)) -> 2 | L8: =IF($H8="",0+COUNTIFS('🎁 Gift Tracker'!$C$8:$C$67,$H8,'🎁 Gift Tracker'!$N$8:$N$67,"✅ Purchased")+COUNTIFS('🎁 Gift Tracker'!$C$8:$C$67,$H8,'🎁 Gift Tracker'!$N$8:$N$67,"🎀 Wrapped")+COUNTIFS('🎁 Gift Tracker'!$C$8:$C$67,$H8,'🎁 Gift Tracker'!$N$8:$N$67,"📦 Delivered")+IF(CountOrdered="Yes",COUNTIFS('🎁 Gift Tracker'!$C$8:$C$67,$H8,'🎁 Gift Tracker'!$N$8:$N$67,"🛍️ Ordered"),0)) -> 2 | M8: =IF($H8="",0,COUNTIFS('🎁 Gift Tracker'!$C$8:$C$67,$H8,'🎁 Gift Tracker'!$O$8:$O$67,"✓")+SUMPRODUCT(('🎁 Gift Tracker'!$C$8:$C$67=$H8)*('🎁 Gift Tracker'!$O$8:$O$67<>"✓")*(('🎁 Gift Tracker'!$N$8:$N$67="🎀 Wrapped")+('🎁 Gift Tracker'!$N$8:$N$67="📦 Delivered")>0))) -> 2 | N8: =IF($H8="",0,COUNTIFS('🎁 Gift Tracker'!$C$8:$C$67,$H8,'🎁 Gift Tracker'!$P$8:$P$67,"✓")+SUMPRODUCT(('🎁 Gift Tracker'!$C$8:$C$67=$H8)*('🎁 Gift Tracker'!$P$8:$P$67<>"✓")*('🎁 Gift Tracker'!$N$8:$N$67="📦 Delivered"))) -> 1 | O8: =IF($H8="",0,MAX(0,$K8-$L8)) -> 0 | P8: =IF($H8="","",IFERROR($L8/$K8,0)) -> 1 | Q8: =IF('⚙️ Setup'!$D$36="","",'⚙️ Setup'!$D$36) -> Food & Drink | R8: =IF($Q8="",0,SUMIF('🎁 Gift Tracker'!$F$8:$F$67,$Q8,'🎁 Gift Tracker'!$K$8:$K$67)) -> 88 | AA8: =IF(OR('🎁 Gift Tracker'!$Q$14="",'🎁 Gift Tracker'!$Q$14<TODAY(),'🎁 Gift Tracker'!$N$14="📦 Delivered"),"",'🎁 Gift Tracker'!$Q$14) | AB8: =IF($AA$8="","","🎁 "&'🎁 Gift Tracker'!$E$14&" — "&'🎁 Gift Tracker'!$C$14) | AC8: =IF($AA$8="","",$AA$8-TODAY()) | AE8: Gifts still to buy | AF8: =COUNTIF('🎁 Gift Tracker'!$N$8:$N$67,"💡 Idea")+COUNTIF('🎁 Gift Tracker'!$N$8:$N$67,"🛒 Need to Buy") -> 4
A9: Father's Day | B9: 6 | C9: 21 | H9: =IF('⚙️ Setup'!$B$37="","",'⚙️ Setup'!$B$37) -> Nephew Leo | I9: =IF($H9="",0,SUMIF('🎁 Gift Tracker'!$C$8:$C$67,$H9,'🎁 Gift Tracker'!$J$8:$J$67)) -> 65 | J9: =IF($H9="",0,SUMIF('🎁 Gift Tracker'!$C$8:$C$67,$H9,'🎁 Gift Tracker'!$K$8:$K$67)) -> 36 | K9: =IF($H9="",0,COUNTIF('🎁 Gift Tracker'!$C$8:$C$67,$H9)) -> 2 | L9: =IF($H9="",0+COUNTIFS('🎁 Gift Tracker'!$C$8:$C$67,$H9,'🎁 Gift Tracker'!$N$8:$N$67,"✅ Purchased")+COUNTIFS('🎁 Gift Tracker'!$C$8:$C$67,$H9,'🎁 Gift Tracker'!$N$8:$N$67,"🎀 Wrapped")+COUNTIFS('🎁 Gift Tracker'!$C$8:$C$67,$H9,'🎁 Gift Tracker'!$N$8:$N$67,"📦 Delivered")+IF(CountOrdered="Yes",COUNTIFS('🎁 Gift Tracker'!$C$8:$C$67,$H9,'🎁 Gift Tracker'!$N$8:$N$67,"🛍️ Ordered"),0)) -> 1 | M9: =IF($H9="",0,COUNTIFS('🎁 Gift Tracker'!$C$8:$C$67,$H9,'🎁 Gift Tracker'!$O$8:$O$67,"✓")+SUMPRODUCT(('🎁 Gift Tracker'!$C$8:$C$67=$H9)*('🎁 Gift Tracker'!$O$8:$O$67<>"✓")*(('🎁 Gift Tracker'!$N$8:$N$67="🎀 Wrapped")+('🎁 Gift Tracker'!$N$8:$N$67="📦 Delivered")>0))) -> 0 | N9: =IF($H9="",0,COUNTIFS('🎁 Gift Tracker'!$C$8:$C$67,$H9,'🎁 Gift Tracker'!$P$8:$P$67,"✓")+SUMPRODUCT(('🎁 Gift Tracker'!$C$8:$C$67=$H9)*('🎁 Gift Tracker'!$P$8:$P$67<>"✓")*('🎁 Gift Tracker'!$N$8:$N$67="📦 Delivered"))) -> 0 | O9: =IF($H9="",0,MAX(0,$K9-$L9)) -> 1 | P9: =IF($H9="","",IFERROR($L9/$K9,0)) -> 0.5 | Q9: =IF('⚙️ Setup'!$D$37="","",'⚙️ Setup'!$D$37) -> Gift Card | R9: =IF($Q9="",0,SUMIF('🎁 Gift Tracker'!$F$8:$F$67,$Q9,'🎁 Gift Tracker'!$K$8:$K$67)) -> 0 | AA9: =IF(OR('🎁 Gift Tracker'!$Q$15="",'🎁 Gift Tracker'!$Q$15<TODAY(),'🎁 Gift Tracker'!$N$15="📦 Delivered"),"",'🎁 Gift Tracker'!$Q$15) | AB9: =IF($AA$9="","","🎁 "&'🎁 Gift Tracker'!$E$15&" — "&'🎁 Gift Tracker'!$C$15) | AC9: =IF($AA$9="","",$AA$9-TODAY()) | AE9: Gifts on order | AF9: =COUNTIF('🎁 Gift Tracker'!$N$8:$N$67,"🛍️ Ordered") -> 3
A10: Easter | B10: 4 | C10: 5 | H10: =IF('⚙️ Setup'!$B$38="","",'⚙️ Setup'!$B$38) -> Alex (partner) | I10: =IF($H10="",0,SUMIF('🎁 Gift Tracker'!$C$8:$C$67,$H10,'🎁 Gift Tracker'!$J$8:$J$67)) -> 275 | J10: =IF($H10="",0,SUMIF('🎁 Gift Tracker'!$C$8:$C$67,$H10,'🎁 Gift Tracker'!$K$8:$K$67)) -> 254 | K10: =IF($H10="",0,COUNTIF('🎁 Gift Tracker'!$C$8:$C$67,$H10)) -> 2 | L10: =IF($H10="",0+COUNTIFS('🎁 Gift Tracker'!$C$8:$C$67,$H10,'🎁 Gift Tracker'!$N$8:$N$67,"✅ Purchased")+COUNTIFS('🎁 Gift Tracker'!$C$8:$C$67,$H10,'🎁 Gift Tracker'!$N$8:$N$67,"🎀 Wrapped")+COUNTIFS('🎁 Gift Tracker'!$C$8:$C$67,$H10,'🎁 Gift Tracker'!$N$8:$N$67,"📦 Delivered")+IF(CountOrdered="Yes",COUNTIFS('🎁 Gift Tracker'!$C$8:$C$67,$H10,'🎁 Gift Tracker'!$N$8:$N$67,"🛍️ Ordered"),0)) -> 1 | M10: =IF($H10="",0,COUNTIFS('🎁 Gift Tracker'!$C$8:$C$67,$H10,'🎁 Gift Tracker'!$O$8:$O$67,"✓")+SUMPRODUCT(('🎁 Gift Tracker'!$C$8:$C$67=$H10)*('🎁 Gift Tracker'!$O$8:$O$67<>"✓")*(('🎁 Gift Tracker'!$N$8:$N$67="🎀 Wrapped")+('🎁 Gift Tracker'!$N$8:$N$67="📦 Delivered")>0))) -> 0 | N10: =IF($H10="",0,COUNTIFS('🎁 Gift Tracker'!$C$8:$C$67,$H10,'🎁 Gift Tracker'!$P$8:$P$67,"✓")+SUMPRODUCT(('🎁 Gift Tracker'!$C$8:$C$67=$H10)*('🎁 Gift Tracker'!$P$8:$P$67<>"✓")*('🎁 Gift Tracker'!$N$8:$N$67="📦 Delivered"))) -> 0 | O10: =IF($H10="",0,MAX(0,$K10-$L10)) -> 1 | P10: =IF($H10="","",IFERROR($L10/$K10,0)) -> 0.5 | Q10: =IF('⚙️ Setup'!$D$38="","",'⚙️ Setup'!$D$38) -> Handmade | R10: =IF($Q10="",0,SUMIF('🎁 Gift Tracker'!$F$8:$F$67,$Q10,'🎁 Gift Tracker'!$K$8:$K$67)) -> 45 | AA10: =IF(OR('🎁 Gift Tracker'!$Q$16="",'🎁 Gift Tracker'!$Q$16<TODAY(),'🎁 Gift Tracker'!$N$16="📦 Delivered"),"",'🎁 Gift Tracker'!$Q$16) -> 46375 | AB10: =IF($AA$10="","","🎁 "&'🎁 Gift Tracker'!$E$16&" — "&'🎁 Gift Tracker'!$C$16) -> 🎁 Gold hoop earrings — Sister Emily | AC10: =IF($AA$10="","",$AA$10-TODAY()) -> 98 | AE10: Bought but not wrapped | AF10: =MAX(0,$AF$5-$AF$6) -> 5
A11: Halloween | B11: 10 | C11: 31 | H11: =IF('⚙️ Setup'!$B$39="","",'⚙️ Setup'!$B$39) -> Maya (best friend) | I11: =IF($H11="",0,SUMIF('🎁 Gift Tracker'!$C$8:$C$67,$H11,'🎁 Gift Tracker'!$J$8:$J$67)) -> 52 | J11: =IF($H11="",0,SUMIF('🎁 Gift Tracker'!$C$8:$C$67,$H11,'🎁 Gift Tracker'!$K$8:$K$67)) -> 28.5 | K11: =IF($H11="",0,COUNTIF('🎁 Gift Tracker'!$C$8:$C$67,$H11)) -> 2 | L11: =IF($H11="",0+COUNTIFS('🎁 Gift Tracker'!$C$8:$C$67,$H11,'🎁 Gift Tracker'!$N$8:$N$67,"✅ Purchased")+COUNTIFS('🎁 Gift Tracker'!$C$8:$C$67,$H11,'🎁 Gift Tracker'!$N$8:$N$67,"🎀 Wrapped")+COUNTIFS('🎁 Gift Tracker'!$C$8:$C$67,$H11,'🎁 Gift Tracker'!$N$8:$N$67,"📦 Delivered")+IF(CountOrdered="Yes",COUNTIFS('🎁 Gift Tracker'!$C$8:$C$67,$H11,'🎁 Gift Tracker'!$N$8:$N$67,"🛍️ Ordered"),0)) -> 1 | M11: =IF($H11="",0,COUNTIFS('🎁 Gift Tracker'!$C$8:$C$67,$H11,'🎁 Gift Tracker'!$O$8:$O$67,"✓")+SUMPRODUCT(('🎁 Gift Tracker'!$C$8:$C$67=$H11)*('🎁 Gift Tracker'!$O$8:$O$67<>"✓")*(('🎁 Gift Tracker'!$N$8:$N$67="🎀 Wrapped")+('🎁 Gift Tracker'!$N$8:$N$67="📦 Delivered")>0))) -> 1 | N11: =IF($H11="",0,COUNTIFS('🎁 Gift Tracker'!$C$8:$C$67,$H11,'🎁 Gift Tracker'!$P$8:$P$67,"✓")+SUMPRODUCT(('🎁 Gift Tracker'!$C$8:$C$67=$H11)*('🎁 Gift Tracker'!$P$8:$P$67<>"✓")*('🎁 Gift Tracker'!$N$8:$N$67="📦 Delivered"))) -> 1 | O11: =IF($H11="",0,MAX(0,$K11-$L11)) -> 1 | P11: =IF($H11="","",IFERROR($L11/$K11,0)) -> 0.5 | Q11: =IF('⚙️ Setup'!$D$39="","",'⚙️ Setup'!$D$39) -> Jewellery | R11: =IF($Q11="",0,SUMIF('🎁 Gift Tracker'!$F$8:$F$67,$Q11,'🎁 Gift Tracker'!$K$8:$K$67)) -> 137 | AA11: =IF(OR('🎁 Gift Tracker'!$Q$17="",'🎁 Gift Tracker'!$Q$17<TODAY(),'🎁 Gift Tracker'!$N$17="📦 Delivered"),"",'🎁 Gift Tracker'!$Q$17) -> 46375 | AB11: =IF($AA$11="","","🎁 "&'🎁 Gift Tracker'!$E$17&" — "&'🎁 Gift Tracker'!$C$17) -> 🎁 Bath bomb gift box — Sister Emily | AC11: =IF($AA$11="","",$AA$11-TODAY()) -> 98 | AE11: Wrapped but not delivered | AF11: =MAX(0,$AF$6-$AF$7) -> 7
A12: Thanksgiving | B12: 11 | C12: 27 | H12: =IF('⚙️ Setup'!$B$40="","",'⚙️ Setup'!$B$40) -> Cousin Dan | I12: =IF($H12="",0,SUMIF('🎁 Gift Tracker'!$C$8:$C$67,$H12,'🎁 Gift Tracker'!$J$8:$J$67)) -> 65 | J12: =IF($H12="",0,SUMIF('🎁 Gift Tracker'!$C$8:$C$67,$H12,'🎁 Gift Tracker'!$K$8:$K$67)) -> 32 | K12: =IF($H12="",0,COUNTIF('🎁 Gift Tracker'!$C$8:$C$67,$H12)) -> 2 | L12: =IF($H12="",0+COUNTIFS('🎁 Gift Tracker'!$C$8:$C$67,$H12,'🎁 Gift Tracker'!$N$8:$N$67,"✅ Purchased")+COUNTIFS('🎁 Gift Tracker'!$C$8:$C$67,$H12,'🎁 Gift Tracker'!$N$8:$N$67,"🎀 Wrapped")+COUNTIFS('🎁 Gift Tracker'!$C$8:$C$67,$H12,'🎁 Gift Tracker'!$N$8:$N$67,"📦 Delivered")+IF(CountOrdered="Yes",COUNTIFS('🎁 Gift Tracker'!$C$8:$C$67,$H12,'🎁 Gift Tracker'!$N$8:$N$67,"🛍️ Ordered"),0)) -> 1 | M12: =IF($H12="",0,COUNTIFS('🎁 Gift Tracker'!$C$8:$C$67,$H12,'🎁 Gift Tracker'!$O$8:$O$67,"✓")+SUMPRODUCT(('🎁 Gift Tracker'!$C$8:$C$67=$H12)*('🎁 Gift Tracker'!$O$8:$O$67<>"✓")*(('🎁 Gift Tracker'!$N$8:$N$67="🎀 Wrapped")+('🎁 Gift Tracker'!$N$8:$N$67="📦 Delivered")>0))) -> 0 | N12: =IF($H12="",0,COUNTIFS('🎁 Gift Tracker'!$C$8:$C$67,$H12,'🎁 Gift Tracker'!$P$8:$P$67,"✓")+SUMPRODUCT(('🎁 Gift Tracker'!$C$8:$C$67=$H12)*('🎁 Gift Tracker'!$P$8:$P$67<>"✓")*('🎁 Gift Tracker'!$N$8:$N$67="📦 Delivered"))) -> 0 | O12: =IF($H12="",0,MAX(0,$K12-$L12)) -> 1 | P12: =IF($H12="","",IFERROR($L12/$K12,0)) -> 0.5 | Q12: =IF('⚙️ Setup'!$D$40="","",'⚙️ Setup'!$D$40) -> Games | R12: =IF($Q12="",0,SUMIF('🎁 Gift Tracker'!$F$8:$F$67,$Q12,'🎁 Gift Tracker'!$K$8:$K$67)) -> 32 | AA12: =IF(OR('🎁 Gift Tracker'!$Q$18="",'🎁 Gift Tracker'!$Q$18<TODAY(),'🎁 Gift Tracker'!$N$18="📦 Delivered"),"",'🎁 Gift Tracker'!$Q$18) -> 46377 | AB12: =IF($AA$12="","","🎁 "&'🎁 Gift Tracker'!$E$18&" — "&'🎁 Gift Tracker'!$C$18) -> 🎁 Wireless earbuds — Brother Jack | AC12: =IF($AA$12="","",$AA$12-TODAY()) -> 100 | AE12: Gift completion % | AF12: =IFERROR($AF$5/$AF$4,0) -> 0.72
A13: Diwali | B13: 11 | C13: 12 | H13: =IF('⚙️ Setup'!$B$41="","",'⚙️ Setup'!$B$41) -> Aunt Carol | I13: =IF($H13="",0,SUMIF('🎁 Gift Tracker'!$C$8:$C$67,$H13,'🎁 Gift Tracker'!$J$8:$J$67)) -> 58 | J13: =IF($H13="",0,SUMIF('🎁 Gift Tracker'!$C$8:$C$67,$H13,'🎁 Gift Tracker'!$K$8:$K$67)) -> 53.5 | K13: =IF($H13="",0,COUNTIF('🎁 Gift Tracker'!$C$8:$C$67,$H13)) -> 2 | L13: =IF($H13="",0+COUNTIFS('🎁 Gift Tracker'!$C$8:$C$67,$H13,'🎁 Gift Tracker'!$N$8:$N$67,"✅ Purchased")+COUNTIFS('🎁 Gift Tracker'!$C$8:$C$67,$H13,'🎁 Gift Tracker'!$N$8:$N$67,"🎀 Wrapped")+COUNTIFS('🎁 Gift Tracker'!$C$8:$C$67,$H13,'🎁 Gift Tracker'!$N$8:$N$67,"📦 Delivered")+IF(CountOrdered="Yes",COUNTIFS('🎁 Gift Tracker'!$C$8:$C$67,$H13,'🎁 Gift Tracker'!$N$8:$N$67,"🛍️ Ordered"),0)) -> 2 | M13: =IF($H13="",0,COUNTIFS('🎁 Gift Tracker'!$C$8:$C$67,$H13,'🎁 Gift Tracker'!$O$8:$O$67,"✓")+SUMPRODUCT(('🎁 Gift Tracker'!$C$8:$C$67=$H13)*('🎁 Gift Tracker'!$O$8:$O$67<>"✓")*(('🎁 Gift Tracker'!$N$8:$N$67="🎀 Wrapped")+('🎁 Gift Tracker'!$N$8:$N$67="📦 Delivered")>0))) -> 2 | N13: =IF($H13="",0,COUNTIFS('🎁 Gift Tracker'!$C$8:$C$67,$H13,'🎁 Gift Tracker'!$P$8:$P$67,"✓")+SUMPRODUCT(('🎁 Gift Tracker'!$C$8:$C$67=$H13)*('🎁 Gift Tracker'!$P$8:$P$67<>"✓")*('🎁 Gift Tracker'!$N$8:$N$67="📦 Delivered"))) -> 1 | O13: =IF($H13="",0,MAX(0,$K13-$L13)) -> 0 | P13: =IF($H13="","",IFERROR($L13/$K13,0)) -> 1 | Q13: =IF('⚙️ Setup'!$D$41="","",'⚙️ Setup'!$D$41) -> Sports | R13: =IF($Q13="",0,SUMIF('🎁 Gift Tracker'!$F$8:$F$67,$Q13,'🎁 Gift Tracker'!$K$8:$K$67)) -> 0 | AA13: =IF(OR('🎁 Gift Tracker'!$Q$19="",'🎁 Gift Tracker'!$Q$19<TODAY(),'🎁 Gift Tracker'!$N$19="📦 Delivered"),"",'🎁 Gift Tracker'!$Q$19) -> 46372 | AB13: =IF($AA$13="","","🎁 "&'🎁 Gift Tracker'!$E$19&" — "&'🎁 Gift Tracker'!$C$19) -> 🎁 Craft beer hamper — Brother Jack | AC13: =IF($AA$13="","",$AA$13-TODAY()) -> 95 | AE13: Recipients with gifts | AF13: =COUNTIF($K$2:$K$17,">0") -> 13
A14: Birthday | H14: =IF('⚙️ Setup'!$B$42="","",'⚙️ Setup'!$B$42) -> Uncle Bill | I14: =IF($H14="",0,SUMIF('🎁 Gift Tracker'!$C$8:$C$67,$H14,'🎁 Gift Tracker'!$J$8:$J$67)) -> 0 | J14: =IF($H14="",0,SUMIF('🎁 Gift Tracker'!$C$8:$C$67,$H14,'🎁 Gift Tracker'!$K$8:$K$67)) -> 0 | K14: =IF($H14="",0,COUNTIF('🎁 Gift Tracker'!$C$8:$C$67,$H14)) -> 0 | L14: =IF($H14="",0+COUNTIFS('🎁 Gift Tracker'!$C$8:$C$67,$H14,'🎁 Gift Tracker'!$N$8:$N$67,"✅ Purchased")+COUNTIFS('🎁 Gift Tracker'!$C$8:$C$67,$H14,'🎁 Gift Tracker'!$N$8:$N$67,"🎀 Wrapped")+COUNTIFS('🎁 Gift Tracker'!$C$8:$C$67,$H14,'🎁 Gift Tracker'!$N$8:$N$67,"📦 Delivered")+IF(CountOrdered="Yes",COUNTIFS('🎁 Gift Tracker'!$C$8:$C$67,$H14,'🎁 Gift Tracker'!$N$8:$N$67,"🛍️ Ordered"),0)) -> 0 | M14: =IF($H14="",0,COUNTIFS('🎁 Gift Tracker'!$C$8:$C$67,$H14,'🎁 Gift Tracker'!$O$8:$O$67,"✓")+SUMPRODUCT(('🎁 Gift Tracker'!$C$8:$C$67=$H14)*('🎁 Gift Tracker'!$O$8:$O$67<>"✓")*(('🎁 Gift Tracker'!$N$8:$N$67="🎀 Wrapped")+('🎁 Gift Tracker'!$N$8:$N$67="📦 Delivered")>0))) -> 0 | N14: =IF($H14="",0,COUNTIFS('🎁 Gift Tracker'!$C$8:$C$67,$H14,'🎁 Gift Tracker'!$P$8:$P$67,"✓")+SUMPRODUCT(('🎁 Gift Tracker'!$C$8:$C$67=$H14)*('🎁 Gift Tracker'!$P$8:$P$67<>"✓")*('🎁 Gift Tracker'!$N$8:$N$67="📦 Delivered"))) -> 0 | O14: =IF($H14="",0,MAX(0,$K14-$L14)) -> 0 | P14: =IF($H14="","",IFERROR($L14/$K14,0)) | Q14: =IF('⚙️ Setup'!$D$42="","",'⚙️ Setup'!$D$42) -> Music | R14: =IF($Q14="",0,SUMIF('🎁 Gift Tracker'!$F$8:$F$67,$Q14,'🎁 Gift Tracker'!$K$8:$K$67)) -> 0 | AA14: =IF(OR('🎁 Gift Tracker'!$Q$20="",'🎁 Gift Tracker'!$Q$20<TODAY(),'🎁 Gift Tracker'!$N$20="📦 Delivered"),"",'🎁 Gift Tracker'!$Q$20) | AB14: =IF($AA$14="","","🎁 "&'🎁 Gift Tracker'!$E$20&" — "&'🎁 Gift Tracker'!$C$20) | AC14: =IF($AA$14="","",$AA$14-TODAY()) | AE14: Average spend per recipient | AF14: =IFERROR($AF$16/$AF$13,0) -> 77.226923
A15: Anniversary | H15: =IF('⚙️ Setup'!$B$43="","",'⚙️ Setup'!$B$43) -> Secret Santa | I15: =IF($H15="",0,SUMIF('🎁 Gift Tracker'!$C$8:$C$67,$H15,'🎁 Gift Tracker'!$J$8:$J$67)) -> 15 | J15: =IF($H15="",0,SUMIF('🎁 Gift Tracker'!$C$8:$C$67,$H15,'🎁 Gift Tracker'!$K$8:$K$67)) -> 12.99 | K15: =IF($H15="",0,COUNTIF('🎁 Gift Tracker'!$C$8:$C$67,$H15)) -> 1 | L15: =IF($H15="",0+COUNTIFS('🎁 Gift Tracker'!$C$8:$C$67,$H15,'🎁 Gift Tracker'!$N$8:$N$67,"✅ Purchased")+COUNTIFS('🎁 Gift Tracker'!$C$8:$C$67,$H15,'🎁 Gift Tracker'!$N$8:$N$67,"🎀 Wrapped")+COUNTIFS('🎁 Gift Tracker'!$C$8:$C$67,$H15,'🎁 Gift Tracker'!$N$8:$N$67,"📦 Delivered")+IF(CountOrdered="Yes",COUNTIFS('🎁 Gift Tracker'!$C$8:$C$67,$H15,'🎁 Gift Tracker'!$N$8:$N$67,"🛍️ Ordered"),0)) -> 1 | M15: =IF($H15="",0,COUNTIFS('🎁 Gift Tracker'!$C$8:$C$67,$H15,'🎁 Gift Tracker'!$O$8:$O$67,"✓")+SUMPRODUCT(('🎁 Gift Tracker'!$C$8:$C$67=$H15)*('🎁 Gift Tracker'!$O$8:$O$67<>"✓")*(('🎁 Gift Tracker'!$N$8:$N$67="🎀 Wrapped")+('🎁 Gift Tracker'!$N$8:$N$67="📦 Delivered")>0))) -> 0 | N15: =IF($H15="",0,COUNTIFS('🎁 Gift Tracker'!$C$8:$C$67,$H15,'🎁 Gift Tracker'!$P$8:$P$67,"✓")+SUMPRODUCT(('🎁 Gift Tracker'!$C$8:$C$67=$H15)*('🎁 Gift Tracker'!$P$8:$P$67<>"✓")*('🎁 Gift Tracker'!$N$8:$N$67="📦 Delivered"))) -> 0 | O15: =IF($H15="",0,MAX(0,$K15-$L15)) -> 0 | P15: =IF($H15="","",IFERROR($L15/$K15,0)) -> 1 | Q15: =IF('⚙️ Setup'!$D$43="","",'⚙️ Setup'!$D$43) -> Kids | R15: =IF($Q15="",0,SUMIF('🎁 Gift Tracker'!$F$8:$F$67,$Q15,'🎁 Gift Tracker'!$K$8:$K$67)) -> 20 | AA15: =IF(OR('🎁 Gift Tracker'!$Q$21="",'🎁 Gift Tracker'!$Q$21<TODAY(),'🎁 Gift Tracker'!$N$21="📦 Delivered"),"",'🎁 Gift Tracker'!$Q$21) -> 46374 | AB15: =IF($AA$15="","","🎁 "&'🎁 Gift Tracker'!$E$21&" — "&'🎁 Gift Tracker'!$C$21) -> 🎁 Art supplies case — Niece Sophie | AC15: =IF($AA$15="","",$AA$15-TODAY()) -> 97 | AE15: Gift budgets entered | AF15: =SUM('🎁 Gift Tracker'!$J$8:$J$67) -> 1177
A16: Baby Shower | H16: =IF('⚙️ Setup'!$B$44="","",'⚙️ Setup'!$B$44) | I16: =IF($H16="",0,SUMIF('🎁 Gift Tracker'!$C$8:$C$67,$H16,'🎁 Gift Tracker'!$J$8:$J$67)) -> 0 | J16: =IF($H16="",0,SUMIF('🎁 Gift Tracker'!$C$8:$C$67,$H16,'🎁 Gift Tracker'!$K$8:$K$67)) -> 0 | K16: =IF($H16="",0,COUNTIF('🎁 Gift Tracker'!$C$8:$C$67,$H16)) -> 0 | L16: =IF($H16="",0+COUNTIFS('🎁 Gift Tracker'!$C$8:$C$67,$H16,'🎁 Gift Tracker'!$N$8:$N$67,"✅ Purchased")+COUNTIFS('🎁 Gift Tracker'!$C$8:$C$67,$H16,'🎁 Gift Tracker'!$N$8:$N$67,"🎀 Wrapped")+COUNTIFS('🎁 Gift Tracker'!$C$8:$C$67,$H16,'🎁 Gift Tracker'!$N$8:$N$67,"📦 Delivered")+IF(CountOrdered="Yes",COUNTIFS('🎁 Gift Tracker'!$C$8:$C$67,$H16,'🎁 Gift Tracker'!$N$8:$N$67,"🛍️ Ordered"),0)) -> 0 | M16: =IF($H16="",0,COUNTIFS('🎁 Gift Tracker'!$C$8:$C$67,$H16,'🎁 Gift Tracker'!$O$8:$O$67,"✓")+SUMPRODUCT(('🎁 Gift Tracker'!$C$8:$C$67=$H16)*('🎁 Gift Tracker'!$O$8:$O$67<>"✓")*(('🎁 Gift Tracker'!$N$8:$N$67="🎀 Wrapped")+('🎁 Gift Tracker'!$N$8:$N$67="📦 Delivered")>0))) -> 0 | N16: =IF($H16="",0,COUNTIFS('🎁 Gift Tracker'!$C$8:$C$67,$H16,'🎁 Gift Tracker'!$P$8:$P$67,"✓")+SUMPRODUCT(('🎁 Gift Tracker'!$C$8:$C$67=$H16)*('🎁 Gift Tracker'!$P$8:$P$67<>"✓")*('🎁 Gift Tracker'!$N$8:$N$67="📦 Delivered"))) -> 0 | O16: =IF($H16="",0,MAX(0,$K16-$L16)) -> 0 | P16: =IF($H16="","",IFERROR($L16/$K16,0)) | Q16: =IF('⚙️ Setup'!$D$44="","",'⚙️ Setup'!$D$44) -> Pets | R16: =IF($Q16="",0,SUMIF('🎁 Gift Tracker'!$F$8:$F$67,$Q16,'🎁 Gift Tracker'!$K$8:$K$67)) -> 0 | AA16: =IF(OR('🎁 Gift Tracker'!$Q$22="",'🎁 Gift Tracker'!$Q$22<TODAY(),'🎁 Gift Tracker'!$N$22="📦 Delivered"),"",'🎁 Gift Tracker'!$Q$22) -> 46378 | AB16: =IF($AA$16="","","🎁 "&'🎁 Gift Tracker'!$E$22&" — "&'🎁 Gift Tracker'!$C$22) -> 🎁 Dinosaur museum tickets — Nephew Leo | AC16: =IF($AA$16="","",$AA$16-TODAY()) -> 101 | AE16: Gift money spent | AF16: =SUM('🎁 Gift Tracker'!$K$8:$K$67) -> 1003.95
