Workbook
Name Actions: '⚙️ Settings & Instructions'!$E$46:$E$47
Name BudgetMax: '⚙️ Settings & Instructions'!$C$16
Name BudgetMin: '⚙️ Settings & Instructions'!$C$15
Name CoupleRule: '🚫 Exclusions & Rules'!$C$8
Name Currency: '⚙️ Settings & Instructions'!$C$10
Name Diets: OFFSET('⚙️ Settings & Instructions'!$D$26,0,0,MAX(1,COUNTA('⚙️ Settings & Instructions'!$D$26:$D$41)),1)
Name DrawSeed: '⚙️ Settings & Instructions'!$C$19
Name DrawStatus: '⚙️ Settings & Instructions'!$C$21
Name GiftNums: OFFSET('🎲 White Elephant'!$D$8,0,0,MAX(1,COUNTA('🎲 White Elephant'!$D$8:$D$31)),1)
Name LastYearRule: '🚫 Exclusions & Rules'!$C$10
Name MaxSteals: '⚙️ Settings & Instructions'!$C$17
Name Message: '⚙️ Settings & Instructions'!$C$7
Name OnOff: '⚙️ Settings & Instructions'!$H$46:$H$47
Name ParticipantsList: OFFSET('👥 Participants'!$B$8,0,0,MAX(1,COUNTA('👥 Participants'!$B$8:$B$31)),1)
Name PartyDate: '⚙️ Settings & Instructions'!$C$12
Name PartyHost: '⚙️ Settings & Instructions'!$C$14
Name PartyLocation: '⚙️ Settings & Instructions'!$C$13
Name PartyName: '⚙️ Settings & Instructions'!$C$6
Name PartyYear: '⚙️ Settings & Instructions'!$C$11
Name Priorities: '⚙️ Settings & Instructions'!$F$46:$F$48
Name RSVP: '⚙️ Settings & Instructions'!$D$46:$D$48
Name StartPlayer: '⚙️ Settings & Instructions'!$C$18
Name Statuses: '⚙️ Settings & Instructions'!$C$46:$C$49
Name TeamRule: '🚫 Exclusions & Rules'!$C$9
Name Teams: OFFSET('⚙️ Settings & Instructions'!$C$26,0,0,MAX(1,COUNTA('⚙️ Settings & Instructions'!$C$26:$C$41)),1)
Name Tick: '⚙️ Settings & Instructions'!$G$46:$G$47
Name WESeed: '⚙️ Settings & Instructions'!$C$20

Sheet _Data
AH1: Metric | AI1: Value
AH2: participants | AI2: =COUNTA('👥 Participants'!$B$8:$B$31) -> 12
AH3: rsvp_yes | AI3: =COUNTIF('👥 Participants'!$E$8:$E$31,"Yes") -> 10
AH4: rsvp_pending | AI4: =COUNTIF('👥 Participants'!$E$8:$E$31,"Maybe") -> 1
AH5: assigned | AI5: =SUMPRODUCT(--('🎅 Secret Santa Draw'!$E$8:$E$31<>"")) -> 12
AH6: purchased | AI6: =COUNTIF('👥 Participants'!$H$8:$H$31,"Gift Purchased")+COUNTIF('👥 Participants'!$H$8:$H$31,"Wrapped")+COUNTIF('👥 Participants'!$H$8:$H$31,"Complete") -> 10
AH7: wrapped | AI7: =COUNTIF('👥 Participants'!$H$8:$H$31,"Wrapped")+COUNTIF('👥 Participants'!$H$8:$H$31,"Complete") -> 5
AH8: complete | AI8: =COUNTIF('👥 Participants'!$H$8:$H$31,"Complete") -> 2
AH9: total_budget | AI9: =$AI$2*BudgetMax -> 420
AH10: spent | AI10: =SUM('💰 Budget Tracker'!$E$8:$E$31) -> 318.8
AH11: avg_gift | AI11: =IFERROR($AI$10/$AI$6,0) -> 31.88
AH12: rules_count | AI12: =(CoupleRule="On")+(TeamRule="On")+(LastYearRule="On")+SUMPRODUCT(--('🚫 Exclusions & Rules'!$B$8:$B$23<>"")) -> 4
AH13: we_players | AI13: =COUNTA('🎲 White Elephant'!$C$8:$C$31) -> 10
AH14: gifts_in_play | AI14: =COUNTIF('🎲 White Elephant'!$I$8:$I$31,"🤲 Held")+COUNTIF('🎲 White Elephant'!$I$8:$I$31,"🔄 Stolen") -> 7
AH15: locked_gifts | AI15: =COUNTIF('🎲 White Elephant'!$I$8:$I$31,"🔒 Final") -> 1
AH16: completion | AI16: =IFERROR(($AI$6+$AI$7+$AI$8)/(3*$AI$2),0) -> 0.47222222
AH17: turns_done | AI17: =COUNT('🔄 Game History'!$B$8:$B$67) -> 14
AH18: current_turn | AI18: =IF($AI$13=0,"",MOD(StartPlayer-1+$AI$17,$AI$13)+1) -> 5
AH19: violations | AI19: =COUNTIF('🎅 Secret Santa Draw'!$F$8:$F$31,"?*")-COUNTIF('🎅 Secret Santa Draw'!$F$8:$F$31,"✅ OK") -> 0
AH20: over_budget | AI20: =COUNTIF('💰 Budget Tracker'!$F$8:$F$31,"🚨 Over budget") -> 1
AH21: diets | AI21: =COUNTA('👥 Participants'!$F$8:$F$31) -> 6
AH40: Not Started | AI40: =COUNTIF('👥 Participants'!$H$8:$H$31,"Not Started") -> 2
AH41: Gift Purchased | AI41: =COUNTIF('👥 Participants'!$H$8:$H$31,"Gift Purchased") -> 5
AH42: Wrapped | AI42: =COUNTIF('👥 Participants'!$H$8:$H$31,"Wrapped") -> 3
AH43: Complete | AI43: =COUNTIF('👥 Participants'!$H$8:$H$31,"Complete") -> 2
AH45: Yes | AI45: =COUNTIF('👥 Participants'!$E$8:$E$31,"Yes") -> 10
AH46: No | AI46: =COUNTIF('👥 Participants'!$E$8:$E$31,"No") -> 1
AH47: Maybe | AI47: =COUNTIF('👥 Participants'!$E$8:$E$31,"Maybe") -> 1

Sheet ⚙️ Settings & Instructions
B4: 🎉 THE PARTY
B6: Party name | C6: Your party name
B7: Dashboard message of the day | C7: Type a message for the dashboard banner
B9: 🎛️ RULES OF THE GAME
B10: Currency symbol | C10: $
B11: Party year (used everywhere) | C11: 2026
B12: Party date | C12: 46375
B13: Location | C13: Where is the party?
B14: Host | C14: Who is hosting?
B15: Minimum gift budget | C15: 20
B16: Maximum gift budget | C16: 35
B17: Max steals per gift (White Elephant) | C17: 2
B18: Starting player seat (White Elephant) | C18: 1
B19: Secret Santa draw seed (change = re-draw) | C19: 5
B20: White Elephant seat seed | C20: 7
B21: Draw status | C21: Draft — re-draw allowed
B25: 📝 YOUR LISTS - rename or add, every dropdown follows
C26: Studio | D26: Vegetarian
C27: Shop | D27: Vegan
C28: Online | D28: Gluten-free
C29: Friends | D29: Halal
C30: Family | D30: Nut allergy
B44: 🔒 BUILT-IN LISTS (part of the engine - do not edit)
C45: Statuses | D45: RSVP | E45: Actions | F45: Priorities | G45: Tick | H45: OnOff
C46: Not Started | D46: Yes | E46: Pick | F46: Must-love | G46: ✓ | H46: On
C47: Gift Purchased | D47: No | E47: Steal | F47: Nice to have | H47: Off
C48: Wrapped | D48: Maybe | E48: Pass | F48: Just an idea
C49: Complete
B52: 📖 HOW TO RUN THE PARTY
B53: Formula cells are locked so nobody breaks the maths. The sheet password is “premium” - unlock via Review → Unprotect Sheet if you ever need to change a seed or a formula. Re-draw the Secret Santa any time: unlock, change the draw seed on this tab, watch 🎅 Secret Santa Draw shuffle, then set Draw status to Final and re-protect. White Elephant: log every Pick / Steal / Pass on 🔄 Game History - the 🎲 White Elephant tab updates holders, steal counts, locks and final gifts by itself.
B58: 💡 Cream cells are yours to type in; white cells calculate. Dropdowns keep every column honest.
B60: ▶ Settings | D60: Dashboard | F60: People
B61: Draw | D61: Rules | F61: Budget
B62: Wishlists | D62: White Elephant | F62: History
B63: Cards | D63: Start Here

Sheet 🏠 Dashboard
B2: =IF(PartyName="","🎅 Secret Santa & White Elephant Command Centre","🎅 "&PartyName&" • Secret Santa & White Elephant Command Centre") -> 🎅 Novality Store Holiday Party • Secret Santa & White Elephant Command Centre
B3: =IF(PartyDate="","", "🎄 "&TEXT(PartyDate,"dddd, dd mmmm yyyy")&" • "&PartyLocation&" • hosted by "&PartyHost&" • "&MAX(0,PartyDate-TODAY())&" days to go!") -> 🎄 Saturday, 19 December 2026 • Novality Loft, 12 Market Street • hosted by The Novality Team • 92 days to go!
B4: ="👥 "&'_Data'!$AI$2&" guests • "&'_Data'!$AI$5&" in the draw • "&'_Data'!$AI$13&" white-elephant players • draw: "&DrawStatus -> 👥 12 guests • 12 in the draw • 10 white-elephant players • draw: Final — locked 🔒
B5: ="💬 "&Message -> 💬 19 Dec - bring a wrapped gift and a stealing face!
B7: 🎉 PARTY AT A GLANCE
B8: PARTICIPANTS | D8: SANTA ASSIGNED | F8: GIFTS PURCHASED | H8: TOTAL BUDGET | J8: ACTUAL SPEND | L8: AVG GIFT COST
B9: ='_Data'!$AI$2 -> 12 | D9: ='_Data'!$AI$5&" of "&'_Data'!$AI$2 -> 12 of 12 | F9: ='_Data'!$AI$6 -> 10 | H9: =Currency&TEXT('_Data'!$AI$9,"#,##0") -> 420 | J9: =Currency&TEXT('_Data'!$AI$10,"#,##0") -> 318.8 | L9: =Currency&TEXT('_Data'!$AI$11,"#,##0.00") -> 31.88
B10: EXCLUSION RULES | D10: W-E PLAYERS | F10: GIFTS IN PLAY | H10: LOCKED GIFTS | J10: RSVP YES | L10: COMPLETION
B11: ='_Data'!$AI$12 -> 4 | D11: ='_Data'!$AI$13 -> 10 | F11: ='_Data'!$AI$14 -> 7 | H11: ='_Data'!$AI$15 -> 1 | J11: ='_Data'!$AI$3&" / "&'_Data'!$AI$2 -> 10 / 12 | L11: =TEXT('_Data'!$AI$16,"0%") -> 47%
B12: Gift readiness | D12: =IFERROR(REPT("█",ROUND(MIN(1,IFERROR(('_Data'!$AI$6)/('_Data'!$AI$2),0))*34,0))&REPT("░",34-ROUND(MIN(1,IFERROR(('_Data'!$AI$6)/('_Data'!$AI$2),0))*34,0)),"░░░░░░░░░░░░░░░░░░░░░░░░░░░░░░░░░░") -> ████████████████████████████░░░░░░ | K12: =TEXT(IFERROR('_Data'!$AI$6/'_Data'!$AI$2,0),"0.0%") -> 83.3%
B13: RSVP confirmed | D13: =IFERROR(REPT("█",ROUND(MIN(1,IFERROR(('_Data'!$AI$3)/('_Data'!$AI$2),0))*34,0))&REPT("░",34-ROUND(MIN(1,IFERROR(('_Data'!$AI$3)/('_Data'!$AI$2),0))*34,0)),"░░░░░░░░░░░░░░░░░░░░░░░░░░░░░░░░░░") -> ████████████████████████████░░░░░░ | K13: =TEXT(IFERROR('_Data'!$AI$3/'_Data'!$AI$2,0),"0.0%") -> 83.3%
B64: 🎲 GAME STATE • ⚠️ PARTY ALERTS
B65: Turns logged | F65: ='_Data'!$AI$17 -> 14 | I65: RSVP still maybe | M65: ='_Data'!$AI$4 -> 1
B66: Now playing (seat) | F66: ='_Data'!$AI$18 -> 5 | I66: Over-budget gifts | M66: ='_Data'!$AI$20 -> 1
B67: Gifts still stealable | F67: ='_Data'!$AI$14 -> 7 | I67: Draw rule hits | M67: ='_Data'!$AI$19 -> 0
B68: Gifts locked 🔒 | F68: ='_Data'!$AI$15 -> 1 | I68: Dietary needs noted | M68: ='_Data'!$AI$21 -> 6
B74: 💬 Novality Store wishes you a loud, glorious, steal-happy party.
B76: Settings | D76: ▶ Dashboard | F76: People | H76: Draw | J76: Rules | L76: Budget
B77: Wishlists | D77: White Elephant | F77: History | H77: Cards | J77: Start Here

Sheet 👥 Participants
B2: 👥 Participants
B3: Everyone in the draw - RSVP, household and team feed the exclusion rules automatically. | H3: 🏠 Dashboard
B5: ="👥 In the draw: "&COUNTA($B$8:$B$31) -> In the draw: 12 | E5: ="✅ RSVP yes: "&COUNTIF($E$8:$E$31,"Yes") -> RSVP yes: 10 | H5: ="⏳ Awaiting: "&COUNTIF($E$8:$E$31,"Maybe")+COUNTIF($E$8:$E$31,"No") -> Awaiting: 1 | K5: ="🎁 Ready (wrapped+done): "&COUNTIF($H$8:$H$31,"Wrapped")+COUNTIF($H$8:$H$31,"Complete") -> Ready: 5
A7: # | B7: Participant | C7: Team / dept | D7: Household / couple | E7: RSVP | F7: Dietary needs | G7: Gave to last year | H7: Gift status | I7: Wishes | J7: Notes
A8: 1 | B8: Ava Novak | C8: Studio | D8: Novak home | E8: Yes | G8: Jack Byrne | H8: Complete | I8: =IF($B8="","",COUNTIF('🎁 Wishlists'!$B$8:$B$47,$B8)) -> 2 | J8: Hosting helper - arrives early
A9: 2 | B9: Ben Carter | C9: Shop | E9: Yes | F9: Vegetarian | G9: Ava Novak | H9: Gift Purchased | I9: =IF($B9="","",COUNTIF('🎁 Wishlists'!$B$8:$B$47,$B9)) -> 1 | J9: Owes Kia a bet from 2025
A10: 3 | B10: Chloe Diaz | C10: Online | E10: Yes | F10: Vegan | G10: Grace Liu | H10: Wrapped | I10: =IF($B10="","",COUNTIF('🎁 Wishlists'!$B$8:$B$47,$B10)) -> 2
A11: 4 | B11: Dan Novak | C11: Studio | D11: Novak home | E11: Yes | G11: Elena Petrov | H11: Gift Purchased | I11: =IF($B11="","",COUNTIF('🎁 Wishlists'!$B$8:$B$47,$B11)) -> 1 | J11: Ava's husband - couple rule applies
A12: 5 | B12: Elena Petrov | C12: Shop | E12: Maybe | F12: Gluten-free | G12: Farid Khan | H12: Not Started | I12: =IF($B12="","",COUNTIF('🎁 Wishlists'!$B$8:$B$47,$B12)) -> 1 | J12: Waiting on shift rota
A13: 6 | B13: Farid Khan | C13: Shop | E13: Yes | F13: Halal | G13: Chloe Diaz | H13: Wrapped | I13: =IF($B13="","",COUNTIF('🎁 Wishlists'!$B$8:$B$47,$B13)) -> 1
A14: 7 | B14: Grace Liu | C14: Online | D14: Flat 4B | E14: Yes | G14: Hugo Silva | H14: Complete | I14: =IF($B14="","",COUNTIF('🎁 Wishlists'!$B$8:$B$47,$B14)) -> 2 | J14: Flat 4B - couple rule applies too
A15: 8 | B15: Hugo Silva | C15: Online | D15: Flat 4B | E15: Yes | G15: Grace Liu | H15: Gift Purchased | I15: =IF($B15="","",COUNTIF('🎁 Wishlists'!$B$8:$B$47,$B15)) -> 1
A16: 9 | B16: Isla Moore | C16: Studio | E16: No | G16: Leo Fontaine | H16: Not Started | I16: =IF($B16="","",COUNTIF('🎁 Wishlists'!$B$8:$B$47,$B16)) -> 1 | J16: Away in December - sad face
A17: 10 | B17: Jack Byrne | C17: Shop | E17: Yes | F17: Nut allergy | G17: Ava Novak | H17: Gift Purchased | I17: =IF($B17="","",COUNTIF('🎁 Wishlists'!$B$8:$B$47,$B17)) -> 1 | J17: Espresso-machine feud with Leo
A18: 11 | B18: Kia Osei | C18: Online | E18: Yes | G18: Ben Carter | H18: Wrapped | I18: =IF($B18="","",COUNTIF('🎁 Wishlists'!$B$8:$B$47,$B18)) -> 1
A19: 12 | B19: Leo Fontaine | C19: Studio | E19: Yes | F19: Vegetarian | G19: Isla Moore | H19: Gift Purchased | I19: =IF($B19="","",COUNTIF('🎁 Wishlists'!$B$8:$B$47,$B19)) -> 2
A20: 13 | I20: =IF($B20="","",COUNTIF('🎁 Wishlists'!$B$8:$B$47,$B20))
A21: 14 | I21: =IF($B21="","",COUNTIF('🎁 Wishlists'!$B$8:$B$47,$B21))
A22: 15 | I22: =IF($B22="","",COUNTIF('🎁 Wishlists'!$B$8:$B$47,$B22))
A23: 16 | I23: =IF($B23="","",COUNTIF('🎁 Wishlists'!$B$8:$B$47,$B23))
A24: 17 | I24: =IF($B24="","",COUNTIF('🎁 Wishlists'!$B$8:$B$47,$B24))
A25: 18 | I25: =IF($B25="","",COUNTIF('🎁 Wishlists'!$B$8:$B$47,$B25))
A26: 19 | I26: =IF($B26="","",COUNTIF('🎁 Wishlists'!$B$8:$B$47,$B26))
A27: 20 | I27: =IF($B27="","",COUNTIF('🎁 Wishlists'!$B$8:$B$47,$B27))
A28: 21 | I28: =IF($B28="","",COUNTIF('🎁 Wishlists'!$B$8:$B$47,$B28))
A29: 22 | I29: =IF($B29="","",COUNTIF('🎁 Wishlists'!$B$8:$B$47,$B29))
A30: 23 | I30: =IF($B30="","",COUNTIF('🎁 Wishlists'!$B$8:$B$47,$B30))
A31: 24 | I31: =IF($B31="","",COUNTIF('🎁 Wishlists'!$B$8:$B$47,$B31))
B33: 💡 Cream cells are yours to type in; white cells calculate. Dropdowns keep every column honest.
B35: Settings | D35: Dashboard | F35: ▶ People | H35: Draw
B36: Rules | D36: Budget | F36: Wishlists | H36: White Elephant
B37: History | D37: Cards | F37: Start Here

Sheet 🎅 Secret Santa Draw
B2: 🎅 Secret Santa Draw
B3: Change the seed on ⚙️ Settings to shuffle the draw - nobody ever draws themselves. | E3: 🏠 Dashboard
B5: ="🎅 Assigned: "&SUMPRODUCT(--($E$8:$E$31<>""))&" of "&COUNTA('👥 Participants'!$B$8:$B$31) -> Assigned: 12 of 12 | F5: ="✅ Clean pairs: "&COUNTIF($F$8:$F$31,"✅ OK") -> Clean pairs: 12 | I5: ="⚠️ Rule hits: "&'_Data'!$AI$19 -> Rule hits: 0 | L5: ="🔒 Status: "&DrawStatus -> Status: Final — locked 🔒
A7: # | B7: Giver | C7: Drawn (auto) | D7: Manual override | E7: FINAL recipient | F7: Rules check | G7: Gift status
A8: 1 | B8: =IF('👥 Participants'!$B$8="","",'👥 Participants'!$B$8) -> Ava Novak | C8: =IF($B8="","",INDEX('👥 Participants'!$B$8:$B$31,MOD($A8-1+MOD(DrawSeed-1,MAX(1,COUNTA('👥 Participants'!$B$8:$B$31)-1)),COUNTA('👥 Participants'!$B$8:$B$31))+1)) -> Farid Khan | E8: =IF($B8="","",IF($D8<>"",$D8,$C8)) -> Farid Khan | F8: =IF($E8="","",IF(TRIM(IF($E8=$B8,"Self ","")&IF(AND(CoupleRule="On",IFERROR(INDEX('👥 Participants'!$D$8:$D$31,MATCH($B8,'👥 Participants'!$B$8:$B$31,0)),"")<>"",INDEX('👥 Participants'!$D$8:$D$31,MATCH($B8,'👥 Participants'!$B$8:$B$31,0))=INDEX('👥 Participants'!$D$8:$D$31,MATCH($E8,'👥 Participants'!$B$8:$B$31,0))),"Couple ","")&IF(AND(TeamRule="On",IFERROR(INDEX('👥 Participants'!$C$8:$C$31,MATCH($B8,'👥 Participants'!$B$8:$B$31,0)),"")<>"",INDEX('👥 Participants'!$C$8:$C$31,MATCH($B8,'👥 Participants'!$B$8:$B$31,0))=INDEX('👥 Participants'!$C$8:$C$31,MATCH($E8,'👥 Participants'!$B$8:$B$31,0))),"Team ","")&IF(AND(LastYearRule="On",IFERROR(INDEX('👥 Participants'!$G$8:$G$31,MATCH($B8,'👥 Participants'!$B$8:$B$31,0)),"")=$E8),"LastYear ","")&IF(COUNTIFS('🚫 Exclusions & Rules'!$B$8:$B$23,$B8,'🚫 Exclusions & Rules'!$C$8:$C$23,$E8)>0,"Custom ",""))="","✅ OK",TRIM(IF($E8=$B8,"Self ","")&IF(AND(CoupleRule="On",IFERROR(INDEX('👥 Participants'!$D$8:$D$31,MATCH($B8,'👥 Participants'!$B$8:$B$31,0)),"")<>"",INDEX('👥 Participants'!$D$8:$D$31,MATCH($B8,'👥 Participants'!$B$8:$B$31,0))=INDEX('👥 Participants'!$D$8:$D$31,MATCH($E8,'👥 Participants'!$B$8:$B$31,0))),"Couple ","")&IF(AND(TeamRule="On",IFERROR(INDEX('👥 Participants'!$C$8:$C$31,MATCH($B8,'👥 Participants'!$B$8:$B$31,0)),"")<>"",INDEX('👥 Participants'!$C$8:$C$31,MATCH($B8,'👥 Participants'!$B$8:$B$31,0))=INDEX('👥 Participants'!$C$8:$C$31,MATCH($E8,'👥 Participants'!$B$8:$B$31,0))),"Team ","")&IF(AND(LastYearRule="On",IFERROR(INDEX('👥 Participants'!$G$8:$G$31,MATCH($B8,'👥 Participants'!$B$8:$B$31,0)),"")=$E8),"LastYear ","")&IF(COUNTIFS('🚫 Exclusions & Rules'!$B$8:$B$23,$B8,'🚫 Exclusions & Rules'!$C$8:$C$23,$E8)>0,"Custom ","")))) -> ✅ OK | G8: =IF($B8="","",INDEX('👥 Participants'!$H$8:$H$31,MATCH($B8,'👥 Participants'!$B$8:$B$31,0))) -> Complete
A9: 2 | B9: =IF('👥 Participants'!$B$9="","",'👥 Participants'!$B$9) -> Ben Carter | C9: =IF($B9="","",INDEX('👥 Participants'!$B$8:$B$31,MOD($A9-1+MOD(DrawSeed-1,MAX(1,COUNTA('👥 Participants'!$B$8:$B$31)-1)),COUNTA('👥 Participants'!$B$8:$B$31))+1)) -> Grace Liu | E9: =IF($B9="","",IF($D9<>"",$D9,$C9)) -> Grace Liu | F9: =IF($E9="","",IF(TRIM(IF($E9=$B9,"Self ","")&IF(AND(CoupleRule="On",IFERROR(INDEX('👥 Participants'!$D$8:$D$31,MATCH($B9,'👥 Participants'!$B$8:$B$31,0)),"")<>"",INDEX('👥 Participants'!$D$8:$D$31,MATCH($B9,'👥 Participants'!$B$8:$B$31,0))=INDEX('👥 Participants'!$D$8:$D$31,MATCH($E9,'👥 Participants'!$B$8:$B$31,0))),"Couple ","")&IF(AND(TeamRule="On",IFERROR(INDEX('👥 Participants'!$C$8:$C$31,MATCH($B9,'👥 Participants'!$B$8:$B$31,0)),"")<>"",INDEX('👥 Participants'!$C$8:$C$31,MATCH($B9,'👥 Participants'!$B$8:$B$31,0))=INDEX('👥 Participants'!$C$8:$C$31,MATCH($E9,'👥 Participants'!$B$8:$B$31,0))),"Team ","")&IF(AND(LastYearRule="On",IFERROR(INDEX('👥 Participants'!$G$8:$G$31,MATCH($B9,'👥 Participants'!$B$8:$B$31,0)),"")=$E9),"LastYear ","")&IF(COUNTIFS('🚫 Exclusions & Rules'!$B$8:$B$23,$B9,'🚫 Exclusions & Rules'!$C$8:$C$23,$E9)>0,"Custom ",""))="","✅ OK",TRIM(IF($E9=$B9,"Self ","")&IF(AND(CoupleRule="On",IFERROR(INDEX('👥 Participants'!$D$8:$D$31,MATCH($B9,'👥 Participants'!$B$8:$B$31,0)),"")<>"",INDEX('👥 Participants'!$D$8:$D$31,MATCH($B9,'👥 Participants'!$B$8:$B$31,0))=INDEX('👥 Participants'!$D$8:$D$31,MATCH($E9,'👥 Participants'!$B$8:$B$31,0))),"Couple ","")&IF(AND(TeamRule="On",IFERROR(INDEX('👥 Participants'!$C$8:$C$31,MATCH($B9,'👥 Participants'!$B$8:$B$31,0)),"")<>"",INDEX('👥 Participants'!$C$8:$C$31,MATCH($B9,'👥 Participants'!$B$8:$B$31,0))=INDEX('👥 Participants'!$C$8:$C$31,MATCH($E9,'👥 Participants'!$B$8:$B$31,0))),"Team ","")&IF(AND(LastYearRule="On",IFERROR(INDEX('👥 Participants'!$G$8:$G$31,MATCH($B9,'👥 Participants'!$B$8:$B$31,0)),"")=$E9),"LastYear ","")&IF(COUNTIFS('🚫 Exclusions & Rules'!$B$8:$B$23,$B9,'🚫 Exclusions & Rules'!$C$8:$C$23,$E9)>0,"Custom ","")))) -> ✅ OK | G9: =IF($B9="","",INDEX('👥 Participants'!$H$8:$H$31,MATCH($B9,'👥 Participants'!$B$8:$B$31,0))) -> Gift Purchased
A10: 3 | B10: =IF('👥 Participants'!$B$10="","",'👥 Participants'!$B$10) -> Chloe Diaz | C10: =IF($B10="","",INDEX('👥 Participants'!$B$8:$B$31,MOD($A10-1+MOD(DrawSeed-1,MAX(1,COUNTA('👥 Participants'!$B$8:$B$31)-1)),COUNTA('👥 Participants'!$B$8:$B$31))+1)) -> Hugo Silva | E10: =IF($B10="","",IF($D10<>"",$D10,$C10)) -> Hugo Silva | F10: =IF($E10="","",IF(TRIM(IF($E10=$B10,"Self ","")&IF(AND(CoupleRule="On",IFERROR(INDEX('👥 Participants'!$D$8:$D$31,MATCH($B10,'👥 Participants'!$B$8:$B$31,0)),"")<>"",INDEX('👥 Participants'!$D$8:$D$31,MATCH($B10,'👥 Participants'!$B$8:$B$31,0))=INDEX('👥 Participants'!$D$8:$D$31,MATCH($E10,'👥 Participants'!$B$8:$B$31,0))),"Couple ","")&IF(AND(TeamRule="On",IFERROR(INDEX('👥 Participants'!$C$8:$C$31,MATCH($B10,'👥 Participants'!$B$8:$B$31,0)),"")<>"",INDEX('👥 Participants'!$C$8:$C$31,MATCH($B10,'👥 Participants'!$B$8:$B$31,0))=INDEX('👥 Participants'!$C$8:$C$31,MATCH($E10,'👥 Participants'!$B$8:$B$31,0))),"Team ","")&IF(AND(LastYearRule="On",IFERROR(INDEX('👥 Participants'!$G$8:$G$31,MATCH($B10,'👥 Participants'!$B$8:$B$31,0)),"")=$E10),"LastYear ","")&IF(COUNTIFS('🚫 Exclusions & Rules'!$B$8:$B$23,$B10,'🚫 Exclusions & Rules'!$C$8:$C$23,$E10)>0,"Custom ",""))="","✅ OK",TRIM(IF($E10=$B10,"Self ","")&IF(AND(CoupleRule="On",IFERROR(INDEX('👥 Participants'!$D$8:$D$31,MATCH($B10,'👥 Participants'!$B$8:$B$31,0)),"")<>"",INDEX('👥 Participants'!$D$8:$D$31,MATCH($B10,'👥 Participants'!$B$8:$B$31,0))=INDEX('👥 Participants'!$D$8:$D$31,MATCH($E10,'👥 Participants'!$B$8:$B$31,0))),"Couple ","")&IF(AND(TeamRule="On",IFERROR(INDEX('👥 Participants'!$C$8:$C$31,MATCH($B10,'👥 Participants'!$B$8:$B$31,0)),"")<>"",INDEX('👥 Participants'!$C$8:$C$31,MATCH($B10,'👥 Participants'!$B$8:$B$31,0))=INDEX('👥 Participants'!$C$8:$C$31,MATCH($E10,'👥 Participants'!$B$8:$B$31,0))),"Team ","")&IF(AND(LastYearRule="On",IFERROR(INDEX('👥 Participants'!$G$8:$G$31,MATCH($B10,'👥 Participants'!$B$8:$B$31,0)),"")=$E10),"LastYear ","")&IF(COUNTIFS('🚫 Exclusions & Rules'!$B$8:$B$23,$B10,'🚫 Exclusions & Rules'!$C$8:$C$23,$E10)>0,"Custom ","")))) -> ✅ OK | G10: =IF($B10="","",INDEX('👥 Participants'!$H$8:$H$31,MATCH($B10,'👥 Participants'!$B$8:$B$31,0))) -> Wrapped
A11: 4 | B11: =IF('👥 Participants'!$B$11="","",'👥 Participants'!$B$11) -> Dan Novak | C11: =IF($B11="","",INDEX('👥 Participants'!$B$8:$B$31,MOD($A11-1+MOD(DrawSeed-1,MAX(1,COUNTA('👥 Participants'!$B$8:$B$31)-1)),COUNTA('👥 Participants'!$B$8:$B$31))+1)) -> Isla Moore | E11: =IF($B11="","",IF($D11<>"",$D11,$C11)) -> Isla Moore | F11: =IF($E11="","",IF(TRIM(IF($E11=$B11,"Self ","")&IF(AND(CoupleRule="On",IFERROR(INDEX('👥 Participants'!$D$8:$D$31,MATCH($B11,'👥 Participants'!$B$8:$B$31,0)),"")<>"",INDEX('👥 Participants'!$D$8:$D$31,MATCH($B11,'👥 Participants'!$B$8:$B$31,0))=INDEX('👥 Participants'!$D$8:$D$31,MATCH($E11,'👥 Participants'!$B$8:$B$31,0))),"Couple ","")&IF(AND(TeamRule="On",IFERROR(INDEX('👥 Participants'!$C$8:$C$31,MATCH($B11,'👥 Participants'!$B$8:$B$31,0)),"")<>"",INDEX('👥 Participants'!$C$8:$C$31,MATCH($B11,'👥 Participants'!$B$8:$B$31,0))=INDEX('👥 Participants'!$C$8:$C$31,MATCH($E11,'👥 Participants'!$B$8:$B$31,0))),"Team ","")&IF(AND(LastYearRule="On",IFERROR(INDEX('👥 Participants'!$G$8:$G$31,MATCH($B11,'👥 Participants'!$B$8:$B$31,0)),"")=$E11),"LastYear ","")&IF(COUNTIFS('🚫 Exclusions & Rules'!$B$8:$B$23,$B11,'🚫 Exclusions & Rules'!$C$8:$C$23,$E11)>0,"Custom ",""))="","✅ OK",TRIM(IF($E11=$B11,"Self ","")&IF(AND(CoupleRule="On",IFERROR(INDEX('👥 Participants'!$D$8:$D$31,MATCH($B11,'👥 Participants'!$B$8:$B$31,0)),"")<>"",INDEX('👥 Participants'!$D$8:$D$31,MATCH($B11,'👥 Participants'!$B$8:$B$31,0))=INDEX('👥 Participants'!$D$8:$D$31,MATCH($E11,'👥 Participants'!$B$8:$B$31,0))),"Couple ","")&IF(AND(TeamRule="On",IFERROR(INDEX('👥 Participants'!$C$8:$C$31,MATCH($B11,'👥 Participants'!$B$8:$B$31,0)),"")<>"",INDEX('👥 Participants'!$C$8:$C$31,MATCH($B11,'👥 Participants'!$B$8:$B$31,0))=INDEX('👥 Participants'!$C$8:$C$31,MATCH($E11,'👥 Participants'!$B$8:$B$31,0))),"Team ","")&IF(AND(LastYearRule="On",IFERROR(INDEX('👥 Participants'!$G$8:$G$31,MATCH($B11,'👥 Participants'!$B$8:$B$31,0)),"")=$E11),"LastYear ","")&IF(COUNTIFS('🚫 Exclusions & Rules'!$B$8:$B$23,$B11,'🚫 Exclusions & Rules'!$C$8:$C$23,$E11)>0,"Custom ","")))) -> ✅ OK | G11: =IF($B11="","",INDEX('👥 Participants'!$H$8:$H$31,MATCH($B11,'👥 Participants'!$B$8:$B$31,0))) -> Gift Purchased
A12: 5 | B12: =IF('👥 Participants'!$B$12="","",'👥 Participants'!$B$12) -> Elena Petrov | C12: =IF($B12="","",INDEX('👥 Participants'!$B$8:$B$31,MOD($A12-1+MOD(DrawSeed-1,MAX(1,COUNTA('👥 Participants'!$B$8:$B$31)-1)),COUNTA('👥 Participants'!$B$8:$B$31))+1)) -> Jack Byrne | E12: =IF($B12="","",IF($D12<>"",$D12,$C12)) -> Jack Byrne | F12: =IF($E12="","",IF(TRIM(IF($E12=$B12,"Self ","")&IF(AND(CoupleRule="On",IFERROR(INDEX('👥 Participants'!$D$8:$D$31,MATCH($B12,'👥 Participants'!$B$8:$B$31,0)),"")<>"",INDEX('👥 Participants'!$D$8:$D$31,MATCH($B12,'👥 Participants'!$B$8:$B$31,0))=INDEX('👥 Participants'!$D$8:$D$31,MATCH($E12,'👥 Participants'!$B$8:$B$31,0))),"Couple ","")&IF(AND(TeamRule="On",IFERROR(INDEX('👥 Participants'!$C$8:$C$31,MATCH($B12,'👥 Participants'!$B$8:$B$31,0)),"")<>"",INDEX('👥 Participants'!$C$8:$C$31,MATCH($B12,'👥 Participants'!$B$8:$B$31,0))=INDEX('👥 Participants'!$C$8:$C$31,MATCH($E12,'👥 Participants'!$B$8:$B$31,0))),"Team ","")&IF(AND(LastYearRule="On",IFERROR(INDEX('👥 Participants'!$G$8:$G$31,MATCH($B12,'👥 Participants'!$B$8:$B$31,0)),"")=$E12),"LastYear ","")&IF(COUNTIFS('🚫 Exclusions & Rules'!$B$8:$B$23,$B12,'🚫 Exclusions & Rules'!$C$8:$C$23,$E12)>0,"Custom ",""))="","✅ OK",TRIM(IF($E12=$B12,"Self ","")&IF(AND(CoupleRule="On",IFERROR(INDEX('👥 Participants'!$D$8:$D$31,MATCH($B12,'👥 Participants'!$B$8:$B$31,0)),"")<>"",INDEX('👥 Participants'!$D$8:$D$31,MATCH($B12,'👥 Participants'!$B$8:$B$31,0))=INDEX('👥 Participants'!$D$8:$D$31,MATCH($E12,'👥 Participants'!$B$8:$B$31,0))),"Couple ","")&IF(AND(TeamRule="On",IFERROR(INDEX('👥 Participants'!$C$8:$C$31,MATCH($B12,'👥 Participants'!$B$8:$B$31,0)),"")<>"",INDEX('👥 Participants'!$C$8:$C$31,MATCH($B12,'👥 Participants'!$B$8:$B$31,0))=INDEX('👥 Participants'!$C$8:$C$31,MATCH($E12,'👥 Participants'!$B$8:$B$31,0))),"Team ","")&IF(AND(LastYearRule="On",IFERROR(INDEX('👥 Participants'!$G$8:$G$31,MATCH($B12,'👥 Participants'!$B$8:$B$31,0)),"")=$E12),"LastYear ","")&IF(COUNTIFS('🚫 Exclusions & Rules'!$B$8:$B$23,$B12,'🚫 Exclusions & Rules'!$C$8:$C$23,$E12)>0,"Custom ","")))) -> ✅ OK | G12: =IF($B12="","",INDEX('👥 Participants'!$H$8:$H$31,MATCH($B12,'👥 Participants'!$B$8:$B$31,0))) -> Not Started
A13: 6 | B13: =IF('👥 Participants'!$B$13="","",'👥 Participants'!$B$13) -> Farid Khan | C13: =IF($B13="","",INDEX('👥 Participants'!$B$8:$B$31,MOD($A13-1+MOD(DrawSeed-1,MAX(1,COUNTA('👥 Participants'!$B$8:$B$31)-1)),COUNTA('👥 Participants'!$B$8:$B$31))+1)) -> Kia Osei | E13: =IF($B13="","",IF($D13<>"",$D13,$C13)) -> Kia Osei | F13: =IF($E13="","",IF(TRIM(IF($E13=$B13,"Self ","")&IF(AND(CoupleRule="On",IFERROR(INDEX('👥 Participants'!$D$8:$D$31,MATCH($B13,'👥 Participants'!$B$8:$B$31,0)),"")<>"",INDEX('👥 Participants'!$D$8:$D$31,MATCH($B13,'👥 Participants'!$B$8:$B$31,0))=INDEX('👥 Participants'!$D$8:$D$31,MATCH($E13,'👥 Participants'!$B$8:$B$31,0))),"Couple ","")&IF(AND(TeamRule="On",IFERROR(INDEX('👥 Participants'!$C$8:$C$31,MATCH($B13,'👥 Participants'!$B$8:$B$31,0)),"")<>"",INDEX('👥 Participants'!$C$8:$C$31,MATCH($B13,'👥 Participants'!$B$8:$B$31,0))=INDEX('👥 Participants'!$C$8:$C$31,MATCH($E13,'👥 Participants'!$B$8:$B$31,0))),"Team ","")&IF(AND(LastYearRule="On",IFERROR(INDEX('👥 Participants'!$G$8:$G$31,MATCH($B13,'👥 Participants'!$B$8:$B$31,0)),"")=$E13),"LastYear ","")&IF(COUNTIFS('🚫 Exclusions & Rules'!$B$8:$B$23,$B13,'🚫 Exclusions & Rules'!$C$8:$C$23,$E13)>0,"Custom ",""))="","✅ OK",TRIM(IF($E13=$B13,"Self ","")&IF(AND(CoupleRule="On",IFERROR(INDEX('👥 Participants'!$D$8:$D$31,MATCH($B13,'👥 Participants'!$B$8:$B$31,0)),"")<>"",INDEX('👥 Participants'!$D$8:$D$31,MATCH($B13,'👥 Participants'!$B$8:$B$31,0))=INDEX('👥 Participants'!$D$8:$D$31,MATCH($E13,'👥 Participants'!$B$8:$B$31,0))),"Couple ","")&IF(AND(TeamRule="On",IFERROR(INDEX('👥 Participants'!$C$8:$C$31,MATCH($B13,'👥 Participants'!$B$8:$B$31,0)),"")<>"",INDEX('👥 Participants'!$C$8:$C$31,MATCH($B13,'👥 Participants'!$B$8:$B$31,0))=INDEX('👥 Participants'!$C$8:$C$31,MATCH($E13,'👥 Participants'!$B$8:$B$31,0))),"Team ","")&IF(AND(LastYearRule="On",IFERROR(INDEX('👥 Participants'!$G$8:$G$31,MATCH($B13,'👥 Participants'!$B$8:$B$31,0)),"")=$E13),"LastYear ","")&IF(COUNTIFS('🚫 Exclusions & Rules'!$B$8:$B$23,$B13,'🚫 Exclusions & Rules'!$C$8:$C$23,$E13)>0,"Custom ","")))) -> ✅ OK | G13: =IF($B13="","",INDEX('👥 Participants'!$H$8:$H$31,MATCH($B13,'👥 Participants'!$B$8:$B$31,0))) -> Wrapped
A14: 7 | B14: =IF('👥 Participants'!$B$14="","",'👥 Participants'!$B$14) -> Grace Liu | C14: =IF($B14="","",INDEX('👥 Participants'!$B$8:$B$31,MOD($A14-1+MOD(DrawSeed-1,MAX(1,COUNTA('👥 Participants'!$B$8:$B$31)-1)),COUNTA('👥 Participants'!$B$8:$B$31))+1)) -> Leo Fontaine | E14: =IF($B14="","",IF($D14<>"",$D14,$C14)) -> Leo Fontaine | F14: =IF($E14="","",IF(TRIM(IF($E14=$B14,"Self ","")&IF(AND(CoupleRule="On",IFERROR(INDEX('👥 Participants'!$D$8:$D$31,MATCH($B14,'👥 Participants'!$B$8:$B$31,0)),"")<>"",INDEX('👥 Participants'!$D$8:$D$31,MATCH($B14,'👥 Participants'!$B$8:$B$31,0))=INDEX('👥 Participants'!$D$8:$D$31,MATCH($E14,'👥 Participants'!$B$8:$B$31,0))),"Couple ","")&IF(AND(TeamRule="On",IFERROR(INDEX('👥 Participants'!$C$8:$C$31,MATCH($B14,'👥 Participants'!$B$8:$B$31,0)),"")<>"",INDEX('👥 Participants'!$C$8:$C$31,MATCH($B14,'👥 Participants'!$B$8:$B$31,0))=INDEX('👥 Participants'!$C$8:$C$31,MATCH($E14,'👥 Participants'!$B$8:$B$31,0))),"Team ","")&IF(AND(LastYearRule="On",IFERROR(INDEX('👥 Participants'!$G$8:$G$31,MATCH($B14,'👥 Participants'!$B$8:$B$31,0)),"")=$E14),"LastYear ","")&IF(COUNTIFS('🚫 Exclusions & Rules'!$B$8:$B$23,$B14,'🚫 Exclusions & Rules'!$C$8:$C$23,$E14)>0,"Custom ",""))="","✅ OK",TRIM(IF($E14=$B14,"Self ","")&IF(AND(CoupleRule="On",IFERROR(INDEX('👥 Participants'!$D$8:$D$31,MATCH($B14,'👥 Participants'!$B$8:$B$31,0)),"")<>"",INDEX('👥 Participants'!$D$8:$D$31,MATCH($B14,'👥 Participants'!$B$8:$B$31,0))=INDEX('👥 Participants'!$D$8:$D$31,MATCH($E14,'👥 Participants'!$B$8:$B$31,0))),"Couple ","")&IF(AND(TeamRule="On",IFERROR(INDEX('👥 Participants'!$C$8:$C$31,MATCH($B14,'👥 Participants'!$B$8:$B$31,0)),"")<>"",INDEX('👥 Participants'!$C$8:$C$31,MATCH($B14,'👥 Participants'!$B$8:$B$31,0))=INDEX('👥 Participants'!$C$8:$C$31,MATCH($E14,'👥 Participants'!$B$8:$B$31,0))),"Team ","")&IF(AND(LastYearRule="On",IFERROR(INDEX('👥 Participants'!$G$8:$G$31,MATCH($B14,'👥 Participants'!$B$8:$B$31,0)),"")=$E14),"LastYear ","")&IF(COUNTIFS('🚫 Exclusions & Rules'!$B$8:$B$23,$B14,'🚫 Exclusions & Rules'!$C$8:$C$23,$E14)>0,"Custom ","")))) -> ✅ OK | G14: =IF($B14="","",INDEX('👥 Participants'!$H$8:$H$31,MATCH($B14,'👥 Participants'!$B$8:$B$31,0))) -> Complete
A15: 8 | B15: =IF('👥 Participants'!$B$15="","",'👥 Participants'!$B$15) -> Hugo Silva | C15: =IF($B15="","",INDEX('👥 Participants'!$B$8:$B$31,MOD($A15-1+MOD(DrawSeed-1,MAX(1,COUNTA('👥 Participants'!$B$8:$B$31)-1)),COUNTA('👥 Participants'!$B$8:$B$31))+1)) -> Ava Novak | E15: =IF($B15="","",IF($D15<>"",$D15,$C15)) -> Ava Novak | F15: =IF($E15="","",IF(TRIM(IF($E15=$B15,"Self ","")&IF(AND(CoupleRule="On",IFERROR(INDEX('👥 Participants'!$D$8:$D$31,MATCH($B15,'👥 Participants'!$B$8:$B$31,0)),"")<>"",INDEX('👥 Participants'!$D$8:$D$31,MATCH($B15,'👥 Participants'!$B$8:$B$31,0))=INDEX('👥 Participants'!$D$8:$D$31,MATCH($E15,'👥 Participants'!$B$8:$B$31,0))),"Couple ","")&IF(AND(TeamRule="On",IFERROR(INDEX('👥 Participants'!$C$8:$C$31,MATCH($B15,'👥 Participants'!$B$8:$B$31,0)),"")<>"",INDEX('👥 Participants'!$C$8:$C$31,MATCH($B15,'👥 Participants'!$B$8:$B$31,0))=INDEX('👥 Participants'!$C$8:$C$31,MATCH($E15,'👥 Participants'!$B$8:$B$31,0))),"Team ","")&IF(AND(LastYearRule="On",IFERROR(INDEX('👥 Participants'!$G$8:$G$31,MATCH($B15,'👥 Participants'!$B$8:$B$31,0)),"")=$E15),"LastYear ","")&IF(COUNTIFS('🚫 Exclusions & Rules'!$B$8:$B$23,$B15,'🚫 Exclusions & Rules'!$C$8:$C$23,$E15)>0,"Custom ",""))="","✅ OK",TRIM(IF($E15=$B15,"Self ","")&IF(AND(CoupleRule="On",IFERROR(INDEX('👥 Participants'!$D$8:$D$31,MATCH($B15,'👥 Participants'!$B$8:$B$31,0)),"")<>"",INDEX('👥 Participants'!$D$8:$D$31,MATCH($B15,'👥 Participants'!$B$8:$B$31,0))=INDEX('👥 Participants'!$D$8:$D$31,MATCH($E15,'👥 Participants'!$B$8:$B$31,0))),"Couple ","")&IF(AND(TeamRule="On",IFERROR(INDEX('👥 Participants'!$C$8:$C$31,MATCH($B15,'👥 Participants'!$B$8:$B$31,0)),"")<>"",INDEX('👥 Participants'!$C$8:$C$31,MATCH($B15,'👥 Participants'!$B$8:$B$31,0))=INDEX('👥 Participants'!$C$8:$C$31,MATCH($E15,'👥 Participants'!$B$8:$B$31,0))),"Team ","")&IF(AND(LastYearRule="On",IFERROR(INDEX('👥 Participants'!$G$8:$G$31,MATCH($B15,'👥 Participants'!$B$8:$B$31,0)),"")=$E15),"LastYear ","")&IF(COUNTIFS('🚫 Exclusions & Rules'!$B$8:$B$23,$B15,'🚫 Exclusions & Rules'!$C$8:$C$23,$E15)>0,"Custom ","")))) -> ✅ OK | G15: =IF($B15="","",INDEX('👥 Participants'!$H$8:$H$31,MATCH($B15,'👥 Participants'!$B$8:$B$31,0))) -> Gift Purchased
A16: 9 | B16: =IF('👥 Participants'!$B$16="","",'👥 Participants'!$B$16) -> Isla Moore | C16: =IF($B16="","",INDEX('👥 Participants'!$B$8:$B$31,MOD($A16-1+MOD(DrawSeed-1,MAX(1,COUNTA('👥 Participants'!$B$8:$B$31)-1)),COUNTA('👥 Participants'!$B$8:$B$31))+1)) -> Ben Carter | E16: =IF($B16="","",IF($D16<>"",$D16,$C16)) -> Ben Carter | F16: =IF($E16="","",IF(TRIM(IF($E16=$B16,"Self ","")&IF(AND(CoupleRule="On",IFERROR(INDEX('👥 Participants'!$D$8:$D$31,MATCH($B16,'👥 Participants'!$B$8:$B$31,0)),"")<>"",INDEX('👥 Participants'!$D$8:$D$31,MATCH($B16,'👥 Participants'!$B$8:$B$31,0))=INDEX('👥 Participants'!$D$8:$D$31,MATCH($E16,'👥 Participants'!$B$8:$B$31,0))),"Couple ","")&IF(AND(TeamRule="On",IFERROR(INDEX('👥 Participants'!$C$8:$C$31,MATCH($B16,'👥 Participants'!$B$8:$B$31,0)),"")<>"",INDEX('👥 Participants'!$C$8:$C$31,MATCH($B16,'👥 Participants'!$B$8:$B$31,0))=INDEX('👥 Participants'!$C$8:$C$31,MATCH($E16,'👥 Participants'!$B$8:$B$31,0))),"Team ","")&IF(AND(LastYearRule="On",IFERROR(INDEX('👥 Participants'!$G$8:$G$31,MATCH($B16,'👥 Participants'!$B$8:$B$31,0)),"")=$E16),"LastYear ","")&IF(COUNTIFS('🚫 Exclusions & Rules'!$B$8:$B$23,$B16,'🚫 Exclusions & Rules'!$C$8:$C$23,$E16)>0,"Custom ",""))="","✅ OK",TRIM(IF($E16=$B16,"Self ","")&IF(AND(CoupleRule="On",IFERROR(INDEX('👥 Participants'!$D$8:$D$31,MATCH($B16,'👥 Participants'!$B$8:$B$31,0)),"")<>"",INDEX('👥 Participants'!$D$8:$D$31,MATCH($B16,'👥 Participants'!$B$8:$B$31,0))=INDEX('👥 Participants'!$D$8:$D$31,MATCH($E16,'👥 Participants'!$B$8:$B$31,0))),"Couple ","")&IF(AND(TeamRule="On",IFERROR(INDEX('👥 Participants'!$C$8:$C$31,MATCH($B16,'👥 Participants'!$B$8:$B$31,0)),"")<>"",INDEX('👥 Participants'!$C$8:$C$31,MATCH($B16,'👥 Participants'!$B$8:$B$31,0))=INDEX('👥 Participants'!$C$8:$C$31,MATCH($E16,'👥 Participants'!$B$8:$B$31,0))),"Team ","")&IF(AND(LastYearRule="On",IFERROR(INDEX('👥 Participants'!$G$8:$G$31,MATCH($B16,'👥 Participants'!$B$8:$B$31,0)),"")=$E16),"LastYear ","")&IF(COUNTIFS('🚫 Exclusions & Rules'!$B$8:$B$23,$B16,'🚫 Exclusions & Rules'!$C$8:$C$23,$E16)>0,"Custom ","")))) -> ✅ OK | G16: =IF($B16="","",INDEX('👥 Participants'!$H$8:$H$31,MATCH($B16,'👥 Participants'!$B$8:$B$31,0))) -> Not Started
A17: 10 | B17: =IF('👥 Participants'!$B$17="","",'👥 Participants'!$B$17) -> Jack Byrne | C17: =IF($B17="","",INDEX('👥 Participants'!$B$8:$B$31,MOD($A17-1+MOD(DrawSeed-1,MAX(1,COUNTA('👥 Participants'!$B$8:$B$31)-1)),COUNTA('👥 Participants'!$B$8:$B$31))+1)) -> Chloe Diaz | E17: =IF($B17="","",IF($D17<>"",$D17,$C17)) -> Chloe Diaz | F17: =IF($E17="","",IF(TRIM(IF($E17=$B17,"Self ","")&IF(AND(CoupleRule="On",IFERROR(INDEX('👥 Participants'!$D$8:$D$31,MATCH($B17,'👥 Participants'!$B$8:$B$31,0)),"")<>"",INDEX('👥 Participants'!$D$8:$D$31,MATCH($B17,'👥 Participants'!$B$8:$B$31,0))=INDEX('👥 Participants'!$D$8:$D$31,MATCH($E17,'👥 Participants'!$B$8:$B$31,0))),"Couple ","")&IF(AND(TeamRule="On",IFERROR(INDEX('👥 Participants'!$C$8:$C$31,MATCH($B17,'👥 Participants'!$B$8:$B$31,0)),"")<>"",INDEX('👥 Participants'!$C$8:$C$31,MATCH($B17,'👥 Participants'!$B$8:$B$31,0))=INDEX('👥 Participants'!$C$8:$C$31,MATCH($E17,'👥 Participants'!$B$8:$B$31,0))),"Team ","")&IF(AND(LastYearRule="On",IFERROR(INDEX('👥 Participants'!$G$8:$G$31,MATCH($B17,'👥 Participants'!$B$8:$B$31,0)),"")=$E17),"LastYear ","")&IF(COUNTIFS('🚫 Exclusions & Rules'!$B$8:$B$23,$B17,'🚫 Exclusions & Rules'!$C$8:$C$23,$E17)>0,"Custom ",""))="","✅ OK",TRIM(IF($E17=$B17,"Self ","")&IF(AND(CoupleRule="On",IFERROR(INDEX('👥 Participants'!$D$8:$D$31,MATCH($B17,'👥 Participants'!$B$8:$B$31,0)),"")<>"",INDEX('👥 Participants'!$D$8:$D$31,MATCH($B17,'👥 Participants'!$B$8:$B$31,0))=INDEX('👥 Participants'!$D$8:$D$31,MATCH($E17,'👥 Participants'!$B$8:$B$31,0))),"Couple ","")&IF(AND(TeamRule="On",IFERROR(INDEX('👥 Participants'!$C$8:$C$31,MATCH($B17,'👥 Participants'!$B$8:$B$31,0)),"")<>"",INDEX('👥 Participants'!$C$8:$C$31,MATCH($B17,'👥 Participants'!$B$8:$B$31,0))=INDEX('👥 Participants'!$C$8:$C$31,MATCH($E17,'👥 Participants'!$B$8:$B$31,0))),"Team ","")&IF(AND(LastYearRule="On",IFERROR(INDEX('👥 Participants'!$G$8:$G$31,MATCH($B17,'👥 Participants'!$B$8:$B$31,0)),"")=$E17),"LastYear ","")&IF(COUNTIFS('🚫 Exclusions & Rules'!$B$8:$B$23,$B17,'🚫 Exclusions & Rules'!$C$8:$C$23,$E17)>0,"Custom ","")))) -> ✅ OK | G17: =IF($B17="","",INDEX('👥 Participants'!$H$8:$H$31,MATCH($B17,'👥 Participants'!$B$8:$B$31,0))) -> Gift Purchased
A18: 11 | B18: =IF('👥 Participants'!$B$18="","",'👥 Participants'!$B$18) -> Kia Osei | C18: =IF($B18="","",INDEX('👥 Participants'!$B$8:$B$31,MOD($A18-1+MOD(DrawSeed-1,MAX(1,COUNTA('👥 Participants'!$B$8:$B$31)-1)),COUNTA('👥 Participants'!$B$8:$B$31))+1)) -> Dan Novak | E18: =IF($B18="","",IF($D18<>"",$D18,$C18)) -> Dan Novak | F18: =IF($E18="","",IF(TRIM(IF($E18=$B18,"Self ","")&IF(AND(CoupleRule="On",IFERROR(INDEX('👥 Participants'!$D$8:$D$31,MATCH($B18,'👥 Participants'!$B$8:$B$31,0)),"")<>"",INDEX('👥 Participants'!$D$8:$D$31,MATCH($B18,'👥 Participants'!$B$8:$B$31,0))=INDEX('👥 Participants'!$D$8:$D$31,MATCH($E18,'👥 Participants'!$B$8:$B$31,0))),"Couple ","")&IF(AND(TeamRule="On",IFERROR(INDEX('👥 Participants'!$C$8:$C$31,MATCH($B18,'👥 Participants'!$B$8:$B$31,0)),"")<>"",INDEX('👥 Participants'!$C$8:$C$31,MATCH($B18,'👥 Participants'!$B$8:$B$31,0))=INDEX('👥 Participants'!$C$8:$C$31,MATCH($E18,'👥 Participants'!$B$8:$B$31,0))),"Team ","")&IF(AND(LastYearRule="On",IFERROR(INDEX('👥 Participants'!$G$8:$G$31,MATCH($B18,'👥 Participants'!$B$8:$B$31,0)),"")=$E18),"LastYear ","")&IF(COUNTIFS('🚫 Exclusions & Rules'!$B$8:$B$23,$B18,'🚫 Exclusions & Rules'!$C$8:$C$23,$E18)>0,"Custom ",""))="","✅ OK",TRIM(IF($E18=$B18,"Self ","")&IF(AND(CoupleRule="On",IFERROR(INDEX('👥 Participants'!$D$8:$D$31,MATCH($B18,'👥 Participants'!$B$8:$B$31,0)),"")<>"",INDEX('👥 Participants'!$D$8:$D$31,MATCH($B18,'👥 Participants'!$B$8:$B$31,0))=INDEX('👥 Participants'!$D$8:$D$31,MATCH($E18,'👥 Participants'!$B$8:$B$31,0))),"Couple ","")&IF(AND(TeamRule="On",IFERROR(INDEX('👥 Participants'!$C$8:$C$31,MATCH($B18,'👥 Participants'!$B$8:$B$31,0)),"")<>"",INDEX('👥 Participants'!$C$8:$C$31,MATCH($B18,'👥 Participants'!$B$8:$B$31,0))=INDEX('👥 Participants'!$C$8:$C$31,MATCH($E18,'👥 Participants'!$B$8:$B$31,0))),"Team ","")&IF(AND(LastYearRule="On",IFERROR(INDEX('👥 Participants'!$G$8:$G$31,MATCH($B18,'👥 Participants'!$B$8:$B$31,0)),"")=$E18),"LastYear ","")&IF(COUNTIFS('🚫 Exclusions & Rules'!$B$8:$B$23,$B18,'🚫 Exclusions & Rules'!$C$8:$C$23,$E18)>0,"Custom ","")))) -> ✅ OK | G18: =IF($B18="","",INDEX('👥 Participants'!$H$8:$H$31,MATCH($B18,'👥 Participants'!$B$8:$B$31,0))) -> Wrapped
A19: 12 | B19: =IF('👥 Participants'!$B$19="","",'👥 Participants'!$B$19) -> Leo Fontaine | C19: =IF($B19="","",INDEX('👥 Participants'!$B$8:$B$31,MOD($A19-1+MOD(DrawSeed-1,MAX(1,COUNTA('👥 Participants'!$B$8:$B$31)-1)),COUNTA('👥 Participants'!$B$8:$B$31))+1)) -> Elena Petrov | E19: =IF($B19="","",IF($D19<>"",$D19,$C19)) -> Elena Petrov | F19: =IF($E19="","",IF(TRIM(IF($E19=$B19,"Self ","")&IF(AND(CoupleRule="On",IFERROR(INDEX('👥 Participants'!$D$8:$D$31,MATCH($B19,'👥 Participants'!$B$8:$B$31,0)),"")<>"",INDEX('👥 Participants'!$D$8:$D$31,MATCH($B19,'👥 Participants'!$B$8:$B$31,0))=INDEX('👥 Participants'!$D$8:$D$31,MATCH($E19,'👥 Participants'!$B$8:$B$31,0))),"Couple ","")&IF(AND(TeamRule="On",IFERROR(INDEX('👥 Participants'!$C$8:$C$31,MATCH($B19,'👥 Participants'!$B$8:$B$31,0)),"")<>"",INDEX('👥 Participants'!$C$8:$C$31,MATCH($B19,'👥 Participants'!$B$8:$B$31,0))=INDEX('👥 Participants'!$C$8:$C$31,MATCH($E19,'👥 Participants'!$B$8:$B$31,0))),"Team ","")&IF(AND(LastYearRule="On",IFERROR(INDEX('👥 Participants'!$G$8:$G$31,MATCH($B19,'👥 Participants'!$B$8:$B$31,0)),"")=$E19),"LastYear ","")&IF(COUNTIFS('🚫 Exclusions & Rules'!$B$8:$B$23,$B19,'🚫 Exclusions & Rules'!$C$8:$C$23,$E19)>0,"Custom ",""))="","✅ OK",TRIM(IF($E19=$B19,"Self ","")&IF(AND(CoupleRule="On",IFERROR(INDEX('👥 Participants'!$D$8:$D$31,MATCH($B19,'👥 Participants'!$B$8:$B$31,0)),"")<>"",INDEX('👥 Participants'!$D$8:$D$31,MATCH($B19,'👥 Participants'!$B$8:$B$31,0))=INDEX('👥 Participants'!$D$8:$D$31,MATCH($E19,'👥 Participants'!$B$8:$B$31,0))),"Couple ","")&IF(AND(TeamRule="On",IFERROR(INDEX('👥 Participants'!$C$8:$C$31,MATCH($B19,'👥 Participants'!$B$8:$B$31,0)),"")<>"",INDEX('👥 Participants'!$C$8:$C$31,MATCH($B19,'👥 Participants'!$B$8:$B$31,0))=INDEX('👥 Participants'!$C$8:$C$31,MATCH($E19,'👥 Participants'!$B$8:$B$31,0))),"Team ","")&IF(AND(LastYearRule="On",IFERROR(INDEX('👥 Participants'!$G$8:$G$31,MATCH($B19,'👥 Participants'!$B$8:$B$31,0)),"")=$E19),"LastYear ","")&IF(COUNTIFS('🚫 Exclusions & Rules'!$B$8:$B$23,$B19,'🚫 Exclusions & Rules'!$C$8:$C$23,$E19)>0,"Custom ","")))) -> ✅ OK | G19: =IF($B19="","",INDEX('👥 Participants'!$H$8:$H$31,MATCH($B19,'👥 Participants'!$B$8:$B$31,0))) -> Gift Purchased
A20: 13 | B20: =IF('👥 Participants'!$B$20="","",'👥 Participants'!$B$20) | C20: =IF($B20="","",INDEX('👥 Participants'!$B$8:$B$31,MOD($A20-1+MOD(DrawSeed-1,MAX(1,COUNTA('👥 Participants'!$B$8:$B$31)-1)),COUNTA('👥 Participants'!$B$8:$B$31))+1)) | E20: =IF($B20="","",IF($D20<>"",$D20,$C20)) | F20: =IF($E20="","",IF(TRIM(IF($E20=$B20,"Self ","")&IF(AND(CoupleRule="On",IFERROR(INDEX('👥 Participants'!$D$8:$D$31,MATCH($B20,'👥 Participants'!$B$8:$B$31,0)),"")<>"",INDEX('👥 Participants'!$D$8:$D$31,MATCH($B20,'👥 Participants'!$B$8:$B$31,0))=INDEX('👥 Participants'!$D$8:$D$31,MATCH($E20,'👥 Participants'!$B$8:$B$31,0))),"Couple ","")&IF(AND(TeamRule="On",IFERROR(INDEX('👥 Participants'!$C$8:$C$31,MATCH($B20,'👥 Participants'!$B$8:$B$31,0)),"")<>"",INDEX('👥 Participants'!$C$8:$C$31,MATCH($B20,'👥 Participants'!$B$8:$B$31,0))=INDEX('👥 Participants'!$C$8:$C$31,MATCH($E20,'👥 Participants'!$B$8:$B$31,0))),"Team ","")&IF(AND(LastYearRule="On",IFERROR(INDEX('👥 Participants'!$G$8:$G$31,MATCH($B20,'👥 Participants'!$B$8:$B$31,0)),"")=$E20),"LastYear ","")&IF(COUNTIFS('🚫 Exclusions & Rules'!$B$8:$B$23,$B20,'🚫 Exclusions & Rules'!$C$8:$C$23,$E20)>0,"Custom ",""))="","✅ OK",TRIM(IF($E20=$B20,"Self ","")&IF(AND(CoupleRule="On",IFERROR(INDEX('👥 Participants'!$D$8:$D$31,MATCH($B20,'👥 Participants'!$B$8:$B$31,0)),"")<>"",INDEX('👥 Participants'!$D$8:$D$31,MATCH($B20,'👥 Participants'!$B$8:$B$31,0))=INDEX('👥 Participants'!$D$8:$D$31,MATCH($E20,'👥 Participants'!$B$8:$B$31,0))),"Couple ","")&IF(AND(TeamRule="On",IFERROR(INDEX('👥 Participants'!$C$8:$C$31,MATCH($B20,'👥 Participants'!$B$8:$B$31,0)),"")<>"",INDEX('👥 Participants'!$C$8:$C$31,MATCH($B20,'👥 Participants'!$B$8:$B$31,0))=INDEX('👥 Participants'!$C$8:$C$31,MATCH($E20,'👥 Participants'!$B$8:$B$31,0))),"Team ","")&IF(AND(LastYearRule="On",IFERROR(INDEX('👥 Participants'!$G$8:$G$31,MATCH($B20,'👥 Participants'!$B$8:$B$31,0)),"")=$E20),"LastYear ","")&IF(COUNTIFS('🚫 Exclusions & Rules'!$B$8:$B$23,$B20,'🚫 Exclusions & Rules'!$C$8:$C$23,$E20)>0,"Custom ","")))) | G20: =IF($B20="","",INDEX('👥 Participants'!$H$8:$H$31,MATCH($B20,'👥 Participants'!$B$8:$B$31,0)))
A21: 14 | B21: =IF('👥 Participants'!$B$21="","",'👥 Participants'!$B$21) | C21: =IF($B21="","",INDEX('👥 Participants'!$B$8:$B$31,MOD($A21-1+MOD(DrawSeed-1,MAX(1,COUNTA('👥 Participants'!$B$8:$B$31)-1)),COUNTA('👥 Participants'!$B$8:$B$31))+1)) | E21: =IF($B21="","",IF($D21<>"",$D21,$C21)) | F21: =IF($E21="","",IF(TRIM(IF($E21=$B21,"Self ","")&IF(AND(CoupleRule="On",IFERROR(INDEX('👥 Participants'!$D$8:$D$31,MATCH($B21,'👥 Participants'!$B$8:$B$31,0)),"")<>"",INDEX('👥 Participants'!$D$8:$D$31,MATCH($B21,'👥 Participants'!$B$8:$B$31,0))=INDEX('👥 Participants'!$D$8:$D$31,MATCH($E21,'👥 Participants'!$B$8:$B$31,0))),"Couple ","")&IF(AND(TeamRule="On",IFERROR(INDEX('👥 Participants'!$C$8:$C$31,MATCH($B21,'👥 Participants'!$B$8:$B$31,0)),"")<>"",INDEX('👥 Participants'!$C$8:$C$31,MATCH($B21,'👥 Participants'!$B$8:$B$31,0))=INDEX('👥 Participants'!$C$8:$C$31,MATCH($E21,'👥 Participants'!$B$8:$B$31,0))),"Team ","")&IF(AND(LastYearRule="On",IFERROR(INDEX('👥 Participants'!$G$8:$G$31,MATCH($B21,'👥 Participants'!$B$8:$B$31,0)),"")=$E21),"LastYear ","")&IF(COUNTIFS('🚫 Exclusions & Rules'!$B$8:$B$23,$B21,'🚫 Exclusions & Rules'!$C$8:$C$23,$E21)>0,"Custom ",""))="","✅ OK",TRIM(IF($E21=$B21,"Self ","")&IF(AND(CoupleRule="On",IFERROR(INDEX('👥 Participants'!$D$8:$D$31,MATCH($B21,'👥 Participants'!$B$8:$B$31,0)),"")<>"",INDEX('👥 Participants'!$D$8:$D$31,MATCH($B21,'👥 Participants'!$B$8:$B$31,0))=INDEX('👥 Participants'!$D$8:$D$31,MATCH($E21,'👥 Participants'!$B$8:$B$31,0))),"Couple ","")&IF(AND(TeamRule="On",IFERROR(INDEX('👥 Participants'!$C$8:$C$31,MATCH($B21,'👥 Participants'!$B$8:$B$31,0)),"")<>"",INDEX('👥 Participants'!$C$8:$C$31,MATCH($B21,'👥 Participants'!$B$8:$B$31,0))=INDEX('👥 Participants'!$C$8:$C$31,MATCH($E21,'👥 Participants'!$B$8:$B$31,0))),"Team ","")&IF(AND(LastYearRule="On",IFERROR(INDEX('👥 Participants'!$G$8:$G$31,MATCH($B21,'👥 Participants'!$B$8:$B$31,0)),"")=$E21),"LastYear ","")&IF(COUNTIFS('🚫 Exclusions & Rules'!$B$8:$B$23,$B21,'🚫 Exclusions & Rules'!$C$8:$C$23,$E21)>0,"Custom ","")))) | G21: =IF($B21="","",INDEX('👥 Participants'!$H$8:$H$31,MATCH($B21,'👥 Participants'!$B$8:$B$31,0)))
A22: 15 | B22: =IF('👥 Participants'!$B$22="","",'👥 Participants'!$B$22) | C22: =IF($B22="","",INDEX('👥 Participants'!$B$8:$B$31,MOD($A22-1+MOD(DrawSeed-1,MAX(1,COUNTA('👥 Participants'!$B$8:$B$31)-1)),COUNTA('👥 Participants'!$B$8:$B$31))+1)) | E22: =IF($B22="","",IF($D22<>"",$D22,$C22)) | F22: =IF($E22="","",IF(TRIM(IF($E22=$B22,"Self ","")&IF(AND(CoupleRule="On",IFERROR(INDEX('👥 Participants'!$D$8:$D$31,MATCH($B22,'👥 Participants'!$B$8:$B$31,0)),"")<>"",INDEX('👥 Participants'!$D$8:$D$31,MATCH($B22,'👥 Participants'!$B$8:$B$31,0))=INDEX('👥 Participants'!$D$8:$D$31,MATCH($E22,'👥 Participants'!$B$8:$B$31,0))),"Couple ","")&IF(AND(TeamRule="On",IFERROR(INDEX('👥 Participants'!$C$8:$C$31,MATCH($B22,'👥 Participants'!$B$8:$B$31,0)),"")<>"",INDEX('👥 Participants'!$C$8:$C$31,MATCH($B22,'👥 Participants'!$B$8:$B$31,0))=INDEX('👥 Participants'!$C$8:$C$31,MATCH($E22,'👥 Participants'!$B$8:$B$31,0))),"Team ","")&IF(AND(LastYearRule="On",IFERROR(INDEX('👥 Participants'!$G$8:$G$31,MATCH($B22,'👥 Participants'!$B$8:$B$31,0)),"")=$E22),"LastYear ","")&IF(COUNTIFS('🚫 Exclusions & Rules'!$B$8:$B$23,$B22,'🚫 Exclusions & Rules'!$C$8:$C$23,$E22)>0,"Custom ",""))="","✅ OK",TRIM(IF($E22=$B22,"Self ","")&IF(AND(CoupleRule="On",IFERROR(INDEX('👥 Participants'!$D$8:$D$31,MATCH($B22,'👥 Participants'!$B$8:$B$31,0)),"")<>"",INDEX('👥 Participants'!$D$8:$D$31,MATCH($B22,'👥 Participants'!$B$8:$B$31,0))=INDEX('👥 Participants'!$D$8:$D$31,MATCH($E22,'👥 Participants'!$B$8:$B$31,0))),"Couple ","")&IF(AND(TeamRule="On",IFERROR(INDEX('👥 Participants'!$C$8:$C$31,MATCH($B22,'👥 Participants'!$B$8:$B$31,0)),"")<>"",INDEX('👥 Participants'!$C$8:$C$31,MATCH($B22,'👥 Participants'!$B$8:$B$31,0))=INDEX('👥 Participants'!$C$8:$C$31,MATCH($E22,'👥 Participants'!$B$8:$B$31,0))),"Team ","")&IF(AND(LastYearRule="On",IFERROR(INDEX('👥 Participants'!$G$8:$G$31,MATCH($B22,'👥 Participants'!$B$8:$B$31,0)),"")=$E22),"LastYear ","")&IF(COUNTIFS('🚫 Exclusions & Rules'!$B$8:$B$23,$B22,'🚫 Exclusions & Rules'!$C$8:$C$23,$E22)>0,"Custom ","")))) | G22: =IF($B22="","",INDEX('👥 Participants'!$H$8:$H$31,MATCH($B22,'👥 Participants'!$B$8:$B$31,0)))
A23: 16 | B23: =IF('👥 Participants'!$B$23="","",'👥 Participants'!$B$23) | C23: =IF($B23="","",INDEX('👥 Participants'!$B$8:$B$31,MOD($A23-1+MOD(DrawSeed-1,MAX(1,COUNTA('👥 Participants'!$B$8:$B$31)-1)),COUNTA('👥 Participants'!$B$8:$B$31))+1)) | E23: =IF($B23="","",IF($D23<>"",$D23,$C23)) | F23: =IF($E23="","",IF(TRIM(IF($E23=$B23,"Self ","")&IF(AND(CoupleRule="On",IFERROR(INDEX('👥 Participants'!$D$8:$D$31,MATCH($B23,'👥 Participants'!$B$8:$B$31,0)),"")<>"",INDEX('👥 Participants'!$D$8:$D$31,MATCH($B23,'👥 Participants'!$B$8:$B$31,0))=INDEX('👥 Participants'!$D$8:$D$31,MATCH($E23,'👥 Participants'!$B$8:$B$31,0))),"Couple ","")&IF(AND(TeamRule="On",IFERROR(INDEX('👥 Participants'!$C$8:$C$31,MATCH($B23,'👥 Participants'!$B$8:$B$31,0)),"")<>"",INDEX('👥 Participants'!$C$8:$C$31,MATCH($B23,'👥 Participants'!$B$8:$B$31,0))=INDEX('👥 Participants'!$C$8:$C$31,MATCH($E23,'👥 Participants'!$B$8:$B$31,0))),"Team ","")&IF(AND(LastYearRule="On",IFERROR(INDEX('👥 Participants'!$G$8:$G$31,MATCH($B23,'👥 Participants'!$B$8:$B$31,0)),"")=$E23),"LastYear ","")&IF(COUNTIFS('🚫 Exclusions & Rules'!$B$8:$B$23,$B23,'🚫 Exclusions & Rules'!$C$8:$C$23,$E23)>0,"Custom ",""))="","✅ OK",TRIM(IF($E23=$B23,"Self ","")&IF(AND(CoupleRule="On",IFERROR(INDEX('👥 Participants'!$D$8:$D$31,MATCH($B23,'👥 Participants'!$B$8:$B$31,0)),"")<>"",INDEX('👥 Participants'!$D$8:$D$31,MATCH($B23,'👥 Participants'!$B$8:$B$31,0))=INDEX('👥 Participants'!$D$8:$D$31,MATCH($E23,'👥 Participants'!$B$8:$B$31,0))),"Couple ","")&IF(AND(TeamRule="On",IFERROR(INDEX('👥 Participants'!$C$8:$C$31,MATCH($B23,'👥 Participants'!$B$8:$B$31,0)),"")<>"",INDEX('👥 Participants'!$C$8:$C$31,MATCH($B23,'👥 Participants'!$B$8:$B$31,0))=INDEX('👥 Participants'!$C$8:$C$31,MATCH($E23,'👥 Participants'!$B$8:$B$31,0))),"Team ","")&IF(AND(LastYearRule="On",IFERROR(INDEX('👥 Participants'!$G$8:$G$31,MATCH($B23,'👥 Participants'!$B$8:$B$31,0)),"")=$E23),"LastYear ","")&IF(COUNTIFS('🚫 Exclusions & Rules'!$B$8:$B$23,$B23,'🚫 Exclusions & Rules'!$C$8:$C$23,$E23)>0,"Custom ","")))) | G23: =IF($B23="","",INDEX('👥 Participants'!$H$8:$H$31,MATCH($B23,'👥 Participants'!$B$8:$B$31,0)))
A24: 17 | B24: =IF('👥 Participants'!$B$24="","",'👥 Participants'!$B$24) | C24: =IF($B24="","",INDEX('👥 Participants'!$B$8:$B$31,MOD($A24-1+MOD(DrawSeed-1,MAX(1,COUNTA('👥 Participants'!$B$8:$B$31)-1)),COUNTA('👥 Participants'!$B$8:$B$31))+1)) | E24: =IF($B24="","",IF($D24<>"",$D24,$C24)) | F24: =IF($E24="","",IF(TRIM(IF($E24=$B24,"Self ","")&IF(AND(CoupleRule="On",IFERROR(INDEX('👥 Participants'!$D$8:$D$31,MATCH($B24,'👥 Participants'!$B$8:$B$31,0)),"")<>"",INDEX('👥 Participants'!$D$8:$D$31,MATCH($B24,'👥 Participants'!$B$8:$B$31,0))=INDEX('👥 Participants'!$D$8:$D$31,MATCH($E24,'👥 Participants'!$B$8:$B$31,0))),"Couple ","")&IF(AND(TeamRule="On",IFERROR(INDEX('👥 Participants'!$C$8:$C$31,MATCH($B24,'👥 Participants'!$B$8:$B$31,0)),"")<>"",INDEX('👥 Participants'!$C$8:$C$31,MATCH($B24,'👥 Participants'!$B$8:$B$31,0))=INDEX('👥 Participants'!$C$8:$C$31,MATCH($E24,'👥 Participants'!$B$8:$B$31,0))),"Team ","")&IF(AND(LastYearRule="On",IFERROR(INDEX('👥 Participants'!$G$8:$G$31,MATCH($B24,'👥 Participants'!$B$8:$B$31,0)),"")=$E24),"LastYear ","")&IF(COUNTIFS('🚫 Exclusions & Rules'!$B$8:$B$23,$B24,'🚫 Exclusions & Rules'!$C$8:$C$23,$E24)>0,"Custom ",""))="","✅ OK",TRIM(IF($E24=$B24,"Self ","")&IF(AND(CoupleRule="On",IFERROR(INDEX('👥 Participants'!$D$8:$D$31,MATCH($B24,'👥 Participants'!$B$8:$B$31,0)),"")<>"",INDEX('👥 Participants'!$D$8:$D$31,MATCH($B24,'👥 Participants'!$B$8:$B$31,0))=INDEX('👥 Participants'!$D$8:$D$31,MATCH($E24,'👥 Participants'!$B$8:$B$31,0))),"Couple ","")&IF(AND(TeamRule="On",IFERROR(INDEX('👥 Participants'!$C$8:$C$31,MATCH($B24,'👥 Participants'!$B$8:$B$31,0)),"")<>"",INDEX('👥 Participants'!$C$8:$C$31,MATCH($B24,'👥 Participants'!$B$8:$B$31,0))=INDEX('👥 Participants'!$C$8:$C$31,MATCH($E24,'👥 Participants'!$B$8:$B$31,0))),"Team ","")&IF(AND(LastYearRule="On",IFERROR(INDEX('👥 Participants'!$G$8:$G$31,MATCH($B24,'👥 Participants'!$B$8:$B$31,0)),"")=$E24),"LastYear ","")&IF(COUNTIFS('🚫 Exclusions & Rules'!$B$8:$B$23,$B24,'🚫 Exclusions & Rules'!$C$8:$C$23,$E24)>0,"Custom ","")))) | G24: =IF($B24="","",INDEX('👥 Participants'!$H$8:$H$31,MATCH($B24,'👥 Participants'!$B$8:$B$31,0)))
A25: 18 | B25: =IF('👥 Participants'!$B$25="","",'👥 Participants'!$B$25) | C25: =IF($B25="","",INDEX('👥 Participants'!$B$8:$B$31,MOD($A25-1+MOD(DrawSeed-1,MAX(1,COUNTA('👥 Participants'!$B$8:$B$31)-1)),COUNTA('👥 Participants'!$B$8:$B$31))+1)) | E25: =IF($B25="","",IF($D25<>"",$D25,$C25)) | F25: =IF($E25="","",IF(TRIM(IF($E25=$B25,"Self ","")&IF(AND(CoupleRule="On",IFERROR(INDEX('👥 Participants'!$D$8:$D$31,MATCH($B25,'👥 Participants'!$B$8:$B$31,0)),"")<>"",INDEX('👥 Participants'!$D$8:$D$31,MATCH($B25,'👥 Participants'!$B$8:$B$31,0))=INDEX('👥 Participants'!$D$8:$D$31,MATCH($E25,'👥 Participants'!$B$8:$B$31,0))),"Couple ","")&IF(AND(TeamRule="On",IFERROR(INDEX('👥 Participants'!$C$8:$C$31,MATCH($B25,'👥 Participants'!$B$8:$B$31,0)),"")<>"",INDEX('👥 Participants'!$C$8:$C$31,MATCH($B25,'👥 Participants'!$B$8:$B$31,0))=INDEX('👥 Participants'!$C$8:$C$31,MATCH($E25,'👥 Participants'!$B$8:$B$31,0))),"Team ","")&IF(AND(LastYearRule="On",IFERROR(INDEX('👥 Participants'!$G$8:$G$31,MATCH($B25,'👥 Participants'!$B$8:$B$31,0)),"")=$E25),"LastYear ","")&IF(COUNTIFS('🚫 Exclusions & Rules'!$B$8:$B$23,$B25,'🚫 Exclusions & Rules'!$C$8:$C$23,$E25)>0,"Custom ",""))="","✅ OK",TRIM(IF($E25=$B25,"Self ","")&IF(AND(CoupleRule="On",IFERROR(INDEX('👥 Participants'!$D$8:$D$31,MATCH($B25,'👥 Participants'!$B$8:$B$31,0)),"")<>"",INDEX('👥 Participants'!$D$8:$D$31,MATCH($B25,'👥 Participants'!$B$8:$B$31,0))=INDEX('👥 Participants'!$D$8:$D$31,MATCH($E25,'👥 Participants'!$B$8:$B$31,0))),"Couple ","")&IF(AND(TeamRule="On",IFERROR(INDEX('👥 Participants'!$C$8:$C$31,MATCH($B25,'👥 Participants'!$B$8:$B$31,0)),"")<>"",INDEX('👥 Participants'!$C$8:$C$31,MATCH($B25,'👥 Participants'!$B$8:$B$31,0))=INDEX('👥 Participants'!$C$8:$C$31,MATCH($E25,'👥 Participants'!$B$8:$B$31,0))),"Team ","")&IF(AND(LastYearRule="On",IFERROR(INDEX('👥 Participants'!$G$8:$G$31,MATCH($B25,'👥 Participants'!$B$8:$B$31,0)),"")=$E25),"LastYear ","")&IF(COUNTIFS('🚫 Exclusions & Rules'!$B$8:$B$23,$B25,'🚫 Exclusions & Rules'!$C$8:$C$23,$E25)>0,"Custom ","")))) | G25: =IF($B25="","",INDEX('👥 Participants'!$H$8:$H$31,MATCH($B25,'👥 Participants'!$B$8:$B$31,0)))
A26: 19 | B26: =IF('👥 Participants'!$B$26="","",'👥 Participants'!$B$26) | C26: =IF($B26="","",INDEX('👥 Participants'!$B$8:$B$31,MOD($A26-1+MOD(DrawSeed-1,MAX(1,COUNTA('👥 Participants'!$B$8:$B$31)-1)),COUNTA('👥 Participants'!$B$8:$B$31))+1)) | E26: =IF($B26="","",IF($D26<>"",$D26,$C26)) | F26: =IF($E26="","",IF(TRIM(IF($E26=$B26,"Self ","")&IF(AND(CoupleRule="On",IFERROR(INDEX('👥 Participants'!$D$8:$D$31,MATCH($B26,'👥 Participants'!$B$8:$B$31,0)),"")<>"",INDEX('👥 Participants'!$D$8:$D$31,MATCH($B26,'👥 Participants'!$B$8:$B$31,0))=INDEX('👥 Participants'!$D$8:$D$31,MATCH($E26,'👥 Participants'!$B$8:$B$31,0))),"Couple ","")&IF(AND(TeamRule="On",IFERROR(INDEX('👥 Participants'!$C$8:$C$31,MATCH($B26,'👥 Participants'!$B$8:$B$31,0)),"")<>"",INDEX('👥 Participants'!$C$8:$C$31,MATCH($B26,'👥 Participants'!$B$8:$B$31,0))=INDEX('👥 Participants'!$C$8:$C$31,MATCH($E26,'👥 Participants'!$B$8:$B$31,0))),"Team ","")&IF(AND(LastYearRule="On",IFERROR(INDEX('👥 Participants'!$G$8:$G$31,MATCH($B26,'👥 Participants'!$B$8:$B$31,0)),"")=$E26),"LastYear ","")&IF(COUNTIFS('🚫 Exclusions & Rules'!$B$8:$B$23,$B26,'🚫 Exclusions & Rules'!$C$8:$C$23,$E26)>0,"Custom ",""))="","✅ OK",TRIM(IF($E26=$B26,"Self ","")&IF(AND(CoupleRule="On",IFERROR(INDEX('👥 Participants'!$D$8:$D$31,MATCH($B26,'👥 Participants'!$B$8:$B$31,0)),"")<>"",INDEX('👥 Participants'!$D$8:$D$31,MATCH($B26,'👥 Participants'!$B$8:$B$31,0))=INDEX('👥 Participants'!$D$8:$D$31,MATCH($E26,'👥 Participants'!$B$8:$B$31,0))),"Couple ","")&IF(AND(TeamRule="On",IFERROR(INDEX('👥 Participants'!$C$8:$C$31,MATCH($B26,'👥 Participants'!$B$8:$B$31,0)),"")<>"",INDEX('👥 Participants'!$C$8:$C$31,MATCH($B26,'👥 Participants'!$B$8:$B$31,0))=INDEX('👥 Participants'!$C$8:$C$31,MATCH($E26,'👥 Participants'!$B$8:$B$31,0))),"Team ","")&IF(AND(LastYearRule="On",IFERROR(INDEX('👥 Participants'!$G$8:$G$31,MATCH($B26,'👥 Participants'!$B$8:$B$31,0)),"")=$E26),"LastYear ","")&IF(COUNTIFS('🚫 Exclusions & Rules'!$B$8:$B$23,$B26,'🚫 Exclusions & Rules'!$C$8:$C$23,$E26)>0,"Custom ","")))) | G26: =IF($B26="","",INDEX('👥 Participants'!$H$8:$H$31,MATCH($B26,'👥 Participants'!$B$8:$B$31,0)))
A27: 20 | B27: =IF('👥 Participants'!$B$27="","",'👥 Participants'!$B$27) | C27: =IF($B27="","",INDEX('👥 Participants'!$B$8:$B$31,MOD($A27-1+MOD(DrawSeed-1,MAX(1,COUNTA('👥 Participants'!$B$8:$B$31)-1)),COUNTA('👥 Participants'!$B$8:$B$31))+1)) | E27: =IF($B27="","",IF($D27<>"",$D27,$C27)) | F27: =IF($E27="","",IF(TRIM(IF($E27=$B27,"Self ","")&IF(AND(CoupleRule="On",IFERROR(INDEX('👥 Participants'!$D$8:$D$31,MATCH($B27,'👥 Participants'!$B$8:$B$31,0)),"")<>"",INDEX('👥 Participants'!$D$8:$D$31,MATCH($B27,'👥 Participants'!$B$8:$B$31,0))=INDEX('👥 Participants'!$D$8:$D$31,MATCH($E27,'👥 Participants'!$B$8:$B$31,0))),"Couple ","")&IF(AND(TeamRule="On",IFERROR(INDEX('👥 Participants'!$C$8:$C$31,MATCH($B27,'👥 Participants'!$B$8:$B$31,0)),"")<>"",INDEX('👥 Participants'!$C$8:$C$31,MATCH($B27,'👥 Participants'!$B$8:$B$31,0))=INDEX('👥 Participants'!$C$8:$C$31,MATCH($E27,'👥 Participants'!$B$8:$B$31,0))),"Team ","")&IF(AND(LastYearRule="On",IFERROR(INDEX('👥 Participants'!$G$8:$G$31,MATCH($B27,'👥 Participants'!$B$8:$B$31,0)),"")=$E27),"LastYear ","")&IF(COUNTIFS('🚫 Exclusions & Rules'!$B$8:$B$23,$B27,'🚫 Exclusions & Rules'!$C$8:$C$23,$E27)>0,"Custom ",""))="","✅ OK",TRIM(IF($E27=$B27,"Self ","")&IF(AND(CoupleRule="On",IFERROR(INDEX('👥 Participants'!$D$8:$D$31,MATCH($B27,'👥 Participants'!$B$8:$B$31,0)),"")<>"",INDEX('👥 Participants'!$D$8:$D$31,MATCH($B27,'👥 Participants'!$B$8:$B$31,0))=INDEX('👥 Participants'!$D$8:$D$31,MATCH($E27,'👥 Participants'!$B$8:$B$31,0))),"Couple ","")&IF(AND(TeamRule="On",IFERROR(INDEX('👥 Participants'!$C$8:$C$31,MATCH($B27,'👥 Participants'!$B$8:$B$31,0)),"")<>"",INDEX('👥 Participants'!$C$8:$C$31,MATCH($B27,'👥 Participants'!$B$8:$B$31,0))=INDEX('👥 Participants'!$C$8:$C$31,MATCH($E27,'👥 Participants'!$B$8:$B$31,0))),"Team ","")&IF(AND(LastYearRule="On",IFERROR(INDEX('👥 Participants'!$G$8:$G$31,MATCH($B27,'👥 Participants'!$B$8:$B$31,0)),"")=$E27),"LastYear ","")&IF(COUNTIFS('🚫 Exclusions & Rules'!$B$8:$B$23,$B27,'🚫 Exclusions & Rules'!$C$8:$C$23,$E27)>0,"Custom ","")))) | G27: =IF($B27="","",INDEX('👥 Participants'!$H$8:$H$31,MATCH($B27,'👥 Participants'!$B$8:$B$31,0)))
A28: 21 | B28: =IF('👥 Participants'!$B$28="","",'👥 Participants'!$B$28) | C28: =IF($B28="","",INDEX('👥 Participants'!$B$8:$B$31,MOD($A28-1+MOD(DrawSeed-1,MAX(1,COUNTA('👥 Participants'!$B$8:$B$31)-1)),COUNTA('👥 Participants'!$B$8:$B$31))+1)) | E28: =IF($B28="","",IF($D28<>"",$D28,$C28)) | F28: =IF($E28="","",IF(TRIM(IF($E28=$B28,"Self ","")&IF(AND(CoupleRule="On",IFERROR(INDEX('👥 Participants'!$D$8:$D$31,MATCH($B28,'👥 Participants'!$B$8:$B$31,0)),"")<>"",INDEX('👥 Participants'!$D$8:$D$31,MATCH($B28,'👥 Participants'!$B$8:$B$31,0))=INDEX('👥 Participants'!$D$8:$D$31,MATCH($E28,'👥 Participants'!$B$8:$B$31,0))),"Couple ","")&IF(AND(TeamRule="On",IFERROR(INDEX('👥 Participants'!$C$8:$C$31,MATCH($B28,'👥 Participants'!$B$8:$B$31,0)),"")<>"",INDEX('👥 Participants'!$C$8:$C$31,MATCH($B28,'👥 Participants'!$B$8:$B$31,0))=INDEX('👥 Participants'!$C$8:$C$31,MATCH($E28,'👥 Participants'!$B$8:$B$31,0))),"Team ","")&IF(AND(LastYearRule="On",IFERROR(INDEX('👥 Participants'!$G$8:$G$31,MATCH($B28,'👥 Participants'!$B$8:$B$31,0)),"")=$E28),"LastYear ","")&IF(COUNTIFS('🚫 Exclusions & Rules'!$B$8:$B$23,$B28,'🚫 Exclusions & Rules'!$C$8:$C$23,$E28)>0,"Custom ",""))="","✅ OK",TRIM(IF($E28=$B28,"Self ","")&IF(AND(CoupleRule="On",IFERROR(INDEX('👥 Participants'!$D$8:$D$31,MATCH($B28,'👥 Participants'!$B$8:$B$31,0)),"")<>"",INDEX('👥 Participants'!$D$8:$D$31,MATCH($B28,'👥 Participants'!$B$8:$B$31,0))=INDEX('👥 Participants'!$D$8:$D$31,MATCH($E28,'👥 Participants'!$B$8:$B$31,0))),"Couple ","")&IF(AND(TeamRule="On",IFERROR(INDEX('👥 Participants'!$C$8:$C$31,MATCH($B28,'👥 Participants'!$B$8:$B$31,0)),"")<>"",INDEX('👥 Participants'!$C$8:$C$31,MATCH($B28,'👥 Participants'!$B$8:$B$31,0))=INDEX('👥 Participants'!$C$8:$C$31,MATCH($E28,'👥 Participants'!$B$8:$B$31,0))),"Team ","")&IF(AND(LastYearRule="On",IFERROR(INDEX('👥 Participants'!$G$8:$G$31,MATCH($B28,'👥 Participants'!$B$8:$B$31,0)),"")=$E28),"LastYear ","")&IF(COUNTIFS('🚫 Exclusions & Rules'!$B$8:$B$23,$B28,'🚫 Exclusions & Rules'!$C$8:$C$23,$E28)>0,"Custom ","")))) | G28: =IF($B28="","",INDEX('👥 Participants'!$H$8:$H$31,MATCH($B28,'👥 Participants'!$B$8:$B$31,0)))
A29: 22 | B29: =IF('👥 Participants'!$B$29="","",'👥 Participants'!$B$29) | C29: =IF($B29="","",INDEX('👥 Participants'!$B$8:$B$31,MOD($A29-1+MOD(DrawSeed-1,MAX(1,COUNTA('👥 Participants'!$B$8:$B$31)-1)),COUNTA('👥 Participants'!$B$8:$B$31))+1)) | E29: =IF($B29="","",IF($D29<>"",$D29,$C29)) | F29: =IF($E29="","",IF(TRIM(IF($E29=$B29,"Self ","")&IF(AND(CoupleRule="On",IFERROR(INDEX('👥 Participants'!$D$8:$D$31,MATCH($B29,'👥 Participants'!$B$8:$B$31,0)),"")<>"",INDEX('👥 Participants'!$D$8:$D$31,MATCH($B29,'👥 Participants'!$B$8:$B$31,0))=INDEX('👥 Participants'!$D$8:$D$31,MATCH($E29,'👥 Participants'!$B$8:$B$31,0))),"Couple ","")&IF(AND(TeamRule="On",IFERROR(INDEX('👥 Participants'!$C$8:$C$31,MATCH($B29,'👥 Participants'!$B$8:$B$31,0)),"")<>"",INDEX('👥 Participants'!$C$8:$C$31,MATCH($B29,'👥 Participants'!$B$8:$B$31,0))=INDEX('👥 Participants'!$C$8:$C$31,MATCH($E29,'👥 Participants'!$B$8:$B$31,0))),"Team ","")&IF(AND(LastYearRule="On",IFERROR(INDEX('👥 Participants'!$G$8:$G$31,MATCH($B29,'👥 Participants'!$B$8:$B$31,0)),"")=$E29),"LastYear ","")&IF(COUNTIFS('🚫 Exclusions & Rules'!$B$8:$B$23,$B29,'🚫 Exclusions & Rules'!$C$8:$C$23,$E29)>0,"Custom ",""))="","✅ OK",TRIM(IF($E29=$B29,"Self ","")&IF(AND(CoupleRule="On",IFERROR(INDEX('👥 Participants'!$D$8:$D$31,MATCH($B29,'👥 Participants'!$B$8:$B$31,0)),"")<>"",INDEX('👥 Participants'!$D$8:$D$31,MATCH($B29,'👥 Participants'!$B$8:$B$31,0))=INDEX('👥 Participants'!$D$8:$D$31,MATCH($E29,'👥 Participants'!$B$8:$B$31,0))),"Couple ","")&IF(AND(TeamRule="On",IFERROR(INDEX('👥 Participants'!$C$8:$C$31,MATCH($B29,'👥 Participants'!$B$8:$B$31,0)),"")<>"",INDEX('👥 Participants'!$C$8:$C$31,MATCH($B29,'👥 Participants'!$B$8:$B$31,0))=INDEX('👥 Participants'!$C$8:$C$31,MATCH($E29,'👥 Participants'!$B$8:$B$31,0))),"Team ","")&IF(AND(LastYearRule="On",IFERROR(INDEX('👥 Participants'!$G$8:$G$31,MATCH($B29,'👥 Participants'!$B$8:$B$31,0)),"")=$E29),"LastYear ","")&IF(COUNTIFS('🚫 Exclusions & Rules'!$B$8:$B$23,$B29,'🚫 Exclusions & Rules'!$C$8:$C$23,$E29)>0,"Custom ","")))) | G29: =IF($B29="","",INDEX('👥 Participants'!$H$8:$H$31,MATCH($B29,'👥 Participants'!$B$8:$B$31,0)))
A30: 23 | B30: =IF('👥 Participants'!$B$30="","",'👥 Participants'!$B$30) | C30: =IF($B30="","",INDEX('👥 Participants'!$B$8:$B$31,MOD($A30-1+MOD(DrawSeed-1,MAX(1,COUNTA('👥 Participants'!$B$8:$B$31)-1)),COUNTA('👥 Participants'!$B$8:$B$31))+1)) | E30: =IF($B30="","",IF($D30<>"",$D30,$C30)) | F30: =IF($E30="","",IF(TRIM(IF($E30=$B30,"Self ","")&IF(AND(CoupleRule="On",IFERROR(INDEX('👥 Participants'!$D$8:$D$31,MATCH($B30,'👥 Participants'!$B$8:$B$31,0)),"")<>"",INDEX('👥 Participants'!$D$8:$D$31,MATCH($B30,'👥 Participants'!$B$8:$B$31,0))=INDEX('👥 Participants'!$D$8:$D$31,MATCH($E30,'👥 Participants'!$B$8:$B$31,0))),"Couple ","")&IF(AND(TeamRule="On",IFERROR(INDEX('👥 Participants'!$C$8:$C$31,MATCH($B30,'👥 Participants'!$B$8:$B$31,0)),"")<>"",INDEX('👥 Participants'!$C$8:$C$31,MATCH($B30,'👥 Participants'!$B$8:$B$31,0))=INDEX('👥 Participants'!$C$8:$C$31,MATCH($E30,'👥 Participants'!$B$8:$B$31,0))),"Team ","")&IF(AND(LastYearRule="On",IFERROR(INDEX('👥 Participants'!$G$8:$G$31,MATCH($B30,'👥 Participants'!$B$8:$B$31,0)),"")=$E30),"LastYear ","")&IF(COUNTIFS('🚫 Exclusions & Rules'!$B$8:$B$23,$B30,'🚫 Exclusions & Rules'!$C$8:$C$23,$E30)>0,"Custom ",""))="","✅ OK",TRIM(IF($E30=$B30,"Self ","")&IF(AND(CoupleRule="On",IFERROR(INDEX('👥 Participants'!$D$8:$D$31,MATCH($B30,'👥 Participants'!$B$8:$B$31,0)),"")<>"",INDEX('👥 Participants'!$D$8:$D$31,MATCH($B30,'👥 Participants'!$B$8:$B$31,0))=INDEX('👥 Participants'!$D$8:$D$31,MATCH($E30,'👥 Participants'!$B$8:$B$31,0))),"Couple ","")&IF(AND(TeamRule="On",IFERROR(INDEX('👥 Participants'!$C$8:$C$31,MATCH($B30,'👥 Participants'!$B$8:$B$31,0)),"")<>"",INDEX('👥 Participants'!$C$8:$C$31,MATCH($B30,'👥 Participants'!$B$8:$B$31,0))=INDEX('👥 Participants'!$C$8:$C$31,MATCH($E30,'👥 Participants'!$B$8:$B$31,0))),"Team ","")&IF(AND(LastYearRule="On",IFERROR(INDEX('👥 Participants'!$G$8:$G$31,MATCH($B30,'👥 Participants'!$B$8:$B$31,0)),"")=$E30),"LastYear ","")&IF(COUNTIFS('🚫 Exclusions & Rules'!$B$8:$B$23,$B30,'🚫 Exclusions & Rules'!$C$8:$C$23,$E30)>0,"Custom ","")))) | G30: =IF($B30="","",INDEX('👥 Participants'!$H$8:$H$31,MATCH($B30,'👥 Participants'!$B$8:$B$31,0)))
A31: 24 | B31: =IF('👥 Participants'!$B$31="","",'👥 Participants'!$B$31) | C31: =IF($B31="","",INDEX('👥 Participants'!$B$8:$B$31,MOD($A31-1+MOD(DrawSeed-1,MAX(1,COUNTA('👥 Participants'!$B$8:$B$31)-1)),COUNTA('👥 Participants'!$B$8:$B$31))+1)) | E31: =IF($B31="","",IF($D31<>"",$D31,$C31)) | F31: =IF($E31="","",IF(TRIM(IF($E31=$B31,"Self ","")&IF(AND(CoupleRule="On",IFERROR(INDEX('👥 Participants'!$D$8:$D$31,MATCH($B31,'👥 Participants'!$B$8:$B$31,0)),"")<>"",INDEX('👥 Participants'!$D$8:$D$31,MATCH($B31,'👥 Participants'!$B$8:$B$31,0))=INDEX('👥 Participants'!$D$8:$D$31,MATCH($E31,'👥 Participants'!$B$8:$B$31,0))),"Couple ","")&IF(AND(TeamRule="On",IFERROR(INDEX('👥 Participants'!$C$8:$C$31,MATCH($B31,'👥 Participants'!$B$8:$B$31,0)),"")<>"",INDEX('👥 Participants'!$C$8:$C$31,MATCH($B31,'👥 Participants'!$B$8:$B$31,0))=INDEX('👥 Participants'!$C$8:$C$31,MATCH($E31,'👥 Participants'!$B$8:$B$31,0))),"Team ","")&IF(AND(LastYearRule="On",IFERROR(INDEX('👥 Participants'!$G$8:$G$31,MATCH($B31,'👥 Participants'!$B$8:$B$31,0)),"")=$E31),"LastYear ","")&IF(COUNTIFS('🚫 Exclusions & Rules'!$B$8:$B$23,$B31,'🚫 Exclusions & Rules'!$C$8:$C$23,$E31)>0,"Custom ",""))="","✅ OK",TRIM(IF($E31=$B31,"Self ","")&IF(AND(CoupleRule="On",IFERROR(INDEX('👥 Participants'!$D$8:$D$31,MATCH($B31,'👥 Participants'!$B$8:$B$31,0)),"")<>"",INDEX('👥 Participants'!$D$8:$D$31,MATCH($B31,'👥 Participants'!$B$8:$B$31,0))=INDEX('👥 Participants'!$D$8:$D$31,MATCH($E31,'👥 Participants'!$B$8:$B$31,0))),"Couple ","")&IF(AND(TeamRule="On",IFERROR(INDEX('👥 Participants'!$C$8:$C$31,MATCH($B31,'👥 Participants'!$B$8:$B$31,0)),"")<>"",INDEX('👥 Participants'!$C$8:$C$31,MATCH($B31,'👥 Participants'!$B$8:$B$31,0))=INDEX('👥 Participants'!$C$8:$C$31,MATCH($E31,'👥 Participants'!$B$8:$B$31,0))),"Team ","")&IF(AND(LastYearRule="On",IFERROR(INDEX('👥 Participants'!$G$8:$G$31,MATCH($B31,'👥 Participants'!$B$8:$B$31,0)),"")=$E31),"LastYear ","")&IF(COUNTIFS('🚫 Exclusions & Rules'!$B$8:$B$23,$B31,'🚫 Exclusions & Rules'!$C$8:$C$23,$E31)>0,"Custom ","")))) | G31: =IF($B31="","",INDEX('👥 Participants'!$H$8:$H$31,MATCH($B31,'👥 Participants'!$B$8:$B$31,0)))
B33: 🷑 DRAW CONTROLS
B34: Draw seed (change to re-draw) | D34: =DrawSeed -> 5 | E34: Draw status | G34: =DrawStatus -> Final — locked 🔒
B36: 🕵️ PRIVATE LOOKUP - type a name, see only their recipient
B37: I am... | F37: =IF($C37="","Type your name to peek at your recipient…",IFERROR("🎅 You are drawing: "&INDEX($E$8:$E$31,MATCH($C37,$B$8:$B$31,0))&" • budget "&Currency&TEXT(BudgetMin,"#,##0")&"–"&Currency&TEXT(BudgetMax,"#,##0")&" • "&TEXT(PartyDate,"dd mmm yyyy")&" — tell no one!","Name not found - check the spelling on 👥 Participants."))
B39: 💡 Re-draw: unlock the sheet (password “premium”), change the seed, re-protect. Overrides beat the auto-draw pair by pair.
B41: Settings | D41: Dashboard | F41: People
B42: ▶ Draw | D42: Rules | F42: Budget
B43: Wishlists | D43: White Elephant | F43: History
B44: Cards | D44: Start Here

Sheet 🚫 Exclusions & Rules
B5: ="🚫 Rules armed: "&'_Data'!$AI$12 -> Rules armed: 4 | F5: ="⚠️ Draw violations: "&'_Data'!$AI$19 -> Draw violations: 0 | J5: ="✍️ Custom pairs: "&SUMPRODUCT(--($B$15:$B$30<>"")) -> Custom pairs: 2
B7: 🎛️ HOUSE RULES
B8: Couples / households cannot draw each other | D8: On
B9: Same team / department cannot draw each other | D9: Off
B10: No repeat of last year's pairing | D10: On
B11: ⛔ (Self-draws are always impossible - the draw is a closed cycle.)
B13: ✍️ CUSTOM NO-PAIR RULES
A14: # | B14: This person… | C14: …must never draw | D14: Why
A15: 1 | B15: Jack Byrne | C15: Leo Fontaine | D15: Espresso-machine feud of 2025
A16: 2 | B16: Kia Osei | C16: Ben Carter | D16: Last year's regrettable candle
A17: 3
A18: 4
A19: 5
A20: 6
A21: 7
A22: 8
A23: 9
A24: 10
A25: 11
A26: 12
A27: 13
A28: 14
... A30: 16
B37: 📐 HOW VALIDATION WORKS
B38: Every rule you arm here is checked live on the 🎅 Secret Santa Draw tab - any offending pair shows exactly which rule it breaks (Self / Couple / Team / LastYear / Custom). Fix a flagged pair with a manual override on the Draw tab, or re-draw with a new seed until the board is clean.
B41: 💡 Cream cells are yours to type in; white cells calculate. Dropdowns keep every column honest.
B43: Settings
B44: Dashboard
B45: People
B46: Draw
B47: ▶ Rules
B48: Budget
B49: Wishlists
B50: White Elephant
B51: History
... B53: Start Here

Sheet 💰 Budget Tracker
B2: 💰 Budget Tracker
B3: One row per giver: what they spent on their Secret Santa gift, checked against the party's min and max. | G3: 🏠 Dashboard
B5: ="💸 Total spent: "&Currency&TEXT(SUM($E$8:$E$31),"#,##0.00") -> Total spent: $318.80 | F5: ="📊 Average gift: "&Currency&TEXT('_Data'!$AI$11,"#,##0.00") -> Average gift: $31.88 | J5: ="🚨 Over budget: "&COUNTIF($F$8:$F$31,"🚨 Over budget") -> Over budget: 1 | M5: ="🧾 Receipts filed: "&COUNTIF($G$8:$G$31,"✓") -> Receipts filed: 6
A7: # | B7: Gift for (recipient) | C7: Min | D7: Max | E7: Actual spent | F7: Budget check | G7: Receipt? | H7: Receipt / order ref | I7: Notes
A8: 1 | B8: =IF('🎅 Secret Santa Draw'!$C$8="","",'🎅 Secret Santa Draw'!$C$8) -> Farid Khan | C8: =BudgetMin -> 20 | D8: =BudgetMax -> 35 | E8: 32.5 | F8: =IF($E8="","",IF($E8<$C8,"🔴 Under budget",IF($E8>$D8,"🚨 Over budget","✅ Within budget"))) -> ✅ Within budget | G8: ✓ | H8: NV-88121
A9: 2 | B9: =IF('🎅 Secret Santa Draw'!$C$9="","",'🎅 Secret Santa Draw'!$C$9) -> Grace Liu | C9: =BudgetMin -> 20 | D9: =BudgetMax -> 35 | E9: 24 | F9: =IF($E9="","",IF($E9<$C9,"🔴 Under budget",IF($E9>$D9,"🚨 Over budget","✅ Within budget"))) -> ✅ Within budget
A10: 3 | B10: =IF('🎅 Secret Santa Draw'!$C$10="","",'🎅 Secret Santa Draw'!$C$10) -> Hugo Silva | C10: =BudgetMin -> 20 | D10: =BudgetMax -> 35 | E10: 28.75 | F10: =IF($E10="","",IF($E10<$C10,"🔴 Under budget",IF($E10>$D10,"🚨 Over budget","✅ Within budget"))) -> ✅ Within budget | G10: ✓ | H10: AMZ-4071
A11: 4 | B11: =IF('🎅 Secret Santa Draw'!$C$11="","",'🎅 Secret Santa Draw'!$C$11) -> Isla Moore | C11: =BudgetMin -> 20 | D11: =BudgetMax -> 35 | E11: 31.2 | F11: =IF($E11="","",IF($E11<$C11,"🔴 Under budget",IF($E11>$D11,"🚨 Over budget","✅ Within budget"))) -> ✅ Within budget
A12: 5 | B12: =IF('🎅 Secret Santa Draw'!$C$12="","",'🎅 Secret Santa Draw'!$C$12) -> Jack Byrne | C12: =BudgetMin -> 20 | D12: =BudgetMax -> 35 | E12: 18 | F12: =IF($E12="","",IF($E12<$C12,"🔴 Under budget",IF($E12>$D12,"🚨 Over budget","✅ Within budget"))) -> 🔴 Under budget
A13: 6 | B13: =IF('🎅 Secret Santa Draw'!$C$13="","",'🎅 Secret Santa Draw'!$C$13) -> Kia Osei | C13: =BudgetMin -> 20 | D13: =BudgetMax -> 35 | E13: 26.4 | F13: =IF($E13="","",IF($E13<$C13,"🔴 Under budget",IF($E13>$D13,"🚨 Over budget","✅ Within budget"))) -> ✅ Within budget | G13: ✓ | H13: ETS-2210
A14: 7 | B14: =IF('🎅 Secret Santa Draw'!$C$14="","",'🎅 Secret Santa Draw'!$C$14) -> Leo Fontaine | C14: =BudgetMin -> 20 | D14: =BudgetMax -> 35 | E14: 33.1 | F14: =IF($E14="","",IF($E14<$C14,"🔴 Under budget",IF($E14>$D14,"🚨 Over budget","✅ Within budget"))) -> ✅ Within budget
A15: 8 | B15: =IF('🎅 Secret Santa Draw'!$C$15="","",'🎅 Secret Santa Draw'!$C$15) -> Ava Novak | C15: =BudgetMin -> 20 | D15: =BudgetMax -> 35 | E15: 42 | F15: =IF($E15="","",IF($E15<$C15,"🔴 Under budget",IF($E15>$D15,"🚨 Over budget","✅ Within budget"))) -> 🚨 Over budget | G15: ✓ | H15: NV-88203
A16: 9 | B16: =IF('🎅 Secret Santa Draw'!$C$16="","",'🎅 Secret Santa Draw'!$C$16) -> Ben Carter | C16: =BudgetMin -> 20 | D16: =BudgetMax -> 35 | F16: =IF($E16="","",IF($E16<$C16,"🔴 Under budget",IF($E16>$D16,"🚨 Over budget","✅ Within budget"))) -> 🔴 Under budget
A17: 10 | B17: =IF('🎅 Secret Santa Draw'!$C$17="","",'🎅 Secret Santa Draw'!$C$17) -> Chloe Diaz | C17: =BudgetMin -> 20 | D17: =BudgetMax -> 35 | E17: 29.95 | F17: =IF($E17="","",IF($E17<$C17,"🔴 Under budget",IF($E17>$D17,"🚨 Over budget","✅ Within budget"))) -> ✅ Within budget | G17: ✓ | H17: AMZ-4188
A18: 11 | B18: =IF('🎅 Secret Santa Draw'!$C$18="","",'🎅 Secret Santa Draw'!$C$18) -> Dan Novak | C18: =BudgetMin -> 20 | D18: =BudgetMax -> 35 | E18: 27.3 | F18: =IF($E18="","",IF($E18<$C18,"🔴 Under budget",IF($E18>$D18,"🚨 Over budget","✅ Within budget"))) -> ✅ Within budget
A19: 12 | B19: =IF('🎅 Secret Santa Draw'!$C$19="","",'🎅 Secret Santa Draw'!$C$19) -> Elena Petrov | C19: =BudgetMin -> 20 | D19: =BudgetMax -> 35 | E19: 25.6 | F19: =IF($E19="","",IF($E19<$C19,"🔴 Under budget",IF($E19>$D19,"🚨 Over budget","✅ Within budget"))) -> ✅ Within budget | G19: ✓ | H19: ETS-2355
A20: 13 | B20: =IF('🎅 Secret Santa Draw'!$C$20="","",'🎅 Secret Santa Draw'!$C$20) | C20: =BudgetMin -> 20 | D20: =BudgetMax -> 35 | F20: =IF($E20="","",IF($E20<$C20,"🔴 Under budget",IF($E20>$D20,"🚨 Over budget","✅ Within budget")))
A21: 14 | B21: =IF('🎅 Secret Santa Draw'!$C$21="","",'🎅 Secret Santa Draw'!$C$21) | C21: =BudgetMin -> 20 | D21: =BudgetMax -> 35 | F21: =IF($E21="","",IF($E21<$C21,"🔴 Under budget",IF($E21>$D21,"🚨 Over budget","✅ Within budget")))
A22: 15 | B22: =IF('🎅 Secret Santa Draw'!$C$22="","",'🎅 Secret Santa Draw'!$C$22) | C22: =BudgetMin -> 20 | D22: =BudgetMax -> 35 | F22: =IF($E22="","",IF($E22<$C22,"🔴 Under budget",IF($E22>$D22,"🚨 Over budget","✅ Within budget")))
A23: 16 | B23: =IF('🎅 Secret Santa Draw'!$C$23="","",'🎅 Secret Santa Draw'!$C$23) | C23: =BudgetMin -> 20 | D23: =BudgetMax -> 35 | F23: =IF($E23="","",IF($E23<$C23,"🔴 Under budget",IF($E23>$D23,"🚨 Over budget","✅ Within budget")))
A24: 17 | B24: =IF('🎅 Secret Santa Draw'!$C$24="","",'🎅 Secret Santa Draw'!$C$24) | C24: =BudgetMin -> 20 | D24: =BudgetMax -> 35 | F24: =IF($E24="","",IF($E24<$C24,"🔴 Under budget",IF($E24>$D24,"🚨 Over budget","✅ Within budget")))
A25: 18 | B25: =IF('🎅 Secret Santa Draw'!$C$25="","",'🎅 Secret Santa Draw'!$C$25) | C25: =BudgetMin -> 20 | D25: =BudgetMax -> 35 | F25: =IF($E25="","",IF($E25<$C25,"🔴 Under budget",IF($E25>$D25,"🚨 Over budget","✅ Within budget")))
A26: 19 | B26: =IF('🎅 Secret Santa Draw'!$C$26="","",'🎅 Secret Santa Draw'!$C$26) | C26: =BudgetMin -> 20 | D26: =BudgetMax -> 35 | F26: =IF($E26="","",IF($E26<$C26,"🔴 Under budget",IF($E26>$D26,"🚨 Over budget","✅ Within budget")))
A27: 20 | B27: =IF('🎅 Secret Santa Draw'!$C$27="","",'🎅 Secret Santa Draw'!$C$27) | C27: =BudgetMin -> 20 | D27: =BudgetMax -> 35 | F27: =IF($E27="","",IF($E27<$C27,"🔴 Under budget",IF($E27>$D27,"🚨 Over budget","✅ Within budget")))
A28: 21 | B28: =IF('🎅 Secret Santa Draw'!$C$28="","",'🎅 Secret Santa Draw'!$C$28) | C28: =BudgetMin -> 20 | D28: =BudgetMax -> 35 | F28: =IF($E28="","",IF($E28<$C28,"🔴 Under budget",IF($E28>$D28,"🚨 Over budget","✅ Within budget")))
A29: 22 | B29: =IF('🎅 Secret Santa Draw'!$C$29="","",'🎅 Secret Santa Draw'!$C$29) | C29: =BudgetMin -> 20 | D29: =BudgetMax -> 35 | F29: =IF($E29="","",IF($E29<$C29,"🔴 Under budget",IF($E29>$D29,"🚨 Over budget","✅ Within budget")))
A30: 23 | B30: =IF('🎅 Secret Santa Draw'!$C$30="","",'🎅 Secret Santa Draw'!$C$30) | C30: =BudgetMin -> 20 | D30: =BudgetMax -> 35 | F30: =IF($E30="","",IF($E30<$C30,"🔴 Under budget",IF($E30>$D30,"🚨 Over budget","✅ Within budget")))
A31: 24 | B31: =IF('🎅 Secret Santa Draw'!$C$31="","",'🎅 Secret Santa Draw'!$C$31) | C31: =BudgetMin -> 20 | D31: =BudgetMax -> 35 | F31: =IF($E31="","",IF($E31<$C31,"🔴 Under budget",IF($E31>$D31,"🚨 Over budget","✅ Within budget")))
B32: TOTALS | E32: =SUM(E8:E31) -> 318.8
B34: 💡 Cream cells are yours to type in; white cells calculate. Dropdowns keep every column honest.
B36: Settings | D36: Dashboard | F36: People | H36: Draw
B37: Rules | D37: ▶ Budget | F37: Wishlists | H37: White Elephant
B38: History | D38: Cards | F38: Start Here

Sheet 🎁 Wishlists
B2: 🎁 Wishlists
B3: Ideas each participant dropped - tick Claimed once their Santa commits (no names shown, no spoilers). | E3: 🏠 Dashboard
B5: ="🎁 Wishes logged: "&SUMPRODUCT(--($C$8:$C$47<>"")) -> Wishes logged: 16 | F5: ="✅ Claimed: "&COUNTIF($F$8:$F$47,"✓") -> Claimed: 4 | J5: ="❤️ Must-love open: "&SUMPRODUCT(($D$8:$D$47="Must-love")*($F$8:$F$47<>"✓")) -> Must-love open: 4
A7: # | B7: Participant | C7: Wish | D7: Priority | E7: Link / shop | F7: Claimed | G7: Notes
A8: 1 | B8: Ava Novak | C8: Chunky knit throw blanket | D8: Must-love | E8: https://example.com/throw | F8: ✓ | G8: Any colour but grey
A9: 2 | B9: Ava Novak | C9: Ceramic mug tree | D9: Nice to have
A10: 3 | B10: Ben Carter | C10: Single-origin coffee beans 1kg | D10: Must-love | E10: https://example.com/beans | F10: ✓ | G10: No dark roasts
A11: 4 | B11: Chloe Diaz | C11: Vegan candle trio | D11: Nice to have
A12: 5 | B12: Chloe Diaz | C12: Linen tea towel set | D12: Just an idea
A13: 6 | B13: Dan Novak | C13: Whisky tasting set | D13: Must-love | E13: https://example.com/whisky | G13: Peated, please
A14: 7 | B14: Elena Petrov | C14: Gluten-free chocolate box | D14: Must-love
A15: 8 | B15: Farid Khan | C15: Desk plant (low light) | D15: Nice to have | F15: ✓
A16: 9 | B16: Grace Liu | C16: Silk scrunchie set | D16: Just an idea
A17: 10 | B17: Grace Liu | C17: Matcha ceremony kit | D17: Must-love | E17: https://example.com/matcha
A18: 11 | B18: Hugo Silva | C18: Vinyl: jazz classics | D18: Nice to have
A19: 12 | B19: Jack Byrne | C19: Espresso tamp mat | D19: Must-love | G19: Obvious reasons
A20: 13 | B20: Kia Osei | C20: Botanical print A4 | D20: Nice to have | F20: ✓
A21: 14 | B21: Leo Fontaine | C21: Sourdough starter kit | D21: Just an idea
A22: 15 | B22: Leo Fontaine | C22: Wooden bread lame | D22: Nice to have
A23: 16 | B23: Isla Moore | C23: Travel journal | D23: Nice to have
A24: 17
A25: 18
A26: 19
A27: 20
A28: 21
A29: 22
A30: 23
A31: 24
A32: 25
A33: 26
A34: 27
A35: 28
... A47: 40
B49: 💡 Cream cells are yours to type in; white cells calculate. Dropdowns keep every column honest.
B51: Settings | D51: Dashboard | F51: People
B52: Draw | D52: Rules | F52: Budget
B53: ▶ Wishlists | D53: White Elephant | F53: History
B54: Cards | D54: Start Here

Sheet 🎲 White Elephant
B2: 🎲 White Elephant
B3: Seats and gift numbers shuffle from the seed; holders, steal counts and locks follow 🔄 Game History. | J3: 🏠 Dashboard
B5: ="🎲 Players: "&COUNTA($C$8:$C$31) -> Players: 10 | E5: ="🎁 In play: "&'_Data'!$AI$14 -> In play: 7 | H5: ="🔒 Locked: "&'_Data'!$AI$15 -> Locked: 1 | K5: ="👉 Now: seat "&'_Data'!$AI$18&" ("&IFERROR(INDEX($C$8:$C$31,MATCH('_Data'!$AI$18,$B$8:$B$31,0)),"game over")&")" -> Now: seat 5 (Elena Petrov)
A7: # | B7: Seat | C7: Player | D7: Gift # | E7: Gift description | F7: Gift value | G7: Steals | H7: Max | I7: Gift status | J7: Current holder | K7: Last stolen from | L7: Final?
A8: 1 | B8: =IF($C8="","",1+SUMPRODUCT(--($M$8:$M$31>$M8))) -> 9 | C8: Ava Novak | D8: =IF($C8="","",1+SUMPRODUCT(--($N$8:$N$31>$N8))) -> 9 | E8: Giant pickle plushie | F8: 12 | G8: =IF($D8="","",COUNTIFS('🔄 Game History'!$E$8:$E$67,$D8,'🔄 Game History'!$D$8:$D$67,"Steal")) -> 1 | H8: =IF($C8="","",MaxSteals) -> 2 | I8: =IF($D8="","",IF($G8>=$H8,"🔒 Final",IF(COUNTIFS('🔄 Game History'!$E$8:$E$67,$D8)=0,"🎁 Available",IF(INDEX('🔄 Game History'!$D$8:$D$67,SUMPRODUCT(('🔄 Game History'!$E$8:$E$67=$D8)*('🔄 Game History'!$G$8:$G$67=SUMPRODUCT(MAX(('🔄 Game History'!$E$8:$E$67=$D8)*'🔄 Game History'!$G$8:$G$67)))*(ROW('🔄 Game History'!$E$8:$E$67)-7)))="Steal","🔄 Stolen","🤲 Held")))) -> 🔄 Stolen | J8: =IF($D8="","",IF(COUNTIFS('🔄 Game History'!$E$8:$E$67,$D8)=0,"",INDEX('🔄 Game History'!$C$8:$C$67,SUMPRODUCT(('🔄 Game History'!$E$8:$E$67=$D8)*('🔄 Game History'!$G$8:$G$67=SUMPRODUCT(MAX(('🔄 Game History'!$E$8:$E$67=$D8)*'🔄 Game History'!$G$8:$G$67)))*(ROW('🔄 Game History'!$E$8:$E$67)-7))))) -> Ben Carter | K8: =IF($I8="🔄 Stolen",IFERROR(INDEX('🔄 Game History'!$F$8:$F$67,SUMPRODUCT(('🔄 Game History'!$E$8:$E$67=$D8)*('🔄 Game History'!$G$8:$G$67=SUMPRODUCT(MAX(('🔄 Game History'!$E$8:$E$67=$D8)*'🔄 Game History'!$G$8:$G$67)))*(ROW('🔄 Game History'!$E$8:$E$67)-7))),""),"") -> Jack Byrne | L8: =IF($C8="","",IF(COUNTA($J$8:$J$31)=COUNTA($C$8:$C$31),IFERROR(INDEX($D$8:$D$31,MATCH($C8,$J$8:$J$31,0)),""),"-"))
A9: 2 | B9: =IF($C9="","",1+SUMPRODUCT(--($M$8:$M$31>$M9))) -> 7 | C9: Ben Carter | D9: =IF($C9="","",1+SUMPRODUCT(--($N$8:$N$31>$N9))) -> 5 | E9: Disco-ball bauble set | F9: 15.5 | G9: =IF($D9="","",COUNTIFS('🔄 Game History'!$E$8:$E$67,$D9,'🔄 Game History'!$D$8:$D$67,"Steal")) -> 0 | H9: =IF($C9="","",MaxSteals) -> 2 | I9: =IF($D9="","",IF($G9>=$H9,"🔒 Final",IF(COUNTIFS('🔄 Game History'!$E$8:$E$67,$D9)=0,"🎁 Available",IF(INDEX('🔄 Game History'!$D$8:$D$67,SUMPRODUCT(('🔄 Game History'!$E$8:$E$67=$D9)*('🔄 Game History'!$G$8:$G$67=SUMPRODUCT(MAX(('🔄 Game History'!$E$8:$E$67=$D9)*'🔄 Game History'!$G$8:$G$67)))*(ROW('🔄 Game History'!$E$8:$E$67)-7)))="Steal","🔄 Stolen","🤲 Held")))) -> 🤲 Held | J9: =IF($D9="","",IF(COUNTIFS('🔄 Game History'!$E$8:$E$67,$D9)=0,"",INDEX('🔄 Game History'!$C$8:$C$67,SUMPRODUCT(('🔄 Game History'!$E$8:$E$67=$D9)*('🔄 Game History'!$G$8:$G$67=SUMPRODUCT(MAX(('🔄 Game History'!$E$8:$E$67=$D9)*'🔄 Game History'!$G$8:$G$67)))*(ROW('🔄 Game History'!$E$8:$E$67)-7))))) -> Dan Novak | K9: =IF($I9="🔄 Stolen",IFERROR(INDEX('🔄 Game History'!$F$8:$F$67,SUMPRODUCT(('🔄 Game History'!$E$8:$E$67=$D9)*('🔄 Game History'!$G$8:$G$67=SUMPRODUCT(MAX(('🔄 Game History'!$E$8:$E$67=$D9)*'🔄 Game History'!$G$8:$G$67)))*(ROW('🔄 Game History'!$E$8:$E$67)-7))),""),"") | L9: =IF($C9="","",IF(COUNTA($J$8:$J$31)=COUNTA($C$8:$C$31),IFERROR(INDEX($D$8:$D$31,MATCH($C9,$J$8:$J$31,0)),""),"-"))
A10: 3 | B10: =IF($C10="","",1+SUMPRODUCT(--($M$8:$M$31>$M10))) -> 5 | C10: Chloe Diaz | D10: =IF($C10="","",1+SUMPRODUCT(--($N$8:$N$31>$N10))) -> 2 | E10: Mystery sealed box | F10: 20 | G10: =IF($D10="","",COUNTIFS('🔄 Game History'!$E$8:$E$67,$D10,'🔄 Game History'!$D$8:$D$67,"Steal")) -> 0 | H10: =IF($C10="","",MaxSteals) -> 2 | I10: =IF($D10="","",IF($G10>=$H10,"🔒 Final",IF(COUNTIFS('🔄 Game History'!$E$8:$E$67,$D10)=0,"🎁 Available",IF(INDEX('🔄 Game History'!$D$8:$D$67,SUMPRODUCT(('🔄 Game History'!$E$8:$E$67=$D10)*('🔄 Game History'!$G$8:$G$67=SUMPRODUCT(MAX(('🔄 Game History'!$E$8:$E$67=$D10)*'🔄 Game History'!$G$8:$G$67)))*(ROW('🔄 Game History'!$E$8:$E$67)-7)))="Steal","🔄 Stolen","🤲 Held")))) -> 🤲 Held | J10: =IF($D10="","",IF(COUNTIFS('🔄 Game History'!$E$8:$E$67,$D10)=0,"",INDEX('🔄 Game History'!$C$8:$C$67,SUMPRODUCT(('🔄 Game History'!$E$8:$E$67=$D10)*('🔄 Game History'!$G$8:$G$67=SUMPRODUCT(MAX(('🔄 Game History'!$E$8:$E$67=$D10)*'🔄 Game History'!$G$8:$G$67)))*(ROW('🔄 Game History'!$E$8:$E$67)-7))))) -> Kia Osei | K10: =IF($I10="🔄 Stolen",IFERROR(INDEX('🔄 Game History'!$F$8:$F$67,SUMPRODUCT(('🔄 Game History'!$E$8:$E$67=$D10)*('🔄 Game History'!$G$8:$G$67=SUMPRODUCT(MAX(('🔄 Game History'!$E$8:$E$67=$D10)*'🔄 Game History'!$G$8:$G$67)))*(ROW('🔄 Game History'!$E$8:$E$67)-7))),""),"") | L10: =IF($C10="","",IF(COUNTA($J$8:$J$31)=COUNTA($C$8:$C$31),IFERROR(INDEX($D$8:$D$31,MATCH($C10,$J$8:$J$31,0)),""),"-"))
A11: 4 | B11: =IF($C11="","",1+SUMPRODUCT(--($M$8:$M$31>$M11))) -> 3 | C11: Dan Novak | D11: =IF($C11="","",1+SUMPRODUCT(--($N$8:$N$31>$N11))) -> 8 | E11: Heated mug coaster | F11: 18.25 | G11: =IF($D11="","",COUNTIFS('🔄 Game History'!$E$8:$E$67,$D11,'🔄 Game History'!$D$8:$D$67,"Steal")) -> 0 | H11: =IF($C11="","",MaxSteals) -> 2 | I11: =IF($D11="","",IF($G11>=$H11,"🔒 Final",IF(COUNTIFS('🔄 Game History'!$E$8:$E$67,$D11)=0,"🎁 Available",IF(INDEX('🔄 Game History'!$D$8:$D$67,SUMPRODUCT(('🔄 Game History'!$E$8:$E$67=$D11)*('🔄 Game History'!$G$8:$G$67=SUMPRODUCT(MAX(('🔄 Game History'!$E$8:$E$67=$D11)*'🔄 Game History'!$G$8:$G$67)))*(ROW('🔄 Game History'!$E$8:$E$67)-7)))="Steal","🔄 Stolen","🤲 Held")))) -> 🎁 Available | J11: =IF($D11="","",IF(COUNTIFS('🔄 Game History'!$E$8:$E$67,$D11)=0,"",INDEX('🔄 Game History'!$C$8:$C$67,SUMPRODUCT(('🔄 Game History'!$E$8:$E$67=$D11)*('🔄 Game History'!$G$8:$G$67=SUMPRODUCT(MAX(('🔄 Game History'!$E$8:$E$67=$D11)*'🔄 Game History'!$G$8:$G$67)))*(ROW('🔄 Game History'!$E$8:$E$67)-7))))) | K11: =IF($I11="🔄 Stolen",IFERROR(INDEX('🔄 Game History'!$F$8:$F$67,SUMPRODUCT(('🔄 Game History'!$E$8:$E$67=$D11)*('🔄 Game History'!$G$8:$G$67=SUMPRODUCT(MAX(('🔄 Game History'!$E$8:$E$67=$D11)*'🔄 Game History'!$G$8:$G$67)))*(ROW('🔄 Game History'!$E$8:$E$67)-7))),""),"") | L11: =IF($C11="","",IF(COUNTA($J$8:$J$31)=COUNTA($C$8:$C$31),IFERROR(INDEX($D$8:$D$31,MATCH($C11,$J$8:$J$31,0)),""),"-"))
A12: 5 | B12: =IF($C12="","",1+SUMPRODUCT(--($M$8:$M$31>$M12))) -> 2 | C12: Elena Petrov | D12: =IF($C12="","",1+SUMPRODUCT(--($N$8:$N$31>$N12))) -> 4 | E12: Llama Christmas jumper | F12: 22 | G12: =IF($D12="","",COUNTIFS('🔄 Game History'!$E$8:$E$67,$D12,'🔄 Game History'!$D$8:$D$67,"Steal")) -> 2 | H12: =IF($C12="","",MaxSteals) -> 2 | I12: =IF($D12="","",IF($G12>=$H12,"🔒 Final",IF(COUNTIFS('🔄 Game History'!$E$8:$E$67,$D12)=0,"🎁 Available",IF(INDEX('🔄 Game History'!$D$8:$D$67,SUMPRODUCT(('🔄 Game History'!$E$8:$E$67=$D12)*('🔄 Game History'!$G$8:$G$67=SUMPRODUCT(MAX(('🔄 Game History'!$E$8:$E$67=$D12)*'🔄 Game History'!$G$8:$G$67)))*(ROW('🔄 Game History'!$E$8:$E$67)-7)))="Steal","🔄 Stolen","🤲 Held")))) -> 🔒 Final | J12: =IF($D12="","",IF(COUNTIFS('🔄 Game History'!$E$8:$E$67,$D12)=0,"",INDEX('🔄 Game History'!$C$8:$C$67,SUMPRODUCT(('🔄 Game History'!$E$8:$E$67=$D12)*('🔄 Game History'!$G$8:$G$67=SUMPRODUCT(MAX(('🔄 Game History'!$E$8:$E$67=$D12)*'🔄 Game History'!$G$8:$G$67)))*(ROW('🔄 Game History'!$E$8:$E$67)-7))))) -> Chloe Diaz | K12: =IF($I12="🔄 Stolen",IFERROR(INDEX('🔄 Game History'!$F$8:$F$67,SUMPRODUCT(('🔄 Game History'!$E$8:$E$67=$D12)*('🔄 Game History'!$G$8:$G$67=SUMPRODUCT(MAX(('🔄 Game History'!$E$8:$E$67=$D12)*'🔄 Game History'!$G$8:$G$67)))*(ROW('🔄 Game History'!$E$8:$E$67)-7))),""),"") | L12: =IF($C12="","",IF(COUNTA($J$8:$J$31)=COUNTA($C$8:$C$31),IFERROR(INDEX($D$8:$D$31,MATCH($C12,$J$8:$J$31,0)),""),"-"))
A13: 6 | B13: =IF($C13="","",1+SUMPRODUCT(--($M$8:$M$31>$M13))) -> 1 | C13: Farid Khan | D13: =IF($C13="","",1+SUMPRODUCT(--($N$8:$N$31>$N13))) -> 1 | E13: Singing fish plaque | F13: 14.75 | G13: =IF($D13="","",COUNTIFS('🔄 Game History'!$E$8:$E$67,$D13,'🔄 Game History'!$D$8:$D$67,"Steal")) -> 1 | H13: =IF($C13="","",MaxSteals) -> 2 | I13: =IF($D13="","",IF($G13>=$H13,"🔒 Final",IF(COUNTIFS('🔄 Game History'!$E$8:$E$67,$D13)=0,"🎁 Available",IF(INDEX('🔄 Game History'!$D$8:$D$67,SUMPRODUCT(('🔄 Game History'!$E$8:$E$67=$D13)*('🔄 Game History'!$G$8:$G$67=SUMPRODUCT(MAX(('🔄 Game History'!$E$8:$E$67=$D13)*'🔄 Game History'!$G$8:$G$67)))*(ROW('🔄 Game History'!$E$8:$E$67)-7)))="Steal","🔄 Stolen","🤲 Held")))) -> 🔄 Stolen | J13: =IF($D13="","",IF(COUNTIFS('🔄 Game History'!$E$8:$E$67,$D13)=0,"",INDEX('🔄 Game History'!$C$8:$C$67,SUMPRODUCT(('🔄 Game History'!$E$8:$E$67=$D13)*('🔄 Game History'!$G$8:$G$67=SUMPRODUCT(MAX(('🔄 Game History'!$E$8:$E$67=$D13)*'🔄 Game History'!$G$8:$G$67)))*(ROW('🔄 Game History'!$E$8:$E$67)-7))))) -> Ava Novak | K13: =IF($I13="🔄 Stolen",IFERROR(INDEX('🔄 Game History'!$F$8:$F$67,SUMPRODUCT(('🔄 Game History'!$E$8:$E$67=$D13)*('🔄 Game History'!$G$8:$G$67=SUMPRODUCT(MAX(('🔄 Game History'!$E$8:$E$67=$D13)*'🔄 Game History'!$G$8:$G$67)))*(ROW('🔄 Game History'!$E$8:$E$67)-7))),""),"") -> Hugo Silva | L13: =IF($C13="","",IF(COUNTA($J$8:$J$31)=COUNTA($C$8:$C$31),IFERROR(INDEX($D$8:$D$31,MATCH($C13,$J$8:$J$31,0)),""),"-"))
A14: 7 | B14: =IF($C14="","",1+SUMPRODUCT(--($M$8:$M$31>$M14))) -> 10 | C14: Grace Liu | D14: =IF($C14="","",1+SUMPRODUCT(--($N$8:$N$31>$N14))) -> 7 | E14: Fancy hot chocolate tin | F14: 16.4 | G14: =IF($D14="","",COUNTIFS('🔄 Game History'!$E$8:$E$67,$D14,'🔄 Game History'!$D$8:$D$67,"Steal")) -> 0 | H14: =IF($C14="","",MaxSteals) -> 2 | I14: =IF($D14="","",IF($G14>=$H14,"🔒 Final",IF(COUNTIFS('🔄 Game History'!$E$8:$E$67,$D14)=0,"🎁 Available",IF(INDEX('🔄 Game History'!$D$8:$D$67,SUMPRODUCT(('🔄 Game History'!$E$8:$E$67=$D14)*('🔄 Game History'!$G$8:$G$67=SUMPRODUCT(MAX(('🔄 Game History'!$E$8:$E$67=$D14)*'🔄 Game History'!$G$8:$G$67)))*(ROW('🔄 Game History'!$E$8:$E$67)-7)))="Steal","🔄 Stolen","🤲 Held")))) -> 🤲 Held | J14: =IF($D14="","",IF(COUNTIFS('🔄 Game History'!$E$8:$E$67,$D14)=0,"",INDEX('🔄 Game History'!$C$8:$C$67,SUMPRODUCT(('🔄 Game History'!$E$8:$E$67=$D14)*('🔄 Game History'!$G$8:$G$67=SUMPRODUCT(MAX(('🔄 Game History'!$E$8:$E$67=$D14)*'🔄 Game History'!$G$8:$G$67)))*(ROW('🔄 Game History'!$E$8:$E$67)-7))))) -> Elena Petrov | K14: =IF($I14="🔄 Stolen",IFERROR(INDEX('🔄 Game History'!$F$8:$F$67,SUMPRODUCT(('🔄 Game History'!$E$8:$E$67=$D14)*('🔄 Game History'!$G$8:$G$67=SUMPRODUCT(MAX(('🔄 Game History'!$E$8:$E$67=$D14)*'🔄 Game History'!$G$8:$G$67)))*(ROW('🔄 Game History'!$E$8:$E$67)-7))),""),"") | L14: =IF($C14="","",IF(COUNTA($J$8:$J$31)=COUNTA($C$8:$C$31),IFERROR(INDEX($D$8:$D$31,MATCH($C14,$J$8:$J$31,0)),""),"-"))
A15: 8 | B15: =IF($C15="","",1+SUMPRODUCT(--($M$8:$M$31>$M15))) -> 8 | C15: Hugo Silva | D15: =IF($C15="","",1+SUMPRODUCT(--($N$8:$N$31>$N15))) -> 3 | E15: Desktop zen garden | F15: 19.9 | G15: =IF($D15="","",COUNTIFS('🔄 Game History'!$E$8:$E$67,$D15,'🔄 Game History'!$D$8:$D$67,"Steal")) -> 0 | H15: =IF($C15="","",MaxSteals) -> 2 | I15: =IF($D15="","",IF($G15>=$H15,"🔒 Final",IF(COUNTIFS('🔄 Game History'!$E$8:$E$67,$D15)=0,"🎁 Available",IF(INDEX('🔄 Game History'!$D$8:$D$67,SUMPRODUCT(('🔄 Game History'!$E$8:$E$67=$D15)*('🔄 Game History'!$G$8:$G$67=SUMPRODUCT(MAX(('🔄 Game History'!$E$8:$E$67=$D15)*'🔄 Game History'!$G$8:$G$67)))*(ROW('🔄 Game History'!$E$8:$E$67)-7)))="Steal","🔄 Stolen","🤲 Held")))) -> 🤲 Held | J15: =IF($D15="","",IF(COUNTIFS('🔄 Game History'!$E$8:$E$67,$D15)=0,"",INDEX('🔄 Game History'!$C$8:$C$67,SUMPRODUCT(('🔄 Game History'!$E$8:$E$67=$D15)*('🔄 Game History'!$G$8:$G$67=SUMPRODUCT(MAX(('🔄 Game History'!$E$8:$E$67=$D15)*'🔄 Game History'!$G$8:$G$67)))*(ROW('🔄 Game History'!$E$8:$E$67)-7))))) -> Farid Khan | K15: =IF($I15="🔄 Stolen",IFERROR(INDEX('🔄 Game History'!$F$8:$F$67,SUMPRODUCT(('🔄 Game History'!$E$8:$E$67=$D15)*('🔄 Game History'!$G$8:$G$67=SUMPRODUCT(MAX(('🔄 Game History'!$E$8:$E$67=$D15)*'🔄 Game History'!$G$8:$G$67)))*(ROW('🔄 Game History'!$E$8:$E$67)-7))),""),"") | L15: =IF($C15="","",IF(COUNTA($J$8:$J$31)=COUNTA($C$8:$C$31),IFERROR(INDEX($D$8:$D$31,MATCH($C15,$J$8:$J$31,0)),""),"-"))
A16: 9 | B16: =IF($C16="","",1+SUMPRODUCT(--($M$8:$M$31>$M16))) -> 6 | C16: Jack Byrne | D16: =IF($C16="","",1+SUMPRODUCT(--($N$8:$N$31>$N16))) -> 10 | E16: Reindeer antler headband | F16: 11.3 | G16: =IF($D16="","",COUNTIFS('🔄 Game History'!$E$8:$E$67,$D16,'🔄 Game History'!$D$8:$D$67,"Steal")) -> 0 | H16: =IF($C16="","",MaxSteals) -> 2 | I16: =IF($D16="","",IF($G16>=$H16,"🔒 Final",IF(COUNTIFS('🔄 Game History'!$E$8:$E$67,$D16)=0,"🎁 Available",IF(INDEX('🔄 Game History'!$D$8:$D$67,SUMPRODUCT(('🔄 Game History'!$E$8:$E$67=$D16)*('🔄 Game History'!$G$8:$G$67=SUMPRODUCT(MAX(('🔄 Game History'!$E$8:$E$67=$D16)*'🔄 Game History'!$G$8:$G$67)))*(ROW('🔄 Game History'!$E$8:$E$67)-7)))="Steal","🔄 Stolen","🤲 Held")))) -> 🎁 Available | J16: =IF($D16="","",IF(COUNTIFS('🔄 Game History'!$E$8:$E$67,$D16)=0,"",INDEX('🔄 Game History'!$C$8:$C$67,SUMPRODUCT(('🔄 Game History'!$E$8:$E$67=$D16)*('🔄 Game History'!$G$8:$G$67=SUMPRODUCT(MAX(('🔄 Game History'!$E$8:$E$67=$D16)*'🔄 Game History'!$G$8:$G$67)))*(ROW('🔄 Game History'!$E$8:$E$67)-7))))) | K16: =IF($I16="🔄 Stolen",IFERROR(INDEX('🔄 Game History'!$F$8:$F$67,SUMPRODUCT(('🔄 Game History'!$E$8:$E$67=$D16)*('🔄 Game History'!$G$8:$G$67=SUMPRODUCT(MAX(('🔄 Game History'!$E$8:$E$67=$D16)*'🔄 Game History'!$G$8:$G$67)))*(ROW('🔄 Game History'!$E$8:$E$67)-7))),""),"") | L16: =IF($C16="","",IF(COUNTA($J$8:$J$31)=COUNTA($C$8:$C$31),IFERROR(INDEX($D$8:$D$31,MATCH($C16,$J$8:$J$31,0)),""),"-"))
A17: 10 | B17: =IF($C17="","",1+SUMPRODUCT(--($M$8:$M$31>$M17))) -> 4 | C17: Kia Osei | D17: =IF($C17="","",1+SUMPRODUCT(--($N$8:$N$31>$N17))) -> 6 | E17: Marble cheese board | F17: 24.5 | G17: =IF($D17="","",COUNTIFS('🔄 Game History'!$E$8:$E$67,$D17,'🔄 Game History'!$D$8:$D$67,"Steal")) -> 0 | H17: =IF($C17="","",MaxSteals) -> 2 | I17: =IF($D17="","",IF($G17>=$H17,"🔒 Final",IF(COUNTIFS('🔄 Game History'!$E$8:$E$67,$D17)=0,"🎁 Available",IF(INDEX('🔄 Game History'!$D$8:$D$67,SUMPRODUCT(('🔄 Game History'!$E$8:$E$67=$D17)*('🔄 Game History'!$G$8:$G$67=SUMPRODUCT(MAX(('🔄 Game History'!$E$8:$E$67=$D17)*'🔄 Game History'!$G$8:$G$67)))*(ROW('🔄 Game History'!$E$8:$E$67)-7)))="Steal","🔄 Stolen","🤲 Held")))) -> 🤲 Held | J17: =IF($D17="","",IF(COUNTIFS('🔄 Game History'!$E$8:$E$67,$D17)=0,"",INDEX('🔄 Game History'!$C$8:$C$67,SUMPRODUCT(('🔄 Game History'!$E$8:$E$67=$D17)*('🔄 Game History'!$G$8:$G$67=SUMPRODUCT(MAX(('🔄 Game History'!$E$8:$E$67=$D17)*'🔄 Game History'!$G$8:$G$67)))*(ROW('🔄 Game History'!$E$8:$E$67)-7))))) -> Grace Liu | K17: =IF($I17="🔄 Stolen",IFERROR(INDEX('🔄 Game History'!$F$8:$F$67,SUMPRODUCT(('🔄 Game History'!$E$8:$E$67=$D17)*('🔄 Game History'!$G$8:$G$67=SUMPRODUCT(MAX(('🔄 Game History'!$E$8:$E$67=$D17)*'🔄 Game History'!$G$8:$G$67)))*(ROW('🔄 Game History'!$E$8:$E$67)-7))),""),"") | L17: =IF($C17="","",IF(COUNTA($J$8:$J$31)=COUNTA($C$8:$C$31),IFERROR(INDEX($D$8:$D$31,MATCH($C17,$J$8:$J$31,0)),""),"-"))
A18: 11 | B18: =IF($C18="","",1+SUMPRODUCT(--($M$8:$M$31>$M18))) | D18: =IF($C18="","",1+SUMPRODUCT(--($N$8:$N$31>$N18))) | G18: =IF($D18="","",COUNTIFS('🔄 Game History'!$E$8:$E$67,$D18,'🔄 Game History'!$D$8:$D$67,"Steal")) | H18: =IF($C18="","",MaxSteals) | I18: =IF($D18="","",IF($G18>=$H18,"🔒 Final",IF(COUNTIFS('🔄 Game History'!$E$8:$E$67,$D18)=0,"🎁 Available",IF(INDEX('🔄 Game History'!$D$8:$D$67,SUMPRODUCT(('🔄 Game History'!$E$8:$E$67=$D18)*('🔄 Game History'!$G$8:$G$67=SUMPRODUCT(MAX(('🔄 Game History'!$E$8:$E$67=$D18)*'🔄 Game History'!$G$8:$G$67)))*(ROW('🔄 Game History'!$E$8:$E$67)-7)))="Steal","🔄 Stolen","🤲 Held")))) | J18: =IF($D18="","",IF(COUNTIFS('🔄 Game History'!$E$8:$E$67,$D18)=0,"",INDEX('🔄 Game History'!$C$8:$C$67,SUMPRODUCT(('🔄 Game History'!$E$8:$E$67=$D18)*('🔄 Game History'!$G$8:$G$67=SUMPRODUCT(MAX(('🔄 Game History'!$E$8:$E$67=$D18)*'🔄 Game History'!$G$8:$G$67)))*(ROW('🔄 Game History'!$E$8:$E$67)-7))))) | K18: =IF($I18="🔄 Stolen",IFERROR(INDEX('🔄 Game History'!$F$8:$F$67,SUMPRODUCT(('🔄 Game History'!$E$8:$E$67=$D18)*('🔄 Game History'!$G$8:$G$67=SUMPRODUCT(MAX(('🔄 Game History'!$E$8:$E$67=$D18)*'🔄 Game History'!$G$8:$G$67)))*(ROW('🔄 Game History'!$E$8:$E$67)-7))),""),"") | L18: =IF($C18="","",IF(COUNTA($J$8:$J$31)=COUNTA($C$8:$C$31),IFERROR(INDEX($D$8:$D$31,MATCH($C18,$J$8:$J$31,0)),""),"-"))
A19: 12 | B19: =IF($C19="","",1+SUMPRODUCT(--($M$8:$M$31>$M19))) | D19: =IF($C19="","",1+SUMPRODUCT(--($N$8:$N$31>$N19))) | G19: =IF($D19="","",COUNTIFS('🔄 Game History'!$E$8:$E$67,$D19,'🔄 Game History'!$D$8:$D$67,"Steal")) | H19: =IF($C19="","",MaxSteals) | I19: =IF($D19="","",IF($G19>=$H19,"🔒 Final",IF(COUNTIFS('🔄 Game History'!$E$8:$E$67,$D19)=0,"🎁 Available",IF(INDEX('🔄 Game History'!$D$8:$D$67,SUMPRODUCT(('🔄 Game History'!$E$8:$E$67=$D19)*('🔄 Game History'!$G$8:$G$67=SUMPRODUCT(MAX(('🔄 Game History'!$E$8:$E$67=$D19)*'🔄 Game History'!$G$8:$G$67)))*(ROW('🔄 Game History'!$E$8:$E$67)-7)))="Steal","🔄 Stolen","🤲 Held")))) | J19: =IF($D19="","",IF(COUNTIFS('🔄 Game History'!$E$8:$E$67,$D19)=0,"",INDEX('🔄 Game History'!$C$8:$C$67,SUMPRODUCT(('🔄 Game History'!$E$8:$E$67=$D19)*('🔄 Game History'!$G$8:$G$67=SUMPRODUCT(MAX(('🔄 Game History'!$E$8:$E$67=$D19)*'🔄 Game History'!$G$8:$G$67)))*(ROW('🔄 Game History'!$E$8:$E$67)-7))))) | K19: =IF($I19="🔄 Stolen",IFERROR(INDEX('🔄 Game History'!$F$8:$F$67,SUMPRODUCT(('🔄 Game History'!$E$8:$E$67=$D19)*('🔄 Game History'!$G$8:$G$67=SUMPRODUCT(MAX(('🔄 Game History'!$E$8:$E$67=$D19)*'🔄 Game History'!$G$8:$G$67)))*(ROW('🔄 Game History'!$E$8:$E$67)-7))),""),"") | L19: =IF($C19="","",IF(COUNTA($J$8:$J$31)=COUNTA($C$8:$C$31),IFERROR(INDEX($D$8:$D$31,MATCH($C19,$J$8:$J$31,0)),""),"-"))
A20: 13 | B20: =IF($C20="","",1+SUMPRODUCT(--($M$8:$M$31>$M20))) | D20: =IF($C20="","",1+SUMPRODUCT(--($N$8:$N$31>$N20))) | G20: =IF($D20="","",COUNTIFS('🔄 Game History'!$E$8:$E$67,$D20,'🔄 Game History'!$D$8:$D$67,"Steal")) | H20: =IF($C20="","",MaxSteals) | I20: =IF($D20="","",IF($G20>=$H20,"🔒 Final",IF(COUNTIFS('🔄 Game History'!$E$8:$E$67,$D20)=0,"🎁 Available",IF(INDEX('🔄 Game History'!$D$8:$D$67,SUMPRODUCT(('🔄 Game History'!$E$8:$E$67=$D20)*('🔄 Game History'!$G$8:$G$67=SUMPRODUCT(MAX(('🔄 Game History'!$E$8:$E$67=$D20)*'🔄 Game History'!$G$8:$G$67)))*(ROW('🔄 Game History'!$E$8:$E$67)-7)))="Steal","🔄 Stolen","🤲 Held")))) | J20: =IF($D20="","",IF(COUNTIFS('🔄 Game History'!$E$8:$E$67,$D20)=0,"",INDEX('🔄 Game History'!$C$8:$C$67,SUMPRODUCT(('🔄 Game History'!$E$8:$E$67=$D20)*('🔄 Game History'!$G$8:$G$67=SUMPRODUCT(MAX(('🔄 Game History'!$E$8:$E$67=$D20)*'🔄 Game History'!$G$8:$G$67)))*(ROW('🔄 Game History'!$E$8:$E$67)-7))))) | K20: =IF($I20="🔄 Stolen",IFERROR(INDEX('🔄 Game History'!$F$8:$F$67,SUMPRODUCT(('🔄 Game History'!$E$8:$E$67=$D20)*('🔄 Game History'!$G$8:$G$67=SUMPRODUCT(MAX(('🔄 Game History'!$E$8:$E$67=$D20)*'🔄 Game History'!$G$8:$G$67)))*(ROW('🔄 Game History'!$E$8:$E$67)-7))),""),"") | L20: =IF($C20="","",IF(COUNTA($J$8:$J$31)=COUNTA($C$8:$C$31),IFERROR(INDEX($D$8:$D$31,MATCH($C20,$J$8:$J$31,0)),""),"-"))
A21: 14 | B21: =IF($C21="","",1+SUMPRODUCT(--($M$8:$M$31>$M21))) | D21: =IF($C21="","",1+SUMPRODUCT(--($N$8:$N$31>$N21))) | G21: =IF($D21="","",COUNTIFS('🔄 Game History'!$E$8:$E$67,$D21,'🔄 Game History'!$D$8:$D$67,"Steal")) | H21: =IF($C21="","",MaxSteals) | I21: =IF($D21="","",IF($G21>=$H21,"🔒 Final",IF(COUNTIFS('🔄 Game History'!$E$8:$E$67,$D21)=0,"🎁 Available",IF(INDEX('🔄 Game History'!$D$8:$D$67,SUMPRODUCT(('🔄 Game History'!$E$8:$E$67=$D21)*('🔄 Game History'!$G$8:$G$67=SUMPRODUCT(MAX(('🔄 Game History'!$E$8:$E$67=$D21)*'🔄 Game History'!$G$8:$G$67)))*(ROW('🔄 Game History'!$E$8:$E$67)-7)))="Steal","🔄 Stolen","🤲 Held")))) | J21: =IF($D21="","",IF(COUNTIFS('🔄 Game History'!$E$8:$E$67,$D21)=0,"",INDEX('🔄 Game History'!$C$8:$C$67,SUMPRODUCT(('🔄 Game History'!$E$8:$E$67=$D21)*('🔄 Game History'!$G$8:$G$67=SUMPRODUCT(MAX(('🔄 Game History'!$E$8:$E$67=$D21)*'🔄 Game History'!$G$8:$G$67)))*(ROW('🔄 Game History'!$E$8:$E$67)-7))))) | K21: =IF($I21="🔄 Stolen",IFERROR(INDEX('🔄 Game History'!$F$8:$F$67,SUMPRODUCT(('🔄 Game History'!$E$8:$E$67=$D21)*('🔄 Game History'!$G$8:$G$67=SUMPRODUCT(MAX(('🔄 Game History'!$E$8:$E$67=$D21)*'🔄 Game History'!$G$8:$G$67)))*(ROW('🔄 Game History'!$E$8:$E$67)-7))),""),"") | L21: =IF($C21="","",IF(COUNTA($J$8:$J$31)=COUNTA($C$8:$C$31),IFERROR(INDEX($D$8:$D$31,MATCH($C21,$J$8:$J$31,0)),""),"-"))
A22: 15 | B22: =IF($C22="","",1+SUMPRODUCT(--($M$8:$M$31>$M22))) | D22: =IF($C22="","",1+SUMPRODUCT(--($N$8:$N$31>$N22))) | G22: =IF($D22="","",COUNTIFS('🔄 Game History'!$E$8:$E$67,$D22,'🔄 Game History'!$D$8:$D$67,"Steal")) | H22: =IF($C22="","",MaxSteals) | I22: =IF($D22="","",IF($G22>=$H22,"🔒 Final",IF(COUNTIFS('🔄 Game History'!$E$8:$E$67,$D22)=0,"🎁 Available",IF(INDEX('🔄 Game History'!$D$8:$D$67,SUMPRODUCT(('🔄 Game History'!$E$8:$E$67=$D22)*('🔄 Game History'!$G$8:$G$67=SUMPRODUCT(MAX(('🔄 Game History'!$E$8:$E$67=$D22)*'🔄 Game History'!$G$8:$G$67)))*(ROW('🔄 Game History'!$E$8:$E$67)-7)))="Steal","🔄 Stolen","🤲 Held")))) | J22: =IF($D22="","",IF(COUNTIFS('🔄 Game History'!$E$8:$E$67,$D22)=0,"",INDEX('🔄 Game History'!$C$8:$C$67,SUMPRODUCT(('🔄 Game History'!$E$8:$E$67=$D22)*('🔄 Game History'!$G$8:$G$67=SUMPRODUCT(MAX(('🔄 Game History'!$E$8:$E$67=$D22)*'🔄 Game History'!$G$8:$G$67)))*(ROW('🔄 Game History'!$E$8:$E$67)-7))))) | K22: =IF($I22="🔄 Stolen",IFERROR(INDEX('🔄 Game History'!$F$8:$F$67,SUMPRODUCT(('🔄 Game History'!$E$8:$E$67=$D22)*('🔄 Game History'!$G$8:$G$67=SUMPRODUCT(MAX(('🔄 Game History'!$E$8:$E$67=$D22)*'🔄 Game History'!$G$8:$G$67)))*(ROW('🔄 Game History'!$E$8:$E$67)-7))),""),"") | L22: =IF($C22="","",IF(COUNTA($J$8:$J$31)=COUNTA($C$8:$C$31),IFERROR(INDEX($D$8:$D$31,MATCH($C22,$J$8:$J$31,0)),""),"-"))
A23: 16 | B23: =IF($C23="","",1+SUMPRODUCT(--($M$8:$M$31>$M23))) | D23: =IF($C23="","",1+SUMPRODUCT(--($N$8:$N$31>$N23))) | G23: =IF($D23="","",COUNTIFS('🔄 Game History'!$E$8:$E$67,$D23,'🔄 Game History'!$D$8:$D$67,"Steal")) | H23: =IF($C23="","",MaxSteals) | I23: =IF($D23="","",IF($G23>=$H23,"🔒 Final",IF(COUNTIFS('🔄 Game History'!$E$8:$E$67,$D23)=0,"🎁 Available",IF(INDEX('🔄 Game History'!$D$8:$D$67,SUMPRODUCT(('🔄 Game History'!$E$8:$E$67=$D23)*('🔄 Game History'!$G$8:$G$67=SUMPRODUCT(MAX(('🔄 Game History'!$E$8:$E$67=$D23)*'🔄 Game History'!$G$8:$G$67)))*(ROW('🔄 Game History'!$E$8:$E$67)-7)))="Steal","🔄 Stolen","🤲 Held")))) | J23: =IF($D23="","",IF(COUNTIFS('🔄 Game History'!$E$8:$E$67,$D23)=0,"",INDEX('🔄 Game History'!$C$8:$C$67,SUMPRODUCT(('🔄 Game History'!$E$8:$E$67=$D23)*('🔄 Game History'!$G$8:$G$67=SUMPRODUCT(MAX(('🔄 Game History'!$E$8:$E$67=$D23)*'🔄 Game History'!$G$8:$G$67)))*(ROW('🔄 Game History'!$E$8:$E$67)-7))))) | K23: =IF($I23="🔄 Stolen",IFERROR(INDEX('🔄 Game History'!$F$8:$F$67,SUMPRODUCT(('🔄 Game History'!$E$8:$E$67=$D23)*('🔄 Game History'!$G$8:$G$67=SUMPRODUCT(MAX(('🔄 Game History'!$E$8:$E$67=$D23)*'🔄 Game History'!$G$8:$G$67)))*(ROW('🔄 Game History'!$E$8:$E$67)-7))),""),"") | L23: =IF($C23="","",IF(COUNTA($J$8:$J$31)=COUNTA($C$8:$C$31),IFERROR(INDEX($D$8:$D$31,MATCH($C23,$J$8:$J$31,0)),""),"-"))
A24: 17 | B24: =IF($C24="","",1+SUMPRODUCT(--($M$8:$M$31>$M24))) | D24: =IF($C24="","",1+SUMPRODUCT(--($N$8:$N$31>$N24))) | G24: =IF($D24="","",COUNTIFS('🔄 Game History'!$E$8:$E$67,$D24,'🔄 Game History'!$D$8:$D$67,"Steal")) | H24: =IF($C24="","",MaxSteals) | I24: =IF($D24="","",IF($G24>=$H24,"🔒 Final",IF(COUNTIFS('🔄 Game History'!$E$8:$E$67,$D24)=0,"🎁 Available",IF(INDEX('🔄 Game History'!$D$8:$D$67,SUMPRODUCT(('🔄 Game History'!$E$8:$E$67=$D24)*('🔄 Game History'!$G$8:$G$67=SUMPRODUCT(MAX(('🔄 Game History'!$E$8:$E$67=$D24)*'🔄 Game History'!$G$8:$G$67)))*(ROW('🔄 Game History'!$E$8:$E$67)-7)))="Steal","🔄 Stolen","🤲 Held")))) | J24: =IF($D24="","",IF(COUNTIFS('🔄 Game History'!$E$8:$E$67,$D24)=0,"",INDEX('🔄 Game History'!$C$8:$C$67,SUMPRODUCT(('🔄 Game History'!$E$8:$E$67=$D24)*('🔄 Game History'!$G$8:$G$67=SUMPRODUCT(MAX(('🔄 Game History'!$E$8:$E$67=$D24)*'🔄 Game History'!$G$8:$G$67)))*(ROW('🔄 Game History'!$E$8:$E$67)-7))))) | K24: =IF($I24="🔄 Stolen",IFERROR(INDEX('🔄 Game History'!$F$8:$F$67,SUMPRODUCT(('🔄 Game History'!$E$8:$E$67=$D24)*('🔄 Game History'!$G$8:$G$67=SUMPRODUCT(MAX(('🔄 Game History'!$E$8:$E$67=$D24)*'🔄 Game History'!$G$8:$G$67)))*(ROW('🔄 Game History'!$E$8:$E$67)-7))),""),"") | L24: =IF($C24="","",IF(COUNTA($J$8:$J$31)=COUNTA($C$8:$C$31),IFERROR(INDEX($D$8:$D$31,MATCH($C24,$J$8:$J$31,0)),""),"-"))
A25: 18 | B25: =IF($C25="","",1+SUMPRODUCT(--($M$8:$M$31>$M25))) | D25: =IF($C25="","",1+SUMPRODUCT(--($N$8:$N$31>$N25))) | G25: =IF($D25="","",COUNTIFS('🔄 Game History'!$E$8:$E$67,$D25,'🔄 Game History'!$D$8:$D$67,"Steal")) | H25: =IF($C25="","",MaxSteals) | I25: =IF($D25="","",IF($G25>=$H25,"🔒 Final",IF(COUNTIFS('🔄 Game History'!$E$8:$E$67,$D25)=0,"🎁 Available",IF(INDEX('🔄 Game History'!$D$8:$D$67,SUMPRODUCT(('🔄 Game History'!$E$8:$E$67=$D25)*('🔄 Game History'!$G$8:$G$67=SUMPRODUCT(MAX(('🔄 Game History'!$E$8:$E$67=$D25)*'🔄 Game History'!$G$8:$G$67)))*(ROW('🔄 Game History'!$E$8:$E$67)-7)))="Steal","🔄 Stolen","🤲 Held")))) | J25: =IF($D25="","",IF(COUNTIFS('🔄 Game History'!$E$8:$E$67,$D25)=0,"",INDEX('🔄 Game History'!$C$8:$C$67,SUMPRODUCT(('🔄 Game History'!$E$8:$E$67=$D25)*('🔄 Game History'!$G$8:$G$67=SUMPRODUCT(MAX(('🔄 Game History'!$E$8:$E$67=$D25)*'🔄 Game History'!$G$8:$G$67)))*(ROW('🔄 Game History'!$E$8:$E$67)-7))))) | K25: =IF($I25="🔄 Stolen",IFERROR(INDEX('🔄 Game History'!$F$8:$F$67,SUMPRODUCT(('🔄 Game History'!$E$8:$E$67=$D25)*('🔄 Game History'!$G$8:$G$67=SUMPRODUCT(MAX(('🔄 Game History'!$E$8:$E$67=$D25)*'🔄 Game History'!$G$8:$G$67)))*(ROW('🔄 Game History'!$E$8:$E$67)-7))),""),"") | L25: =IF($C25="","",IF(COUNTA($J$8:$J$31)=COUNTA($C$8:$C$31),IFERROR(INDEX($D$8:$D$31,MATCH($C25,$J$8:$J$31,0)),""),"-"))
A26: 19 | B26: =IF($C26="","",1+SUMPRODUCT(--($M$8:$M$31>$M26))) | D26: =IF($C26="","",1+SUMPRODUCT(--($N$8:$N$31>$N26))) | G26: =IF($D26="","",COUNTIFS('🔄 Game History'!$E$8:$E$67,$D26,'🔄 Game History'!$D$8:$D$67,"Steal")) | H26: =IF($C26="","",MaxSteals) | I26: =IF($D26="","",IF($G26>=$H26,"🔒 Final",IF(COUNTIFS('🔄 Game History'!$E$8:$E$67,$D26)=0,"🎁 Available",IF(INDEX('🔄 Game History'!$D$8:$D$67,SUMPRODUCT(('🔄 Game History'!$E$8:$E$67=$D26)*('🔄 Game History'!$G$8:$G$67=SUMPRODUCT(MAX(('🔄 Game History'!$E$8:$E$67=$D26)*'🔄 Game History'!$G$8:$G$67)))*(ROW('🔄 Game History'!$E$8:$E$67)-7)))="Steal","🔄 Stolen","🤲 Held")))) | J26: =IF($D26="","",IF(COUNTIFS('🔄 Game History'!$E$8:$E$67,$D26)=0,"",INDEX('🔄 Game History'!$C$8:$C$67,SUMPRODUCT(('🔄 Game History'!$E$8:$E$67=$D26)*('🔄 Game History'!$G$8:$G$67=SUMPRODUCT(MAX(('🔄 Game History'!$E$8:$E$67=$D26)*'🔄 Game History'!$G$8:$G$67)))*(ROW('🔄 Game History'!$E$8:$E$67)-7))))) | K26: =IF($I26="🔄 Stolen",IFERROR(INDEX('🔄 Game History'!$F$8:$F$67,SUMPRODUCT(('🔄 Game History'!$E$8:$E$67=$D26)*('🔄 Game History'!$G$8:$G$67=SUMPRODUCT(MAX(('🔄 Game History'!$E$8:$E$67=$D26)*'🔄 Game History'!$G$8:$G$67)))*(ROW('🔄 Game History'!$E$8:$E$67)-7))),""),"") | L26: =IF($C26="","",IF(COUNTA($J$8:$J$31)=COUNTA($C$8:$C$31),IFERROR(INDEX($D$8:$D$31,MATCH($C26,$J$8:$J$31,0)),""),"-"))
A27: 20 | B27: =IF($C27="","",1+SUMPRODUCT(--($M$8:$M$31>$M27))) | D27: =IF($C27="","",1+SUMPRODUCT(--($N$8:$N$31>$N27))) | G27: =IF($D27="","",COUNTIFS('🔄 Game History'!$E$8:$E$67,$D27,'🔄 Game History'!$D$8:$D$67,"Steal")) | H27: =IF($C27="","",MaxSteals) | I27: =IF($D27="","",IF($G27>=$H27,"🔒 Final",IF(COUNTIFS('🔄 Game History'!$E$8:$E$67,$D27)=0,"🎁 Available",IF(INDEX('🔄 Game History'!$D$8:$D$67,SUMPRODUCT(('🔄 Game History'!$E$8:$E$67=$D27)*('🔄 Game History'!$G$8:$G$67=SUMPRODUCT(MAX(('🔄 Game History'!$E$8:$E$67=$D27)*'🔄 Game History'!$G$8:$G$67)))*(ROW('🔄 Game History'!$E$8:$E$67)-7)))="Steal","🔄 Stolen","🤲 Held")))) | J27: =IF($D27="","",IF(COUNTIFS('🔄 Game History'!$E$8:$E$67,$D27)=0,"",INDEX('🔄 Game History'!$C$8:$C$67,SUMPRODUCT(('🔄 Game History'!$E$8:$E$67=$D27)*('🔄 Game History'!$G$8:$G$67=SUMPRODUCT(MAX(('🔄 Game History'!$E$8:$E$67=$D27)*'🔄 Game History'!$G$8:$G$67)))*(ROW('🔄 Game History'!$E$8:$E$67)-7))))) | K27: =IF($I27="🔄 Stolen",IFERROR(INDEX('🔄 Game History'!$F$8:$F$67,SUMPRODUCT(('🔄 Game History'!$E$8:$E$67=$D27)*('🔄 Game History'!$G$8:$G$67=SUMPRODUCT(MAX(('🔄 Game History'!$E$8:$E$67=$D27)*'🔄 Game History'!$G$8:$G$67)))*(ROW('🔄 Game History'!$E$8:$E$67)-7))),""),"") | L27: =IF($C27="","",IF(COUNTA($J$8:$J$31)=COUNTA($C$8:$C$31),IFERROR(INDEX($D$8:$D$31,MATCH($C27,$J$8:$J$31,0)),""),"-"))
A28: 21 | B28: =IF($C28="","",1+SUMPRODUCT(--($M$8:$M$31>$M28))) | D28: =IF($C28="","",1+SUMPRODUCT(--($N$8:$N$31>$N28))) | G28: =IF($D28="","",COUNTIFS('🔄 Game History'!$E$8:$E$67,$D28,'🔄 Game History'!$D$8:$D$67,"Steal")) | H28: =IF($C28="","",MaxSteals) | I28: =IF($D28="","",IF($G28>=$H28,"🔒 Final",IF(COUNTIFS('🔄 Game History'!$E$8:$E$67,$D28)=0,"🎁 Available",IF(INDEX('🔄 Game History'!$D$8:$D$67,SUMPRODUCT(('🔄 Game History'!$E$8:$E$67=$D28)*('🔄 Game History'!$G$8:$G$67=SUMPRODUCT(MAX(('🔄 Game History'!$E$8:$E$67=$D28)*'🔄 Game History'!$G$8:$G$67)))*(ROW('🔄 Game History'!$E$8:$E$67)-7)))="Steal","🔄 Stolen","🤲 Held")))) | J28: =IF($D28="","",IF(COUNTIFS('🔄 Game History'!$E$8:$E$67,$D28)=0,"",INDEX('🔄 Game History'!$C$8:$C$67,SUMPRODUCT(('🔄 Game History'!$E$8:$E$67=$D28)*('🔄 Game History'!$G$8:$G$67=SUMPRODUCT(MAX(('🔄 Game History'!$E$8:$E$67=$D28)*'🔄 Game History'!$G$8:$G$67)))*(ROW('🔄 Game History'!$E$8:$E$67)-7))))) | K28: =IF($I28="🔄 Stolen",IFERROR(INDEX('🔄 Game History'!$F$8:$F$67,SUMPRODUCT(('🔄 Game History'!$E$8:$E$67=$D28)*('🔄 Game History'!$G$8:$G$67=SUMPRODUCT(MAX(('🔄 Game History'!$E$8:$E$67=$D28)*'🔄 Game History'!$G$8:$G$67)))*(ROW('🔄 Game History'!$E$8:$E$67)-7))),""),"") | L28: =IF($C28="","",IF(COUNTA($J$8:$J$31)=COUNTA($C$8:$C$31),IFERROR(INDEX($D$8:$D$31,MATCH($C28,$J$8:$J$31,0)),""),"-"))
A29: 22 | B29: =IF($C29="","",1+SUMPRODUCT(--($M$8:$M$31>$M29))) | D29: =IF($C29="","",1+SUMPRODUCT(--($N$8:$N$31>$N29))) | G29: =IF($D29="","",COUNTIFS('🔄 Game History'!$E$8:$E$67,$D29,'🔄 Game History'!$D$8:$D$67,"Steal")) | H29: =IF($C29="","",MaxSteals) | I29: =IF($D29="","",IF($G29>=$H29,"🔒 Final",IF(COUNTIFS('🔄 Game History'!$E$8:$E$67,$D29)=0,"🎁 Available",IF(INDEX('🔄 Game History'!$D$8:$D$67,SUMPRODUCT(('🔄 Game History'!$E$8:$E$67=$D29)*('🔄 Game History'!$G$8:$G$67=SUMPRODUCT(MAX(('🔄 Game History'!$E$8:$E$67=$D29)*'🔄 Game History'!$G$8:$G$67)))*(ROW('🔄 Game History'!$E$8:$E$67)-7)))="Steal","🔄 Stolen","🤲 Held")))) | J29: =IF($D29="","",IF(COUNTIFS('🔄 Game History'!$E$8:$E$67,$D29)=0,"",INDEX('🔄 Game History'!$C$8:$C$67,SUMPRODUCT(('🔄 Game History'!$E$8:$E$67=$D29)*('🔄 Game History'!$G$8:$G$67=SUMPRODUCT(MAX(('🔄 Game History'!$E$8:$E$67=$D29)*'🔄 Game History'!$G$8:$G$67)))*(ROW('🔄 Game History'!$E$8:$E$67)-7))))) | K29: =IF($I29="🔄 Stolen",IFERROR(INDEX('🔄 Game History'!$F$8:$F$67,SUMPRODUCT(('🔄 Game History'!$E$8:$E$67=$D29)*('🔄 Game History'!$G$8:$G$67=SUMPRODUCT(MAX(('🔄 Game History'!$E$8:$E$67=$D29)*'🔄 Game History'!$G$8:$G$67)))*(ROW('🔄 Game History'!$E$8:$E$67)-7))),""),"") | L29: =IF($C29="","",IF(COUNTA($J$8:$J$31)=COUNTA($C$8:$C$31),IFERROR(INDEX($D$8:$D$31,MATCH($C29,$J$8:$J$31,0)),""),"-"))
... A31: 24 | B31: =IF($C31="","",1+SUMPRODUCT(--($M$8:$M$31>$M31))) | D31: =IF($C31="","",1+SUMPRODUCT(--($N$8:$N$31>$N31))) | G31: =IF($D31="","",COUNTIFS('🔄 Game History'!$E$8:$E$67,$D31,'🔄 Game History'!$D$8:$D$67,"Steal")) | H31: =IF($C31="","",MaxSteals) | I31: =IF($D31="","",IF($G31>=$H31,"🔒 Final",IF(COUNTIFS('🔄 Game History'!$E$8:$E$67,$D31)=0,"🎁 Available",IF(INDEX('🔄 Game History'!$D$8:$D$67,SUMPRODUCT(('🔄 Game History'!$E$8:$E$67=$D31)*('🔄 Game History'!$G$8:$G$67=SUMPRODUCT(MAX(('🔄 Game History'!$E$8:$E$67=$D31)*'🔄 Game History'!$G$8:$G$67)))*(ROW('🔄 Game History'!$E$8:$E$67)-7)))="Steal","🔄 Stolen","🤲 Held")))) | J31: =IF($D31="","",IF(COUNTIFS('🔄 Game History'!$E$8:$E$67,$D31)=0,"",INDEX('🔄 Game History'!$C$8:$C$67,SUMPRODUCT(('🔄 Game History'!$E$8:$E$67=$D31)*('🔄 Game History'!$G$8:$G$67=SUMPRODUCT(MAX(('🔄 Game History'!$E$8:$E$67=$D31)*'🔄 Game History'!$G$8:$G$67)))*(ROW('🔄 Game History'!$E$8:$E$67)-7))))) | K31: =IF($I31="🔄 Stolen",IFERROR(INDEX('🔄 Game History'!$F$8:$F$67,SUMPRODUCT(('🔄 Game History'!$E$8:$E$67=$D31)*('🔄 Game History'!$G$8:$G$67=SUMPRODUCT(MAX(('🔄 Game History'!$E$8:$E$67=$D31)*'🔄 Game History'!$G$8:$G$67)))*(ROW('🔄 Game History'!$E$8:$E$67)-7))),""),"") | L31: =IF($C31="","",IF(COUNTA($J$8:$J$31)=COUNTA($C$8:$C$31),IFERROR(INDEX($D$8:$D$31,MATCH($C31,$J$8:$J$31,0)),""),"-"))
B33: 💡 House rule: one turn per seat per round; if your gift was stolen, pick again on your next round turn. A gift locks at max steals.
B35: Settings | D35: Dashboard | F35: People | H35: Draw | J35: Rules
B36: Budget | D36: Wishlists | F36: ▶ White Elephant | H36: History | J36: Cards
B37: Start Here

Sheet 🔄 Game History
B2: 🔄 Game History
B3: Log every Pick, Steal and Pass in order - the White Elephant tab reads this log live. | D3: 🏠 Dashboard
B5: ="🔄 Turns logged: "&COUNT($B$8:$B$67) -> Turns logged: 14 | F5: ="🤲 Steals: "&COUNTIF($D$8:$D$67,"Steal") -> Steals: 4 | J5: ="🎁 Picks: "&COUNTIF($D$8:$D$67,"Pick") -> Picks: 8 | M5: ="⏭️ Passes: "&COUNTIF($D$8:$D$67,"Pass") -> Passes: 2
A7: # | B7: Turn | C7: Player | D7: Action | E7: Gift # | F7: Stolen from
A8: 1 | B8: 1 | C8: Farid Khan | D8: Pick | E8: 4 | G8: =IF($B8="",0,$B8) -> 1
A9: 2 | B9: 2 | C9: Elena Petrov | D9: Pick | E9: 7 | G9: =IF($B9="",0,$B9) -> 2
A10: 3 | B10: 3 | C10: Dan Novak | D10: Steal | E10: 4 | F10: Farid Khan | G10: =IF($B10="",0,$B10) -> 3
A11: 4 | B11: 4 | C11: Kia Osei | D11: Pick | E11: 2 | G11: =IF($B11="",0,$B11) -> 4
A12: 5 | B12: 5 | C12: Chloe Diaz | D12: Steal | E12: 4 | F12: Dan Novak | G12: =IF($B12="",0,$B12) -> 5
A13: 6 | B13: 6 | C13: Jack Byrne | D13: Pick | E13: 9 | G13: =IF($B13="",0,$B13) -> 6
A14: 7 | B14: 7 | C14: Ben Carter | D14: Steal | E14: 9 | F14: Jack Byrne | G14: =IF($B14="",0,$B14) -> 7
A15: 8 | B15: 8 | C15: Hugo Silva | D15: Pick | E15: 1 | G15: =IF($B15="",0,$B15) -> 8
A16: 9 | B16: 9 | C16: Ava Novak | D16: Steal | E16: 1 | F16: Hugo Silva | G16: =IF($B16="",0,$B16) -> 9
A17: 10 | B17: 10 | C17: Grace Liu | D17: Pick | E17: 6 | G17: =IF($B17="",0,$B17) -> 10
A18: 11 | B18: 11 | C18: Farid Khan | D18: Pick | E18: 3 | G18: =IF($B18="",0,$B18) -> 11
A19: 12 | B19: 12 | C19: Elena Petrov | D19: Pass | E19: 7 | G19: =IF($B19="",0,$B19) -> 12
A20: 13 | B20: 13 | C20: Dan Novak | D20: Pick | E20: 5 | G20: =IF($B20="",0,$B20) -> 13
A21: 14 | B21: 14 | C21: Kia Osei | D21: Pass | E21: 2 | G21: =IF($B21="",0,$B21) -> 14
A22: 15 | G22: =IF($B22="",0,$B22) -> 0
A23: 16 | G23: =IF($B23="",0,$B23) -> 0
A24: 17 | G24: =IF($B24="",0,$B24) -> 0
A25: 18 | G25: =IF($B25="",0,$B25) -> 0
A26: 19 | G26: =IF($B26="",0,$B26) -> 0
A27: 20 | G27: =IF($B27="",0,$B27) -> 0
A28: 21 | G28: =IF($B28="",0,$B28) -> 0
A29: 22 | G29: =IF($B29="",0,$B29) -> 0
A30: 23 | G30: =IF($B30="",0,$B30) -> 0
A31: 24 | G31: =IF($B31="",0,$B31) -> 0
A32: 25 | G32: =IF($B32="",0,$B32) -> 0
A33: 26 | G33: =IF($B33="",0,$B33) -> 0
... A67: 60 | G67: =IF($B67="",0,$B67) -> 0
B70: 📖 LOGGING THE GAME
B71: Turn numbers run 1, 2, 3… in seat order each round; extra rounds continue the count. On a Steal row, always say who the gift was stolen from - the “last stolen from” column on the game tab reads it. A gift reaches 🔒 Final automatically once its steal count hits the max set on ⚙️ Settings.
B75: 💡 Cream cells are yours to type in; white cells calculate. Dropdowns keep every column honest.
B77: Settings | D77: Dashboard
B78: People | D78: Draw
B79: Rules | D79: Budget
B80: Wishlists | D80: White Elephant
B81: ▶ History | D81: Cards
B82: Start Here

Sheet 🎟️ Santa Cards
B8: 🎅 SECRET SANTA CARD • 1 | G8: 🎅 SECRET SANTA CARD • 2
B9: =IFERROR(INDEX('👥 Participants'!$B$8:$B$31,1),"") -> Ava Novak | G9: =IFERROR(INDEX('👥 Participants'!$B$8:$B$31,2),"") -> Ben Carter
B10: you are secretly drawing… | G10: you are secretly drawing…
B11: =IFERROR(INDEX('🎅 Secret Santa Draw'!$E$8:$E$31,1),"") -> Farid Khan | G11: =IFERROR(INDEX('🎅 Secret Santa Draw'!$E$8:$E$31,2),"") -> Grace Liu
B12: =IF(COUNTA('👥 Participants'!$B$8:$B$31)=0,"","budget "&Currency&TEXT(BudgetMin,"#,##0")&"–"&Currency&TEXT(BudgetMax,"#,##0")&" • bring it by "&TEXT(PartyDate,"dd mmm")) -> budget $20–$35 • bring it by 19 Dec | G12: =IF(COUNTA('👥 Participants'!$B$8:$B$31)=0,"","budget "&Currency&TEXT(BudgetMin,"#,##0")&"–"&Currency&TEXT(BudgetMax,"#,##0")&" • bring it by "&TEXT(PartyDate,"dd mmm")) -> budget $20–$35 • bring it by 19 Dec
B13: =IF(COUNTA('👥 Participants'!$B$8:$B$31)=0,"",PartyName&" • "&PartyLocation) -> Novality Store Holiday Party • Novality Loft, 12 Market Street | G13: =IF(COUNTA('👥 Participants'!$B$8:$B$31)=0,"",PartyName&" • "&PartyLocation) -> Novality Store Holiday Party • Novality Loft, 12 Market Street
B16: 🎅 SECRET SANTA CARD • 3 | G16: 🎅 SECRET SANTA CARD • 4
B17: =IFERROR(INDEX('👥 Participants'!$B$8:$B$31,3),"") -> Chloe Diaz | G17: =IFERROR(INDEX('👥 Participants'!$B$8:$B$31,4),"") -> Dan Novak
B18: you are secretly drawing… | G18: you are secretly drawing…
B19: =IFERROR(INDEX('🎅 Secret Santa Draw'!$E$8:$E$31,3),"") -> Hugo Silva | G19: =IFERROR(INDEX('🎅 Secret Santa Draw'!$E$8:$E$31,4),"") -> Isla Moore
B20: =IF(COUNTA('👥 Participants'!$B$8:$B$31)=0,"","budget "&Currency&TEXT(BudgetMin,"#,##0")&"–"&Currency&TEXT(BudgetMax,"#,##0")&" • bring it by "&TEXT(PartyDate,"dd mmm")) -> budget $20–$35 • bring it by 19 Dec | G20: =IF(COUNTA('👥 Participants'!$B$8:$B$31)=0,"","budget "&Currency&TEXT(BudgetMin,"#,##0")&"–"&Currency&TEXT(BudgetMax,"#,##0")&" • bring it by "&TEXT(PartyDate,"dd mmm")) -> budget $20–$35 • bring it by 19 Dec
B21: =IF(COUNTA('👥 Participants'!$B$8:$B$31)=0,"",PartyName&" • "&PartyLocation) -> Novality Store Holiday Party • Novality Loft, 12 Market Street | G21: =IF(COUNTA('👥 Participants'!$B$8:$B$31)=0,"",PartyName&" • "&PartyLocation) -> Novality Store Holiday Party • Novality Loft, 12 Market Street
B24: 🎅 SECRET SANTA CARD • 5 | G24: 🎅 SECRET SANTA CARD • 6
B25: =IFERROR(INDEX('👥 Participants'!$B$8:$B$31,5),"") -> Elena Petrov | G25: =IFERROR(INDEX('👥 Participants'!$B$8:$B$31,6),"") -> Farid Khan
B26: you are secretly drawing… | G26: you are secretly drawing…
B27: =IFERROR(INDEX('🎅 Secret Santa Draw'!$E$8:$E$31,5),"") -> Jack Byrne | G27: =IFERROR(INDEX('🎅 Secret Santa Draw'!$E$8:$E$31,6),"") -> Kia Osei
B28: =IF(COUNTA('👥 Participants'!$B$8:$B$31)=0,"","budget "&Currency&TEXT(BudgetMin,"#,##0")&"–"&Currency&TEXT(BudgetMax,"#,##0")&" • bring it by "&TEXT(PartyDate,"dd mmm")) -> budget $20–$35 • bring it by 19 Dec | G28: =IF(COUNTA('👥 Participants'!$B$8:$B$31)=0,"","budget "&Currency&TEXT(BudgetMin,"#,##0")&"–"&Currency&TEXT(BudgetMax,"#,##0")&" • bring it by "&TEXT(PartyDate,"dd mmm")) -> budget $20–$35 • bring it by 19 Dec
B29: =IF(COUNTA('👥 Participants'!$B$8:$B$31)=0,"",PartyName&" • "&PartyLocation) -> Novality Store Holiday Party • Novality Loft, 12 Market Street | G29: =IF(COUNTA('👥 Participants'!$B$8:$B$31)=0,"",PartyName&" • "&PartyLocation) -> Novality Store Holiday Party • Novality Loft, 12 Market Street
B32: 🎅 SECRET SANTA CARD • 7 | G32: 🎅 SECRET SANTA CARD • 8
B33: =IFERROR(INDEX('👥 Participants'!$B$8:$B$31,7),"") -> Grace Liu | G33: =IFERROR(INDEX('👥 Participants'!$B$8:$B$31,8),"") -> Hugo Silva
B34: you are secretly drawing… | G34: you are secretly drawing…
B35: =IFERROR(INDEX('🎅 Secret Santa Draw'!$E$8:$E$31,7),"") -> Leo Fontaine | G35: =IFERROR(INDEX('🎅 Secret Santa Draw'!$E$8:$E$31,8),"") -> Ava Novak
B36: =IF(COUNTA('👥 Participants'!$B$8:$B$31)=0,"","budget "&Currency&TEXT(BudgetMin,"#,##0")&"–"&Currency&TEXT(BudgetMax,"#,##0")&" • bring it by "&TEXT(PartyDate,"dd mmm")) -> budget $20–$35 • bring it by 19 Dec | G36: =IF(COUNTA('👥 Participants'!$B$8:$B$31)=0,"","budget "&Currency&TEXT(BudgetMin,"#,##0")&"–"&Currency&TEXT(BudgetMax,"#,##0")&" • bring it by "&TEXT(PartyDate,"dd mmm")) -> budget $20–$35 • bring it by 19 Dec
B37: =IF(COUNTA('👥 Participants'!$B$8:$B$31)=0,"",PartyName&" • "&PartyLocation) -> Novality Store Holiday Party • Novality Loft, 12 Market Street | G37: =IF(COUNTA('👥 Participants'!$B$8:$B$31)=0,"",PartyName&" • "&PartyLocation) -> Novality Store Holiday Party • Novality Loft, 12 Market Street
B42: ✂️ Print landscape, cut along the borders, fold once - secret inside.
B44: Settings | D44: Dashboard | F44: People | H44: Draw
B45: Rules | D45: Budget | F45: Wishlists | H45: White Elephant
B46: History | D46: ▶ Cards | F46: Start Here

Sheet 📖 Start Here
C5: 📖 START HERE
C6: your 5-minute tour of the Secret Santa & White Elephant Party Tracker
H12: 🏠 Back to Dashboard
B14: 🚀 QUICK START — FIVE STEPS TO LIVE
B15: 1 | C15: Open ⚙️ Settings & Instructions | E15: Type the party name, date, location, host, currency, gift budget min/max, max steals and the two seeds. Every tab reads these.
B17: 2 | C17: List your guests on 👥 Participants | E17: Names plus team, household/couple, RSVP, dietary needs and who they drew last year - the exclusion engine feeds off this.
B19: 3 | C19: Draw on 🎅 Secret Santa Draw | E19: The draw is a closed cycle: nobody can ever pick themselves. Change the seed to shuffle, override any pair by hand, then lock the draw with the status dropdown.
B21: 4 | C21: Arm your rules on 🚫 Exclusions & Rules | E21: Couples, same-team and last-year repeats toggle on/off; custom no-pairs go in the table. The draw flags every breach live.
B23: 5 | C23: Run the party | E23: 💰 Budget Tracker watches every spend, 🎁 Wishlists keeps ideas claimable, and 🎲 White Elephant plus 🔄 Game History run the steal-fest turn by turn.
B26: 🗺️ THE TAB TOUR
B27: Premium edition: every tab below. Basic edition: the tabs marked ● only.
C28: ● 🏠 Dashboard | E28: Participants, spend, readiness, game state, alerts and three live charts.
C29: ● 👥 Participants | E29: Guest list with RSVP, team, household, dietary needs and gift status.
C30: ● 🎅 Secret Santa Draw | E30: Auto draw, overrides, rules check and the private recipient lookup.
C31: ● 💰 Budget Tracker | E31: Min/max rules, actual spend, under/over flags and receipt tracking.
C32: ● 🎲 White Elephant | E32: Seats, gift numbers, steal counts, locks, holders and final gifts.
C33: ● 📖 Start Here | E33: This page.
C34: ○ 🚫 Exclusions & Rules | E34: House-rule toggles and custom no-pair list.
C35: ○ 🎁 Wishlists | E35: Per-guest ideas with priorities and anonymous claiming.
C36: ○ 🔄 Game History | E36: The turn log: every Pick, Steal and Pass in order.
C37: ○ 🎟️ Santa Cards | E37: Printable cut-out cards so each guest learns their recipient privately.
B39: 💡 TEN TIPS FROM WORKING CATERERS
B40: 1 | C40: Set the gift budget min AND max - too-cheap gifts hurt feelings just as much as too-pricey ones.
B42: 2 | C42: Collect wishlists before the draw; three wishes each is plenty.
B44: 3 | C44: Households in the same couple get the same Household value - the couple rule then keeps them apart automatically.
B46: 4 | C46: Fill in “gave to last year” and arm the repeat rule: two years running the same pair feels lazy.
B48: 5 | C48: Print the Santa Cards, fold them, and let guests pick a card at random at the door - zero spoilers.
B50: 6 | C50: White Elephant: cap steals at 2. Three or more and the game stalls; one and nobody gets naughty.
B52: 7 | C52: Log steals on Game History as they happen (phone in Sheets) and the board stays honest without a whiteboard.
B54: 8 | C54: The private lookup shows one recipient at a time - perfect for passing the laptop round without spoilers.
B56: 9 | C56: Formula cells are protected with the password “premium”; unlock only when you need to change a seed.
B58: 10 | C58: Reuse the file every year: bump the party year and date, clear the logs, keep your lists.
B61: 🔒 THE GENTLE RULES
B62: • Cream-filled cells are yours to type in. White cells are formulas — leave them alone and they will keep working for you.
B64: • Sheets are protected to stop accidental edits. Review → Unprotect Sheet (no password) if you ever need to restructure something.
B66: • Add rows by copying an existing data row and inserting below it — the formulas, dropdowns and colours travel with the copy.
B68: • This file opens in Excel 2016+ and in Google Sheets (upload to Drive → open with Sheets). A few chart styles look slightly different in Sheets; every number still calculates.
B70: • The EXAMPLE edition is loaded with a fictional office party so you can see it working. The blank edition is the one you keep.
B73: 🤝 SUPPORT & GOOD WISHES
B74: Thank you for buying this template — it was built by Novality Store, people who have hosted one too many white-elephant stampedes and know what a spreadsheet owes you in December. Message the shop any time and a human will help quickly.
B77: 💬 Questions about this file? Your Etsy shop message reaches a human, usually the same day.
B79: Settings | D79: Dashboard | F79: People | H79: Draw
B80: Rules | D80: Budget | F80: Wishlists | H80: White Elephant
B81: History | D81: Cards | F81: ▶ Start Here
